2026-07-13 10:24:31.048 [main] INFO  [c.e.e.g.GymCrmApiApplicationTests] Starting GymCrmApiApplicationTests using Java 21.0.11 with PID 29526 (started by aliothosa in /home/aliothosa/IdeaProjects/GYM-CRM/gym-crm-api)
2026-07-13 10:24:31.049 [main] INFO  [c.e.e.g.GymCrmApiApplicationTests] The following 1 profile is active: "test"
2026-07-13 10:24:31.945 [main] INFO  [o.s.d.r.c.RepositoryConfigurationDelegate] Bootstrapping Spring Data JPA repositories in DEFAULT mode.
2026-07-13 10:24:32.028 [main] INFO  [o.s.d.r.c.RepositoryConfigurationDelegate] Finished Spring Data repository scanning in 71 ms. Found 5 JPA repository interfaces.
2026-07-13 10:24:32.632 [main] INFO  [org.hibernate.orm.jpa] HHH008540: Processing PersistenceUnitInfo [name: default]
2026-07-13 10:24:32.745 [main] INFO  [org.hibernate.orm.core] HHH000001: Hibernate ORM core version 7.2.12.Final
2026-07-13 10:24:33.555 [main] INFO  [o.s.o.j.p.SpringPersistenceUnitInfo] No LoadTimeWeaver setup: ignoring JPA class transformer
2026-07-13 10:24:33.611 [main] INFO  [com.zaxxer.hikari.HikariDataSource] HikariPool-1 - Starting...
2026-07-13 10:24:33.963 [main] INFO  [com.zaxxer.hikari.pool.HikariPool] HikariPool-1 - Added connection conn0: url=jdbc:h2:mem:gymcrm-test user=SA
2026-07-13 10:24:33.965 [main] INFO  [com.zaxxer.hikari.HikariDataSource] HikariPool-1 - Start completed.
2026-07-13 10:24:34.010 [main] WARN  [org.hibernate.orm.deprecation] HHH90000025: H2Dialect does not need to be specified explicitly using 'hibernate.dialect' (remove the property setting and it will be selected by default)
2026-07-13 10:24:34.041 [main] INFO  [o.hibernate.orm.connections.pooling] HHH10001005: Database info:
	Database JDBC URL [jdbc:h2:mem:gymcrm-test]
	Database driver: H2 JDBC Driver
	Database dialect: H2Dialect
	Database version: 2.4.240
	Default catalog/schema: GYMCRM-TEST/PUBLIC
	Autocommit mode: undefined/unknown
	Isolation level: READ_COMMITTED [default READ_COMMITTED]
	JDBC fetch size: 100
	Pool: DataSourceConnectionProvider
	Minimum pool size: undefined/unknown
	Maximum pool size: undefined/unknown
2026-07-13 10:24:35.349 [main] INFO  [org.hibernate.orm.core] HHH000489: No JTA platform available (set 'hibernate.transaction.jta.platform' to enable JTA platform integration)
2026-07-13 10:24:35.449 [main] INFO  [o.s.o.j.LocalContainerEntityManagerFactoryBean] Initialized JPA EntityManagerFactory for persistence unit 'default'
2026-07-13 10:24:35.556 [main] INFO  [o.s.d.j.r.q.QueryEnhancerFactories] Hibernate is in classpath; If applicable, HQL parser will be used.
2026-07-13 10:24:37.472 [main] WARN  [o.s.b.j.a.JpaBaseConfiguration$JpaWebConfiguration] spring.jpa.open-in-view is enabled by default. Therefore, database queries may be performed during view rendering. Explicitly configure spring.jpa.open-in-view to disable this warning
2026-07-13 10:24:37.612 [main] WARN  [o.s.w.c.s.GenericWebApplicationContext] Exception encountered during context initialization - cancelling refresh attempt: org.springframework.beans.factory.BeanCreationException: Error creating bean with name 'requestMappingHandlerMapping' defined in class path resource [org/springframework/boot/webmvc/autoconfigure/WebMvcAutoConfiguration$EnableWebMvcConfiguration.class]: Invalid mapping on handler class [com.elioth.epam.gymcrm.controller.AuthenticationController]: public org.springframework.http.ResponseEntity com.elioth.epam.gymcrm.controller.AuthenticationController.login(java.lang.String,java.lang.String,jakarta.servlet.http.HttpSession)
2026-07-13 10:24:37.613 [main] INFO  [o.s.o.j.LocalContainerEntityManagerFactoryBean] Closing JPA EntityManagerFactory for persistence unit 'default'
2026-07-13 10:24:37.622 [main] INFO  [com.zaxxer.hikari.HikariDataSource] HikariPool-1 - Shutdown initiated...
2026-07-13 10:24:37.624 [main] INFO  [com.zaxxer.hikari.HikariDataSource] HikariPool-1 - Shutdown completed.
2026-07-13 10:24:37.635 [main] INFO  [o.s.b.a.l.ConditionEvaluationReportLogger] 

Error starting ApplicationContext. To display the condition evaluation report re-run your application with 'debug' enabled.
2026-07-13 10:24:37.651 [main] ERROR [o.s.boot.SpringApplication] Application run failed
org.springframework.beans.factory.BeanCreationException: Error creating bean with name 'requestMappingHandlerMapping' defined in class path resource [org/springframework/boot/webmvc/autoconfigure/WebMvcAutoConfiguration$EnableWebMvcConfiguration.class]: Invalid mapping on handler class [com.elioth.epam.gymcrm.controller.AuthenticationController]: public org.springframework.http.ResponseEntity com.elioth.epam.gymcrm.controller.AuthenticationController.login(java.lang.String,java.lang.String,jakarta.servlet.http.HttpSession)
	at org.springframework.beans.factory.support.AbstractAutowireCapableBeanFactory.initializeBean(AbstractAutowireCapableBeanFactory.java:1817)
	at org.springframework.beans.factory.support.AbstractAutowireCapableBeanFactory.doCreateBean(AbstractAutowireCapableBeanFactory.java:603)
	at org.springframework.beans.factory.support.AbstractAutowireCapableBeanFactory.createBean(AbstractAutowireCapableBeanFactory.java:525)
	at org.springframework.beans.factory.support.AbstractBeanFactory.lambda$doGetBean$0(AbstractBeanFactory.java:333)
	at org.springframework.beans.factory.support.DefaultSingletonBeanRegistry.getSingleton(DefaultSingletonBeanRegistry.java:371)
	at org.springframework.beans.factory.support.AbstractBeanFactory.doGetBean(AbstractBeanFactory.java:331)
	at org.springframework.beans.factory.support.AbstractBeanFactory.getBean(AbstractBeanFactory.java:196)
	at org.springframework.beans.factory.support.DefaultListableBeanFactory.instantiateSingleton(DefaultListableBeanFactory.java:1218)
	at org.springframework.beans.factory.support.DefaultListableBeanFactory.preInstantiateSingleton(DefaultListableBeanFactory.java:1184)
	at org.springframework.beans.factory.support.DefaultListableBeanFactory.preInstantiateSingletons(DefaultListableBeanFactory.java:1121)
	at org.springframework.context.support.AbstractApplicationContext.finishBeanFactoryInitialization(AbstractApplicationContext.java:994)
	at org.springframework.context.support.AbstractApplicationContext.refresh(AbstractApplicationContext.java:621)
	at org.springframework.boot.SpringApplication.refresh(SpringApplication.java:756)
	at org.springframework.boot.SpringApplication.refreshContext(SpringApplication.java:445)
	at org.springframework.boot.SpringApplication.run(SpringApplication.java:321)
	at org.springframework.boot.test.context.SpringBootContextLoader.lambda$loadContext$2(SpringBootContextLoader.java:155)
	at org.springframework.util.function.ThrowingSupplier.get(ThrowingSupplier.java:58)
	at org.springframework.util.function.ThrowingSupplier.get(ThrowingSupplier.java:46)
	at org.springframework.boot.SpringApplication.withHook(SpringApplication.java:1465)
	at org.springframework.boot.test.context.SpringBootContextLoader$ContextLoaderHook.run(SpringBootContextLoader.java:600)
	at org.springframework.boot.test.context.SpringBootContextLoader.loadContext(SpringBootContextLoader.java:155)
	at org.springframework.boot.test.context.SpringBootContextLoader.loadContext(SpringBootContextLoader.java:114)
	at org.springframework.test.context.cache.DefaultCacheAwareContextLoaderDelegate.loadContextInternal(DefaultCacheAwareContextLoaderDelegate.java:247)
	at org.springframework.test.context.cache.DefaultCacheAwareContextLoaderDelegate.lambda$loadContext$0(DefaultCacheAwareContextLoaderDelegate.java:167)
	at org.springframework.test.context.cache.DefaultContextCache.put(DefaultContextCache.java:214)
	at org.springframework.test.context.cache.DefaultCacheAwareContextLoaderDelegate.loadContext(DefaultCacheAwareContextLoaderDelegate.java:160)
	at org.springframework.test.context.support.DefaultTestContext.getApplicationContext(DefaultTestContext.java:128)
	at org.springframework.test.context.web.ServletTestExecutionListener.setUpRequestContextIfNecessary(ServletTestExecutionListener.java:200)
	at org.springframework.test.context.web.ServletTestExecutionListener.prepareTestInstance(ServletTestExecutionListener.java:139)
	at org.springframework.test.context.TestContextManager.prepareTestInstance(TestContextManager.java:260)
	at org.springframework.test.context.junit.jupiter.SpringExtension.postProcessTestInstance(SpringExtension.java:242)
	at org.junit.jupiter.engine.descriptor.ClassBasedTestDescriptor.lambda$invokeTestInstancePostProcessors$1(ClassBasedTestDescriptor.java:423)
	at org.junit.jupiter.engine.descriptor.ClassBasedTestDescriptor.executeAndMaskThrowable(ClassBasedTestDescriptor.java:428)
	at org.junit.jupiter.engine.descriptor.ClassBasedTestDescriptor.lambda$invokeTestInstancePostProcessors$0(ClassBasedTestDescriptor.java:422)
	at java.base/java.util.stream.ForEachOps$ForEachOp$OfRef.accept(ForEachOps.java:184)
	at java.base/java.util.stream.ReferencePipeline$3$1.accept(ReferencePipeline.java:197)
	at java.base/java.util.stream.ReferencePipeline$2$1.accept(ReferencePipeline.java:179)
	at java.base/java.util.stream.ReferencePipeline$3$1.accept(ReferencePipeline.java:197)
	at java.base/java.util.ArrayList$ArrayListSpliterator.forEachRemaining(ArrayList.java:1708)
	at java.base/java.util.stream.AbstractPipeline.copyInto(AbstractPipeline.java:509)
	at java.base/java.util.stream.AbstractPipeline.wrapAndCopyInto(AbstractPipeline.java:499)
	at java.base/java.util.stream.ForEachOps$ForEachOp.evaluateSequential(ForEachOps.java:151)
	at java.base/java.util.stream.ForEachOps$ForEachOp$OfRef.evaluateSequential(ForEachOps.java:174)
	at java.base/java.util.stream.AbstractPipeline.evaluate(AbstractPipeline.java:234)
	at java.base/java.util.stream.ReferencePipeline.forEach(ReferencePipeline.java:596)
	at org.junit.jupiter.engine.descriptor.ClassBasedTestDescriptor.invokeTestInstancePostProcessors(ClassBasedTestDescriptor.java:422)
	at org.junit.jupiter.engine.descriptor.ClassBasedTestDescriptor.lambda$instantiateAndPostProcessTestInstance$0(ClassBasedTestDescriptor.java:334)
	at org.junit.platform.engine.support.hierarchical.ThrowableCollector.execute(ThrowableCollector.java:74)
	at org.junit.jupiter.engine.descriptor.ClassBasedTestDescriptor.instantiateAndPostProcessTestInstance(ClassBasedTestDescriptor.java:333)
	at org.junit.jupiter.engine.descriptor.ClassBasedTestDescriptor.lambda$testInstancesProvider$1(ClassBasedTestDescriptor.java:322)
	at java.base/java.util.Optional.orElseGet(Optional.java:364)
	at org.junit.jupiter.engine.descriptor.ClassBasedTestDescriptor.lambda$testInstancesProvider$0(ClassBasedTestDescriptor.java:321)
	at org.junit.jupiter.engine.execution.TestInstancesProvider.getTestInstances(TestInstancesProvider.java:27)
	at org.junit.jupiter.engine.descriptor.TestMethodTestDescriptor.lambda$prepare$0(TestMethodTestDescriptor.java:127)
	at org.junit.platform.engine.support.hierarchical.ThrowableCollector.execute(ThrowableCollector.java:74)
	at org.junit.jupiter.engine.descriptor.TestMethodTestDescriptor.prepare(TestMethodTestDescriptor.java:126)
	at org.junit.jupiter.engine.descriptor.TestMethodTestDescriptor.prepare(TestMethodTestDescriptor.java:70)
	at org.junit.platform.engine.support.hierarchical.NodeTestTask.lambda$prepare$0(NodeTestTask.java:144)
	at org.junit.platform.engine.support.hierarchical.ThrowableCollector.execute(ThrowableCollector.java:74)
	at org.junit.platform.engine.support.hierarchical.NodeTestTask.prepare(NodeTestTask.java:144)
	at org.junit.platform.engine.support.hierarchical.NodeTestTask.execute(NodeTestTask.java:110)
	at java.base/java.util.ArrayList.forEach(ArrayList.java:1596)
	at org.junit.platform.engine.support.hierarchical.SameThreadHierarchicalTestExecutorService.invokeAll(SameThreadHierarchicalTestExecutorService.java:42)
	at org.junit.platform.engine.support.hierarchical.NodeTestTask.lambda$executeRecursively$2(NodeTestTask.java:180)
	at org.junit.platform.engine.support.hierarchical.ThrowableCollector.execute(ThrowableCollector.java:74)
	at org.junit.platform.engine.support.hierarchical.NodeTestTask.lambda$executeRecursively$1(NodeTestTask.java:166)
	at org.junit.platform.engine.support.hierarchical.Node.around(Node.java:138)
	at org.junit.platform.engine.support.hierarchical.NodeTestTask.lambda$executeRecursively$0(NodeTestTask.java:164)
	at org.junit.platform.engine.support.hierarchical.ThrowableCollector.execute(ThrowableCollector.java:74)
	at org.junit.platform.engine.support.hierarchical.NodeTestTask.executeRecursively(NodeTestTask.java:163)
	at org.junit.platform.engine.support.hierarchical.NodeTestTask.execute(NodeTestTask.java:116)
	at java.base/java.util.ArrayList.forEach(ArrayList.java:1596)
	at org.junit.platform.engine.support.hierarchical.SameThreadHierarchicalTestExecutorService.invokeAll(SameThreadHierarchicalTestExecutorService.java:42)
	at org.junit.platform.engine.support.hierarchical.NodeTestTask.lambda$executeRecursively$2(NodeTestTask.java:180)
	at org.junit.platform.engine.support.hierarchical.ThrowableCollector.execute(ThrowableCollector.java:74)
	at org.junit.platform.engine.support.hierarchical.NodeTestTask.lambda$executeRecursively$1(NodeTestTask.java:166)
	at org.junit.platform.engine.support.hierarchical.Node.around(Node.java:138)
	at org.junit.platform.engine.support.hierarchical.NodeTestTask.lambda$executeRecursively$0(NodeTestTask.java:164)
	at org.junit.platform.engine.support.hierarchical.ThrowableCollector.execute(ThrowableCollector.java:74)
	at org.junit.platform.engine.support.hierarchical.NodeTestTask.executeRecursively(NodeTestTask.java:163)
	at org.junit.platform.engine.support.hierarchical.NodeTestTask.execute(NodeTestTask.java:116)
	at org.junit.platform.engine.support.hierarchical.SameThreadHierarchicalTestExecutorService.submit(SameThreadHierarchicalTestExecutorService.java:36)
	at org.junit.platform.engine.support.hierarchical.HierarchicalTestExecutor.execute(HierarchicalTestExecutor.java:52)
	at org.junit.platform.engine.support.hierarchical.HierarchicalTestEngine.execute(HierarchicalTestEngine.java:58)
	at org.junit.platform.launcher.core.EngineExecutionOrchestrator.executeEngine(EngineExecutionOrchestrator.java:246)
	at org.junit.platform.launcher.core.EngineExecutionOrchestrator.failOrExecuteEngine(EngineExecutionOrchestrator.java:218)
	at org.junit.platform.launcher.core.EngineExecutionOrchestrator.execute(EngineExecutionOrchestrator.java:179)
	at org.junit.platform.launcher.core.EngineExecutionOrchestrator.execute(EngineExecutionOrchestrator.java:108)
	at org.junit.platform.launcher.core.EngineExecutionOrchestrator.lambda$execute$0(EngineExecutionOrchestrator.java:66)
	at org.junit.platform.launcher.core.EngineExecutionOrchestrator.withInterceptedStreams(EngineExecutionOrchestrator.java:157)
	at org.junit.platform.launcher.core.EngineExecutionOrchestrator.execute(EngineExecutionOrchestrator.java:65)
	at org.junit.platform.launcher.core.DefaultLauncher.execute(DefaultLauncher.java:125)
	at org.junit.platform.launcher.core.DefaultLauncher.execute(DefaultLauncher.java:114)
	at org.junit.platform.launcher.core.DelegatingLauncher.execute(DelegatingLauncher.java:58)
	at org.junit.platform.launcher.core.InterceptingLauncher.lambda$execute$2(InterceptingLauncher.java:57)
	at org.junit.platform.launcher.core.ClasspathAlignmentCheckingLauncherInterceptor.intercept(ClasspathAlignmentCheckingLauncherInterceptor.java:25)
	at org.junit.platform.launcher.core.InterceptingLauncher.execute(InterceptingLauncher.java:56)
	at org.junit.platform.launcher.core.DelegatingLauncher.execute(DelegatingLauncher.java:58)
	at java.base/jdk.internal.reflect.DirectMethodHandleAccessor.invoke(DirectMethodHandleAccessor.java:103)
	at java.base/java.lang.reflect.Method.invoke(Method.java:580)
	at org.apache.maven.surefire.api.util.ReflectionUtils.invokeMethodWithArray(ReflectionUtils.java:125)
	at org.apache.maven.surefire.junitplatform.LauncherAdapter.executeWithCancellationToken(LauncherAdapter.java:68)
	at org.apache.maven.surefire.junitplatform.LauncherAdapter.execute(LauncherAdapter.java:54)
	at org.apache.maven.surefire.junitplatform.JUnitPlatformProvider.execute(JUnitPlatformProvider.java:203)
	at org.apache.maven.surefire.junitplatform.JUnitPlatformProvider.invokeAllTests(JUnitPlatformProvider.java:168)
	at org.apache.maven.surefire.junitplatform.JUnitPlatformProvider.invoke(JUnitPlatformProvider.java:136)
	at org.apache.maven.surefire.booter.ForkedBooter.runSuitesInProcess(ForkedBooter.java:385)
	at org.apache.maven.surefire.booter.ForkedBooter.execute(ForkedBooter.java:162)
	at org.apache.maven.surefire.booter.ForkedBooter.run(ForkedBooter.java:507)
	at org.apache.maven.surefire.booter.ForkedBooter.main(ForkedBooter.java:495)
Caused by: java.lang.IllegalStateException: Invalid mapping on handler class [com.elioth.epam.gymcrm.controller.AuthenticationController]: public org.springframework.http.ResponseEntity com.elioth.epam.gymcrm.controller.AuthenticationController.login(java.lang.String,java.lang.String,jakarta.servlet.http.HttpSession)
	at org.springframework.web.servlet.handler.AbstractHandlerMethodMapping.lambda$detectHandlerMethods$0(AbstractHandlerMethodMapping.java:283)
	at org.springframework.core.MethodIntrospector.lambda$selectMethods$0(MethodIntrospector.java:76)
	at org.springframework.util.ReflectionUtils.doWithMethods(ReflectionUtils.java:366)
	at org.springframework.core.MethodIntrospector.selectMethods(MethodIntrospector.java:74)
	at org.springframework.web.servlet.handler.AbstractHandlerMethodMapping.detectHandlerMethods(AbstractHandlerMethodMapping.java:276)
	at org.springframework.web.servlet.handler.AbstractHandlerMethodMapping.processCandidateBean(AbstractHandlerMethodMapping.java:261)
	at org.springframework.web.servlet.handler.AbstractHandlerMethodMapping.initHandlerMethods(AbstractHandlerMethodMapping.java:220)
	at org.springframework.web.servlet.handler.AbstractHandlerMethodMapping.afterPropertiesSet(AbstractHandlerMethodMapping.java:208)
	at org.springframework.web.servlet.mvc.method.annotation.RequestMappingHandlerMapping.afterPropertiesSet(RequestMappingHandlerMapping.java:158)
	at org.springframework.beans.factory.support.AbstractAutowireCapableBeanFactory.invokeInitMethods(AbstractAutowireCapableBeanFactory.java:1864)
	at org.springframework.beans.factory.support.AbstractAutowireCapableBeanFactory.initializeBean(AbstractAutowireCapableBeanFactory.java:1813)
	... 109 common frames omitted
Caused by: org.springframework.http.InvalidMediaTypeException: Invalid mime type "": 'mimeType' must not be empty
	at org.springframework.http.MediaType.parseMediaType(MediaType.java:669)
	at org.springframework.web.servlet.mvc.condition.AbstractMediaTypeExpression.<init>(AbstractMediaTypeExpression.java:50)
	at org.springframework.web.servlet.mvc.condition.ConsumesRequestCondition$ConsumeMediaTypeExpression.<init>(ConsumesRequestCondition.java:278)
	at org.springframework.web.servlet.mvc.condition.ConsumesRequestCondition.parseExpressions(ConsumesRequestCondition.java:102)
	at org.springframework.web.servlet.mvc.condition.ConsumesRequestCondition.<init>(ConsumesRequestCondition.java:80)
	at org.springframework.web.servlet.mvc.method.RequestMappingInfo$DefaultBuilder.build(RequestMappingInfo.java:806)
	at org.springframework.web.servlet.mvc.method.annotation.RequestMappingHandlerMapping.createRequestMappingInfo(RequestMappingHandlerMapping.java:385)
	at org.springframework.web.servlet.mvc.method.annotation.RequestMappingHandlerMapping.createRequestMappingInfo(RequestMappingHandlerMapping.java:289)
	at org.springframework.web.servlet.mvc.method.annotation.RequestMappingHandlerMapping.getMappingForMethod(RequestMappingHandlerMapping.java:209)
	at org.springframework.web.servlet.mvc.method.annotation.RequestMappingHandlerMapping.getMappingForMethod(RequestMappingHandlerMapping.java:80)
	at org.springframework.web.servlet.handler.AbstractHandlerMethodMapping.lambda$detectHandlerMethods$0(AbstractHandlerMethodMapping.java:279)
	... 119 common frames omitted
Caused by: org.springframework.util.InvalidMimeTypeException: Invalid mime type "": 'mimeType' must not be empty
	at org.springframework.util.MimeTypeUtils.parseMimeType(MimeTypeUtils.java:197)
	at org.springframework.http.MediaType.parseMediaType(MediaType.java:666)
	... 129 common frames omitted
2026-07-13 10:24:37.656 [main] WARN  [o.s.test.context.TestContextManager] Caught exception while allowing TestExecutionListener [org.springframework.test.context.web.ServletTestExecutionListener] to prepare test instance [com.elioth.epam.gymcrm.GymCrmApiApplicationTests@4a5b1a27]
java.lang.IllegalStateException: Failed to load ApplicationContext for [WebMergedContextConfiguration@67c83c82 testClass = com.elioth.epam.gymcrm.GymCrmApiApplicationTests, locations = [], classes = [com.elioth.epam.gymcrm.GymCrmApiApplication], contextInitializerClasses = [], activeProfiles = ["test"], propertySourceDescriptors = [], propertySourceProperties = ["org.springframework.boot.test.context.SpringBootTestContextBootstrapper=true"], contextCustomizers = [org.springframework.boot.web.server.context.SpringBootTestRandomPortContextCustomizer@5b9396d3, org.springframework.boot.test.context.PropertyMappingContextCustomizer@0, org.springframework.boot.test.context.filter.ExcludeFilterContextCustomizer@2127e66e, org.springframework.boot.test.json.DuplicateJsonObjectContextCustomizerFactory$DuplicateJsonObjectContextCustomizer@7aac8884, org.springframework.boot.test.autoconfigure.OnFailureConditionReportContextCustomizerFactory$OnFailureConditionReportContextCustomizer@122d6c22, org.springframework.test.context.support.DynamicPropertiesContextCustomizer@0, org.springframework.boot.test.context.SpringBootTestAnnotation@f38baced], resourceBasePath = "src/main/webapp", contextLoader = org.springframework.boot.test.context.SpringBootContextLoader, parent = null]
	at org.springframework.test.context.cache.DefaultCacheAwareContextLoaderDelegate.lambda$loadContext$0(DefaultCacheAwareContextLoaderDelegate.java:195)
	at org.springframework.test.context.cache.DefaultContextCache.put(DefaultContextCache.java:214)
	at org.springframework.test.context.cache.DefaultCacheAwareContextLoaderDelegate.loadContext(DefaultCacheAwareContextLoaderDelegate.java:160)
	at org.springframework.test.context.support.DefaultTestContext.getApplicationContext(DefaultTestContext.java:128)
	at org.springframework.test.context.web.ServletTestExecutionListener.setUpRequestContextIfNecessary(ServletTestExecutionListener.java:200)
	at org.springframework.test.context.web.ServletTestExecutionListener.prepareTestInstance(ServletTestExecutionListener.java:139)
	at org.springframework.test.context.TestContextManager.prepareTestInstance(TestContextManager.java:260)
	at org.springframework.test.context.junit.jupiter.SpringExtension.postProcessTestInstance(SpringExtension.java:242)
	at org.junit.jupiter.engine.descriptor.ClassBasedTestDescriptor.lambda$invokeTestInstancePostProcessors$1(ClassBasedTestDescriptor.java:423)
	at org.junit.jupiter.engine.descriptor.ClassBasedTestDescriptor.executeAndMaskThrowable(ClassBasedTestDescriptor.java:428)
	at org.junit.jupiter.engine.descriptor.ClassBasedTestDescriptor.lambda$invokeTestInstancePostProcessors$0(ClassBasedTestDescriptor.java:422)
	at java.base/java.util.stream.ForEachOps$ForEachOp$OfRef.accept(ForEachOps.java:184)
	at java.base/java.util.stream.ReferencePipeline$3$1.accept(ReferencePipeline.java:197)
	at java.base/java.util.stream.ReferencePipeline$2$1.accept(ReferencePipeline.java:179)
	at java.base/java.util.stream.ReferencePipeline$3$1.accept(ReferencePipeline.java:197)
	at java.base/java.util.ArrayList$ArrayListSpliterator.forEachRemaining(ArrayList.java:1708)
	at java.base/java.util.stream.AbstractPipeline.copyInto(AbstractPipeline.java:509)
	at java.base/java.util.stream.AbstractPipeline.wrapAndCopyInto(AbstractPipeline.java:499)
	at java.base/java.util.stream.ForEachOps$ForEachOp.evaluateSequential(ForEachOps.java:151)
	at java.base/java.util.stream.ForEachOps$ForEachOp$OfRef.evaluateSequential(ForEachOps.java:174)
	at java.base/java.util.stream.AbstractPipeline.evaluate(AbstractPipeline.java:234)
	at java.base/java.util.stream.ReferencePipeline.forEach(ReferencePipeline.java:596)
	at org.junit.jupiter.engine.descriptor.ClassBasedTestDescriptor.invokeTestInstancePostProcessors(ClassBasedTestDescriptor.java:422)
	at org.junit.jupiter.engine.descriptor.ClassBasedTestDescriptor.lambda$instantiateAndPostProcessTestInstance$0(ClassBasedTestDescriptor.java:334)
	at org.junit.platform.engine.support.hierarchical.ThrowableCollector.execute(ThrowableCollector.java:74)
	at org.junit.jupiter.engine.descriptor.ClassBasedTestDescriptor.instantiateAndPostProcessTestInstance(ClassBasedTestDescriptor.java:333)
	at org.junit.jupiter.engine.descriptor.ClassBasedTestDescriptor.lambda$testInstancesProvider$1(ClassBasedTestDescriptor.java:322)
	at java.base/java.util.Optional.orElseGet(Optional.java:364)
	at org.junit.jupiter.engine.descriptor.ClassBasedTestDescriptor.lambda$testInstancesProvider$0(ClassBasedTestDescriptor.java:321)
	at org.junit.jupiter.engine.execution.TestInstancesProvider.getTestInstances(TestInstancesProvider.java:27)
	at org.junit.jupiter.engine.descriptor.TestMethodTestDescriptor.lambda$prepare$0(TestMethodTestDescriptor.java:127)
	at org.junit.platform.engine.support.hierarchical.ThrowableCollector.execute(ThrowableCollector.java:74)
	at org.junit.jupiter.engine.descriptor.TestMethodTestDescriptor.prepare(TestMethodTestDescriptor.java:126)
	at org.junit.jupiter.engine.descriptor.TestMethodTestDescriptor.prepare(TestMethodTestDescriptor.java:70)
	at org.junit.platform.engine.support.hierarchical.NodeTestTask.lambda$prepare$0(NodeTestTask.java:144)
	at org.junit.platform.engine.support.hierarchical.ThrowableCollector.execute(ThrowableCollector.java:74)
	at org.junit.platform.engine.support.hierarchical.NodeTestTask.prepare(NodeTestTask.java:144)
	at org.junit.platform.engine.support.hierarchical.NodeTestTask.execute(NodeTestTask.java:110)
	at java.base/java.util.ArrayList.forEach(ArrayList.java:1596)
	at org.junit.platform.engine.support.hierarchical.SameThreadHierarchicalTestExecutorService.invokeAll(SameThreadHierarchicalTestExecutorService.java:42)
	at org.junit.platform.engine.support.hierarchical.NodeTestTask.lambda$executeRecursively$2(NodeTestTask.java:180)
	at org.junit.platform.engine.support.hierarchical.ThrowableCollector.execute(ThrowableCollector.java:74)
	at org.junit.platform.engine.support.hierarchical.NodeTestTask.lambda$executeRecursively$1(NodeTestTask.java:166)
	at org.junit.platform.engine.support.hierarchical.Node.around(Node.java:138)
	at org.junit.platform.engine.support.hierarchical.NodeTestTask.lambda$executeRecursively$0(NodeTestTask.java:164)
	at org.junit.platform.engine.support.hierarchical.ThrowableCollector.execute(ThrowableCollector.java:74)
	at org.junit.platform.engine.support.hierarchical.NodeTestTask.executeRecursively(NodeTestTask.java:163)
	at org.junit.platform.engine.support.hierarchical.NodeTestTask.execute(NodeTestTask.java:116)
	at java.base/java.util.ArrayList.forEach(ArrayList.java:1596)
	at org.junit.platform.engine.support.hierarchical.SameThreadHierarchicalTestExecutorService.invokeAll(SameThreadHierarchicalTestExecutorService.java:42)
	at org.junit.platform.engine.support.hierarchical.NodeTestTask.lambda$executeRecursively$2(NodeTestTask.java:180)
	at org.junit.platform.engine.support.hierarchical.ThrowableCollector.execute(ThrowableCollector.java:74)
	at org.junit.platform.engine.support.hierarchical.NodeTestTask.lambda$executeRecursively$1(NodeTestTask.java:166)
	at org.junit.platform.engine.support.hierarchical.Node.around(Node.java:138)
	at org.junit.platform.engine.support.hierarchical.NodeTestTask.lambda$executeRecursively$0(NodeTestTask.java:164)
	at org.junit.platform.engine.support.hierarchical.ThrowableCollector.execute(ThrowableCollector.java:74)
	at org.junit.platform.engine.support.hierarchical.NodeTestTask.executeRecursively(NodeTestTask.java:163)
	at org.junit.platform.engine.support.hierarchical.NodeTestTask.execute(NodeTestTask.java:116)
	at org.junit.platform.engine.support.hierarchical.SameThreadHierarchicalTestExecutorService.submit(SameThreadHierarchicalTestExecutorService.java:36)
	at org.junit.platform.engine.support.hierarchical.HierarchicalTestExecutor.execute(HierarchicalTestExecutor.java:52)
	at org.junit.platform.engine.support.hierarchical.HierarchicalTestEngine.execute(HierarchicalTestEngine.java:58)
	at org.junit.platform.launcher.core.EngineExecutionOrchestrator.executeEngine(EngineExecutionOrchestrator.java:246)
	at org.junit.platform.launcher.core.EngineExecutionOrchestrator.failOrExecuteEngine(EngineExecutionOrchestrator.java:218)
	at org.junit.platform.launcher.core.EngineExecutionOrchestrator.execute(EngineExecutionOrchestrator.java:179)
	at org.junit.platform.launcher.core.EngineExecutionOrchestrator.execute(EngineExecutionOrchestrator.java:108)
	at org.junit.platform.launcher.core.EngineExecutionOrchestrator.lambda$execute$0(EngineExecutionOrchestrator.java:66)
	at org.junit.platform.launcher.core.EngineExecutionOrchestrator.withInterceptedStreams(EngineExecutionOrchestrator.java:157)
	at org.junit.platform.launcher.core.EngineExecutionOrchestrator.execute(EngineExecutionOrchestrator.java:65)
	at org.junit.platform.launcher.core.DefaultLauncher.execute(DefaultLauncher.java:125)
	at org.junit.platform.launcher.core.DefaultLauncher.execute(DefaultLauncher.java:114)
	at org.junit.platform.launcher.core.DelegatingLauncher.execute(DelegatingLauncher.java:58)
	at org.junit.platform.launcher.core.InterceptingLauncher.lambda$execute$2(InterceptingLauncher.java:57)
	at org.junit.platform.launcher.core.ClasspathAlignmentCheckingLauncherInterceptor.intercept(ClasspathAlignmentCheckingLauncherInterceptor.java:25)
	at org.junit.platform.launcher.core.InterceptingLauncher.execute(InterceptingLauncher.java:56)
	at org.junit.platform.launcher.core.DelegatingLauncher.execute(DelegatingLauncher.java:58)
	at java.base/jdk.internal.reflect.DirectMethodHandleAccessor.invoke(DirectMethodHandleAccessor.java:103)
	at java.base/java.lang.reflect.Method.invoke(Method.java:580)
	at org.apache.maven.surefire.api.util.ReflectionUtils.invokeMethodWithArray(ReflectionUtils.java:125)
	at org.apache.maven.surefire.junitplatform.LauncherAdapter.executeWithCancellationToken(LauncherAdapter.java:68)
	at org.apache.maven.surefire.junitplatform.LauncherAdapter.execute(LauncherAdapter.java:54)
	at org.apache.maven.surefire.junitplatform.JUnitPlatformProvider.execute(JUnitPlatformProvider.java:203)
	at org.apache.maven.surefire.junitplatform.JUnitPlatformProvider.invokeAllTests(JUnitPlatformProvider.java:168)
	at org.apache.maven.surefire.junitplatform.JUnitPlatformProvider.invoke(JUnitPlatformProvider.java:136)
	at org.apache.maven.surefire.booter.ForkedBooter.runSuitesInProcess(ForkedBooter.java:385)
	at org.apache.maven.surefire.booter.ForkedBooter.execute(ForkedBooter.java:162)
	at org.apache.maven.surefire.booter.ForkedBooter.run(ForkedBooter.java:507)
	at org.apache.maven.surefire.booter.ForkedBooter.main(ForkedBooter.java:495)
Caused by: org.springframework.beans.factory.BeanCreationException: Error creating bean with name 'requestMappingHandlerMapping' defined in class path resource [org/springframework/boot/webmvc/autoconfigure/WebMvcAutoConfiguration$EnableWebMvcConfiguration.class]: Invalid mapping on handler class [com.elioth.epam.gymcrm.controller.AuthenticationController]: public org.springframework.http.ResponseEntity com.elioth.epam.gymcrm.controller.AuthenticationController.login(java.lang.String,java.lang.String,jakarta.servlet.http.HttpSession)
	at org.springframework.beans.factory.support.AbstractAutowireCapableBeanFactory.initializeBean(AbstractAutowireCapableBeanFactory.java:1817)
	at org.springframework.beans.factory.support.AbstractAutowireCapableBeanFactory.doCreateBean(AbstractAutowireCapableBeanFactory.java:603)
	at org.springframework.beans.factory.support.AbstractAutowireCapableBeanFactory.createBean(AbstractAutowireCapableBeanFactory.java:525)
	at org.springframework.beans.factory.support.AbstractBeanFactory.lambda$doGetBean$0(AbstractBeanFactory.java:333)
	at org.springframework.beans.factory.support.DefaultSingletonBeanRegistry.getSingleton(DefaultSingletonBeanRegistry.java:371)
	at org.springframework.beans.factory.support.AbstractBeanFactory.doGetBean(AbstractBeanFactory.java:331)
	at org.springframework.beans.factory.support.AbstractBeanFactory.getBean(AbstractBeanFactory.java:196)
	at org.springframework.beans.factory.support.DefaultListableBeanFactory.instantiateSingleton(DefaultListableBeanFactory.java:1218)
	at org.springframework.beans.factory.support.DefaultListableBeanFactory.preInstantiateSingleton(DefaultListableBeanFactory.java:1184)
	at org.springframework.beans.factory.support.DefaultListableBeanFactory.preInstantiateSingletons(DefaultListableBeanFactory.java:1121)
	at org.springframework.context.support.AbstractApplicationContext.finishBeanFactoryInitialization(AbstractApplicationContext.java:994)
	at org.springframework.context.support.AbstractApplicationContext.refresh(AbstractApplicationContext.java:621)
	at org.springframework.boot.SpringApplication.refresh(SpringApplication.java:756)
	at org.springframework.boot.SpringApplication.refreshContext(SpringApplication.java:445)
	at org.springframework.boot.SpringApplication.run(SpringApplication.java:321)
	at org.springframework.boot.test.context.SpringBootContextLoader.lambda$loadContext$2(SpringBootContextLoader.java:155)
	at org.springframework.util.function.ThrowingSupplier.get(ThrowingSupplier.java:58)
	at org.springframework.util.function.ThrowingSupplier.get(ThrowingSupplier.java:46)
	at org.springframework.boot.SpringApplication.withHook(SpringApplication.java:1465)
	at org.springframework.boot.test.context.SpringBootContextLoader$ContextLoaderHook.run(SpringBootContextLoader.java:600)
	at org.springframework.boot.test.context.SpringBootContextLoader.loadContext(SpringBootContextLoader.java:155)
	at org.springframework.boot.test.context.SpringBootContextLoader.loadContext(SpringBootContextLoader.java:114)
	at org.springframework.test.context.cache.DefaultCacheAwareContextLoaderDelegate.loadContextInternal(DefaultCacheAwareContextLoaderDelegate.java:247)
	at org.springframework.test.context.cache.DefaultCacheAwareContextLoaderDelegate.lambda$loadContext$0(DefaultCacheAwareContextLoaderDelegate.java:167)
	... 86 common frames omitted
Caused by: java.lang.IllegalStateException: Invalid mapping on handler class [com.elioth.epam.gymcrm.controller.AuthenticationController]: public org.springframework.http.ResponseEntity com.elioth.epam.gymcrm.controller.AuthenticationController.login(java.lang.String,java.lang.String,jakarta.servlet.http.HttpSession)
	at org.springframework.web.servlet.handler.AbstractHandlerMethodMapping.lambda$detectHandlerMethods$0(AbstractHandlerMethodMapping.java:283)
	at org.springframework.core.MethodIntrospector.lambda$selectMethods$0(MethodIntrospector.java:76)
	at org.springframework.util.ReflectionUtils.doWithMethods(ReflectionUtils.java:366)
	at org.springframework.core.MethodIntrospector.selectMethods(MethodIntrospector.java:74)
	at org.springframework.web.servlet.handler.AbstractHandlerMethodMapping.detectHandlerMethods(AbstractHandlerMethodMapping.java:276)
	at org.springframework.web.servlet.handler.AbstractHandlerMethodMapping.processCandidateBean(AbstractHandlerMethodMapping.java:261)
	at org.springframework.web.servlet.handler.AbstractHandlerMethodMapping.initHandlerMethods(AbstractHandlerMethodMapping.java:220)
	at org.springframework.web.servlet.handler.AbstractHandlerMethodMapping.afterPropertiesSet(AbstractHandlerMethodMapping.java:208)
	at org.springframework.web.servlet.mvc.method.annotation.RequestMappingHandlerMapping.afterPropertiesSet(RequestMappingHandlerMapping.java:158)
	at org.springframework.beans.factory.support.AbstractAutowireCapableBeanFactory.invokeInitMethods(AbstractAutowireCapableBeanFactory.java:1864)
	at org.springframework.beans.factory.support.AbstractAutowireCapableBeanFactory.initializeBean(AbstractAutowireCapableBeanFactory.java:1813)
	... 109 common frames omitted
Caused by: org.springframework.http.InvalidMediaTypeException: Invalid mime type "": 'mimeType' must not be empty
	at org.springframework.http.MediaType.parseMediaType(MediaType.java:669)
	at org.springframework.web.servlet.mvc.condition.AbstractMediaTypeExpression.<init>(AbstractMediaTypeExpression.java:50)
	at org.springframework.web.servlet.mvc.condition.ConsumesRequestCondition$ConsumeMediaTypeExpression.<init>(ConsumesRequestCondition.java:278)
	at org.springframework.web.servlet.mvc.condition.ConsumesRequestCondition.parseExpressions(ConsumesRequestCondition.java:102)
	at org.springframework.web.servlet.mvc.condition.ConsumesRequestCondition.<init>(ConsumesRequestCondition.java:80)
	at org.springframework.web.servlet.mvc.method.RequestMappingInfo$DefaultBuilder.build(RequestMappingInfo.java:806)
	at org.springframework.web.servlet.mvc.method.annotation.RequestMappingHandlerMapping.createRequestMappingInfo(RequestMappingHandlerMapping.java:385)
	at org.springframework.web.servlet.mvc.method.annotation.RequestMappingHandlerMapping.createRequestMappingInfo(RequestMappingHandlerMapping.java:289)
	at org.springframework.web.servlet.mvc.method.annotation.RequestMappingHandlerMapping.getMappingForMethod(RequestMappingHandlerMapping.java:209)
	at org.springframework.web.servlet.mvc.method.annotation.RequestMappingHandlerMapping.getMappingForMethod(RequestMappingHandlerMapping.java:80)
	at org.springframework.web.servlet.handler.AbstractHandlerMethodMapping.lambda$detectHandlerMethods$0(AbstractHandlerMethodMapping.java:279)
	... 119 common frames omitted
Caused by: org.springframework.util.InvalidMimeTypeException: Invalid mime type "": 'mimeType' must not be empty
	at org.springframework.util.MimeTypeUtils.parseMimeType(MimeTypeUtils.java:197)
	at org.springframework.http.MediaType.parseMediaType(MediaType.java:666)
	... 129 common frames omitted
2026-07-13 10:25:14.211 [main] INFO  [c.e.e.g.GymCrmApiApplicationTests] Starting GymCrmApiApplicationTests using Java 21.0.11 with PID 30090 (started by aliothosa in /home/aliothosa/IdeaProjects/GYM-CRM/gym-crm-api)
2026-07-13 10:25:14.213 [main] INFO  [c.e.e.g.GymCrmApiApplicationTests] The following 1 profile is active: "test"
2026-07-13 10:25:15.078 [main] INFO  [o.s.d.r.c.RepositoryConfigurationDelegate] Bootstrapping Spring Data JPA repositories in DEFAULT mode.
2026-07-13 10:25:15.159 [main] INFO  [o.s.d.r.c.RepositoryConfigurationDelegate] Finished Spring Data repository scanning in 70 ms. Found 5 JPA repository interfaces.
2026-07-13 10:25:15.751 [main] INFO  [org.hibernate.orm.jpa] HHH008540: Processing PersistenceUnitInfo [name: default]
2026-07-13 10:25:15.858 [main] INFO  [org.hibernate.orm.core] HHH000001: Hibernate ORM core version 7.2.12.Final
2026-07-13 10:25:16.610 [main] INFO  [o.s.o.j.p.SpringPersistenceUnitInfo] No LoadTimeWeaver setup: ignoring JPA class transformer
2026-07-13 10:25:16.665 [main] INFO  [com.zaxxer.hikari.HikariDataSource] HikariPool-1 - Starting...
2026-07-13 10:25:17.023 [main] INFO  [com.zaxxer.hikari.pool.HikariPool] HikariPool-1 - Added connection conn0: url=jdbc:h2:mem:gymcrm-test user=SA
2026-07-13 10:25:17.026 [main] INFO  [com.zaxxer.hikari.HikariDataSource] HikariPool-1 - Start completed.
2026-07-13 10:25:17.075 [main] WARN  [org.hibernate.orm.deprecation] HHH90000025: H2Dialect does not need to be specified explicitly using 'hibernate.dialect' (remove the property setting and it will be selected by default)
2026-07-13 10:25:17.112 [main] INFO  [o.hibernate.orm.connections.pooling] HHH10001005: Database info:
	Database JDBC URL [jdbc:h2:mem:gymcrm-test]
	Database driver: H2 JDBC Driver
	Database dialect: H2Dialect
	Database version: 2.4.240
	Default catalog/schema: GYMCRM-TEST/PUBLIC
	Autocommit mode: undefined/unknown
	Isolation level: READ_COMMITTED [default READ_COMMITTED]
	JDBC fetch size: 100
	Pool: DataSourceConnectionProvider
	Minimum pool size: undefined/unknown
	Maximum pool size: undefined/unknown
2026-07-13 10:25:18.400 [main] INFO  [org.hibernate.orm.core] HHH000489: No JTA platform available (set 'hibernate.transaction.jta.platform' to enable JTA platform integration)
2026-07-13 10:25:18.479 [main] INFO  [o.s.o.j.LocalContainerEntityManagerFactoryBean] Initialized JPA EntityManagerFactory for persistence unit 'default'
2026-07-13 10:25:18.566 [main] INFO  [o.s.d.j.r.q.QueryEnhancerFactories] Hibernate is in classpath; If applicable, HQL parser will be used.
2026-07-13 10:25:20.253 [main] WARN  [o.s.b.j.a.JpaBaseConfiguration$JpaWebConfiguration] spring.jpa.open-in-view is enabled by default. Therefore, database queries may be performed during view rendering. Explicitly configure spring.jpa.open-in-view to disable this warning
2026-07-13 10:25:20.639 [main] INFO  [c.e.e.g.GymCrmApiApplicationTests] Started GymCrmApiApplicationTests in 6.893 seconds (process running for 8.813)
2026-07-13 10:25:21.877 [SpringApplicationShutdownHook] INFO  [o.s.o.j.LocalContainerEntityManagerFactoryBean] Closing JPA EntityManagerFactory for persistence unit 'default'
2026-07-13 10:25:22.006 [SpringApplicationShutdownHook] INFO  [com.zaxxer.hikari.HikariDataSource] HikariPool-1 - Shutdown initiated...
2026-07-13 10:25:22.014 [SpringApplicationShutdownHook] INFO  [com.zaxxer.hikari.HikariDataSource] HikariPool-1 - Shutdown completed.
2026-07-13 10:46:36.772 [main] INFO  [c.e.epam.gymcrm.GymCrmApiApplication] Starting GymCrmApiApplication using Java 21.0.11 with PID 191 (/home/aliothosa/IdeaProjects/GYM-CRM/gym-crm-api/target/classes started by aliothosa in /home/aliothosa/IdeaProjects/GYM-CRM/gym-crm-api)
2026-07-13 10:46:36.774 [main] INFO  [c.e.epam.gymcrm.GymCrmApiApplication] No active profile set, falling back to 1 default profile: "default"
2026-07-13 10:46:37.211 [main] INFO  [o.s.d.r.c.RepositoryConfigurationDelegate] Bootstrapping Spring Data JPA repositories in DEFAULT mode.
2026-07-13 10:46:37.250 [main] INFO  [o.s.d.r.c.RepositoryConfigurationDelegate] Finished Spring Data repository scanning in 33 ms. Found 5 JPA repository interfaces.
2026-07-13 10:46:37.588 [main] INFO  [o.s.boot.tomcat.TomcatWebServer] Tomcat initialized with port 8080 (http)
2026-07-13 10:46:37.596 [main] INFO  [o.a.coyote.http11.Http11NioProtocol] Initializing ProtocolHandler ["http-nio-8080"]
2026-07-13 10:46:37.598 [main] INFO  [o.a.catalina.core.StandardService] Starting service [Tomcat]
2026-07-13 10:46:37.598 [main] INFO  [o.a.catalina.core.StandardEngine] Starting Servlet engine: [Apache Tomcat/11.0.21]
2026-07-13 10:46:37.627 [main] INFO  [o.s.b.w.c.s.WebApplicationContextInitializer] Root WebApplicationContext: initialization completed in 818 ms
2026-07-13 10:46:37.794 [main] INFO  [org.hibernate.orm.jpa] HHH008540: Processing PersistenceUnitInfo [name: default]
2026-07-13 10:46:37.821 [main] INFO  [org.hibernate.orm.core] HHH000001: Hibernate ORM core version 7.2.12.Final
2026-07-13 10:46:38.074 [main] INFO  [o.s.o.j.p.SpringPersistenceUnitInfo] No LoadTimeWeaver setup: ignoring JPA class transformer
2026-07-13 10:46:38.093 [main] INFO  [com.zaxxer.hikari.HikariDataSource] HikariPool-1 - Starting...
2026-07-13 10:46:39.120 [main] WARN  [org.hibernate.orm.jdbc.error] HHH000247: ErrorCode: 0, SQLState: 08001
2026-07-13 10:46:39.121 [main] WARN  [org.hibernate.orm.jdbc.error] The connection attempt failed.
2026-07-13 10:46:39.121 [main] WARN  [org.hibernate.orm.jdbc] HHH100046: Could not obtain connection to query JDBC database metadata
org.hibernate.exception.JDBCConnectionException: Unable to obtain isolated JDBC connection [The connection attempt failed.] [n/a]
	at org.hibernate.exception.internal.SQLStateConversionDelegate.convert(SQLStateConversionDelegate.java:80)
	at org.hibernate.exception.internal.StandardSQLExceptionConverter.convert(StandardSQLExceptionConverter.java:34)
	at org.hibernate.engine.jdbc.spi.SqlExceptionHelper.convert(SqlExceptionHelper.java:115)
	at org.hibernate.engine.jdbc.spi.SqlExceptionHelper.convert(SqlExceptionHelper.java:101)
	at org.hibernate.resource.transaction.backend.jdbc.internal.JdbcIsolationDelegate.delegateWork(JdbcIsolationDelegate.java:51)
	at org.hibernate.engine.jdbc.env.internal.JdbcEnvironmentInitiator.getJdbcEnvironmentUsingJdbcMetadata(JdbcEnvironmentInitiator.java:366)
	at org.hibernate.engine.jdbc.env.internal.JdbcEnvironmentInitiator.getJdbcEnvironment(JdbcEnvironmentInitiator.java:143)
	at org.hibernate.engine.jdbc.env.internal.JdbcEnvironmentInitiator.initiateService(JdbcEnvironmentInitiator.java:120)
	at org.hibernate.engine.jdbc.env.internal.JdbcEnvironmentInitiator.initiateService(JdbcEnvironmentInitiator.java:80)
	at org.hibernate.boot.registry.internal.StandardServiceRegistryImpl.initiateService(StandardServiceRegistryImpl.java:133)
	at org.hibernate.service.internal.AbstractServiceRegistryImpl.createService(AbstractServiceRegistryImpl.java:260)
	at org.hibernate.service.internal.AbstractServiceRegistryImpl.initializeService(AbstractServiceRegistryImpl.java:235)
	at org.hibernate.service.internal.AbstractServiceRegistryImpl.getService(AbstractServiceRegistryImpl.java:212)
	at org.hibernate.boot.model.relational.Database.<init>(Database.java:44)
	at org.hibernate.boot.internal.InFlightMetadataCollectorImpl.getDatabase(InFlightMetadataCollectorImpl.java:251)
	at org.hibernate.boot.internal.InFlightMetadataCollectorImpl.<init>(InFlightMetadataCollectorImpl.java:203)
	at org.hibernate.boot.model.process.spi.MetadataBuildingProcess.complete(MetadataBuildingProcess.java:172)
	at org.hibernate.jpa.boot.internal.EntityManagerFactoryBuilderImpl.metadata(EntityManagerFactoryBuilderImpl.java:1392)
	at org.hibernate.jpa.boot.internal.EntityManagerFactoryBuilderImpl.populateSessionFactoryBuilder(EntityManagerFactoryBuilderImpl.java:1472)
	at org.hibernate.jpa.boot.internal.EntityManagerFactoryBuilderImpl.build(EntityManagerFactoryBuilderImpl.java:1454)
	at org.springframework.orm.jpa.vendor.SpringHibernateJpaPersistenceProvider.createContainerEntityManagerFactory(SpringHibernateJpaPersistenceProvider.java:93)
	at org.springframework.orm.jpa.LocalContainerEntityManagerFactoryBean.createNativeEntityManagerFactory(LocalContainerEntityManagerFactoryBean.java:443)
	at org.springframework.orm.jpa.AbstractEntityManagerFactoryBean.buildNativeEntityManagerFactory(AbstractEntityManagerFactoryBean.java:436)
	at org.springframework.orm.jpa.AbstractEntityManagerFactoryBean.afterPropertiesSet(AbstractEntityManagerFactoryBean.java:411)
	at org.springframework.orm.jpa.LocalContainerEntityManagerFactoryBean.afterPropertiesSet(LocalContainerEntityManagerFactoryBean.java:419)
	at org.springframework.beans.factory.support.AbstractAutowireCapableBeanFactory.invokeInitMethods(AbstractAutowireCapableBeanFactory.java:1864)
	at org.springframework.beans.factory.support.AbstractAutowireCapableBeanFactory.initializeBean(AbstractAutowireCapableBeanFactory.java:1813)
	at org.springframework.beans.factory.support.AbstractAutowireCapableBeanFactory.doCreateBean(AbstractAutowireCapableBeanFactory.java:603)
	at org.springframework.beans.factory.support.AbstractAutowireCapableBeanFactory.createBean(AbstractAutowireCapableBeanFactory.java:525)
	at org.springframework.beans.factory.support.AbstractBeanFactory.lambda$doGetBean$0(AbstractBeanFactory.java:333)
	at org.springframework.beans.factory.support.DefaultSingletonBeanRegistry.getSingleton(DefaultSingletonBeanRegistry.java:371)
	at org.springframework.beans.factory.support.AbstractBeanFactory.doGetBean(AbstractBeanFactory.java:331)
	at org.springframework.beans.factory.support.AbstractBeanFactory.getBean(AbstractBeanFactory.java:201)
	at org.springframework.context.support.AbstractApplicationContext.finishBeanFactoryInitialization(AbstractApplicationContext.java:977)
	at org.springframework.context.support.AbstractApplicationContext.refresh(AbstractApplicationContext.java:621)
	at org.springframework.boot.web.server.servlet.context.ServletWebServerApplicationContext.refresh(ServletWebServerApplicationContext.java:143)
	at org.springframework.boot.SpringApplication.refresh(SpringApplication.java:756)
	at org.springframework.boot.SpringApplication.refreshContext(SpringApplication.java:445)
	at org.springframework.boot.SpringApplication.run(SpringApplication.java:321)
	at com.elioth.epam.gymcrm.GymCrmApiApplication.main(GymCrmApiApplication.java:13)
Caused by: org.postgresql.util.PSQLException: The connection attempt failed.
	at org.postgresql.core.v3.ConnectionFactoryImpl.openConnectionImpl(ConnectionFactoryImpl.java:385)
	at org.postgresql.core.ConnectionFactory.openConnection(ConnectionFactory.java:57)
	at org.postgresql.jdbc.PgConnection.<init>(PgConnection.java:290)
	at org.postgresql.Driver.makeConnection(Driver.java:448)
	at org.postgresql.Driver.connect(Driver.java:298)
	at com.zaxxer.hikari.util.DriverDataSource.getConnection(DriverDataSource.java:144)
	at com.zaxxer.hikari.pool.PoolBase.newConnection(PoolBase.java:373)
	at com.zaxxer.hikari.pool.PoolBase.newPoolEntry(PoolBase.java:210)
	at com.zaxxer.hikari.pool.HikariPool.createPoolEntry(HikariPool.java:488)
	at com.zaxxer.hikari.pool.HikariPool.checkFailFast(HikariPool.java:576)
	at com.zaxxer.hikari.pool.HikariPool.<init>(HikariPool.java:97)
	at com.zaxxer.hikari.HikariDataSource.getConnection(HikariDataSource.java:111)
	at org.hibernate.engine.jdbc.connections.internal.DataSourceConnectionProvider.getConnection(DataSourceConnectionProvider.java:137)
	at org.hibernate.engine.jdbc.env.internal.JdbcEnvironmentInitiator$ConnectionProviderJdbcConnectionAccess.obtainConnection(JdbcEnvironmentInitiator.java:508)
	at org.hibernate.resource.transaction.backend.jdbc.internal.JdbcIsolationDelegate.delegateWork(JdbcIsolationDelegate.java:48)
	... 35 common frames omitted
Caused by: java.net.SocketException: Operation not permitted
	at java.base/sun.nio.ch.Net.socket0(Native Method)
	at java.base/sun.nio.ch.Net.socket(Net.java:546)
	at java.base/sun.nio.ch.Net.socket(Net.java:540)
	at java.base/sun.nio.ch.NioSocketImpl.create(NioSocketImpl.java:466)
	at java.base/java.net.DelegatingSocketImpl.create(DelegatingSocketImpl.java:74)
	at java.base/java.net.Socket.getImpl(Socket.java:599)
	at java.base/java.net.Socket.connect(Socket.java:751)
	at org.postgresql.core.PGStream.createSocket(PGStream.java:261)
	at org.postgresql.core.PGStream.<init>(PGStream.java:122)
	at org.postgresql.core.v3.ConnectionFactoryImpl.tryConnect(ConnectionFactoryImpl.java:146)
	at org.postgresql.core.v3.ConnectionFactoryImpl.openConnectionImpl(ConnectionFactoryImpl.java:289)
	... 49 common frames omitted
2026-07-13 10:46:39.132 [main] WARN  [org.hibernate.orm.deprecation] HHH90000025: PostgreSQLDialect does not need to be specified explicitly using 'hibernate.dialect' (remove the property setting and it will be selected by default)
2026-07-13 10:46:39.139 [main] INFO  [o.hibernate.orm.connections.pooling] HHH10001005: Database info:
	Database JDBC URL [undefined/unknown]
	Database driver: undefined/unknown
	Database dialect: PostgreSQLDialect
	Database version: 13.0
	Default catalog/schema: unknown/unknown
	Autocommit mode: undefined/unknown
	Isolation level: NONE [default NONE]
	JDBC fetch size: undefined/unknown
	Pool: DataSourceConnectionProvider
	Minimum pool size: undefined/unknown
	Maximum pool size: undefined/unknown
2026-07-13 10:46:39.763 [main] INFO  [org.hibernate.orm.core] HHH000489: No JTA platform available (set 'hibernate.transaction.jta.platform' to enable JTA platform integration)
2026-07-13 10:46:39.776 [main] INFO  [com.zaxxer.hikari.HikariDataSource] HikariPool-1 - Starting...
2026-07-13 10:46:40.777 [main] WARN  [org.hibernate.orm.jdbc.error] HHH000247: ErrorCode: 0, SQLState: 08001
2026-07-13 10:46:40.777 [main] WARN  [org.hibernate.orm.jdbc.error] The connection attempt failed.
2026-07-13 10:46:40.780 [main] ERROR [o.s.o.j.LocalContainerEntityManagerFactoryBean] Failed to initialize JPA EntityManagerFactory: Unable to build Hibernate SessionFactory  [persistence unit: default] ; nested exception is org.hibernate.exception.JDBCConnectionException: Unable to open JDBC Connection for DDL execution [The connection attempt failed.] [n/a]
2026-07-13 10:46:40.781 [main] WARN  [o.s.b.w.s.s.c.AnnotationConfigServletWebServerApplicationContext] Exception encountered during context initialization - cancelling refresh attempt: org.springframework.beans.factory.BeanCreationException: Error creating bean with name 'entityManagerFactory' defined in class path resource [org/springframework/boot/hibernate/autoconfigure/HibernateJpaConfiguration.class]: Unable to build Hibernate SessionFactory  [persistence unit: default] ; nested exception is org.hibernate.exception.JDBCConnectionException: Unable to open JDBC Connection for DDL execution [The connection attempt failed.] [n/a]
2026-07-13 10:46:40.783 [main] INFO  [o.a.catalina.core.StandardService] Stopping service [Tomcat]
2026-07-13 10:46:40.788 [main] INFO  [o.s.b.a.l.ConditionEvaluationReportLogger] 

Error starting ApplicationContext. To display the condition evaluation report re-run your application with 'debug' enabled.
2026-07-13 10:46:40.797 [main] ERROR [o.s.boot.SpringApplication] Application run failed
org.springframework.beans.factory.BeanCreationException: Error creating bean with name 'entityManagerFactory' defined in class path resource [org/springframework/boot/hibernate/autoconfigure/HibernateJpaConfiguration.class]: Unable to build Hibernate SessionFactory  [persistence unit: default] ; nested exception is org.hibernate.exception.JDBCConnectionException: Unable to open JDBC Connection for DDL execution [The connection attempt failed.] [n/a]
	at org.springframework.beans.factory.support.AbstractAutowireCapableBeanFactory.initializeBean(AbstractAutowireCapableBeanFactory.java:1817)
	at org.springframework.beans.factory.support.AbstractAutowireCapableBeanFactory.doCreateBean(AbstractAutowireCapableBeanFactory.java:603)
	at org.springframework.beans.factory.support.AbstractAutowireCapableBeanFactory.createBean(AbstractAutowireCapableBeanFactory.java:525)
	at org.springframework.beans.factory.support.AbstractBeanFactory.lambda$doGetBean$0(AbstractBeanFactory.java:333)
	at org.springframework.beans.factory.support.DefaultSingletonBeanRegistry.getSingleton(DefaultSingletonBeanRegistry.java:371)
	at org.springframework.beans.factory.support.AbstractBeanFactory.doGetBean(AbstractBeanFactory.java:331)
	at org.springframework.beans.factory.support.AbstractBeanFactory.getBean(AbstractBeanFactory.java:201)
	at org.springframework.context.support.AbstractApplicationContext.finishBeanFactoryInitialization(AbstractApplicationContext.java:977)
	at org.springframework.context.support.AbstractApplicationContext.refresh(AbstractApplicationContext.java:621)
	at org.springframework.boot.web.server.servlet.context.ServletWebServerApplicationContext.refresh(ServletWebServerApplicationContext.java:143)
	at org.springframework.boot.SpringApplication.refresh(SpringApplication.java:756)
	at org.springframework.boot.SpringApplication.refreshContext(SpringApplication.java:445)
	at org.springframework.boot.SpringApplication.run(SpringApplication.java:321)
	at com.elioth.epam.gymcrm.GymCrmApiApplication.main(GymCrmApiApplication.java:13)
Caused by: jakarta.persistence.PersistenceException: Unable to build Hibernate SessionFactory  [persistence unit: default] ; nested exception is org.hibernate.exception.JDBCConnectionException: Unable to open JDBC Connection for DDL execution [The connection attempt failed.] [n/a]
	at org.springframework.orm.jpa.AbstractEntityManagerFactoryBean.buildNativeEntityManagerFactory(AbstractEntityManagerFactoryBean.java:448)
	at org.springframework.orm.jpa.AbstractEntityManagerFactoryBean.afterPropertiesSet(AbstractEntityManagerFactoryBean.java:411)
	at org.springframework.orm.jpa.LocalContainerEntityManagerFactoryBean.afterPropertiesSet(LocalContainerEntityManagerFactoryBean.java:419)
	at org.springframework.beans.factory.support.AbstractAutowireCapableBeanFactory.invokeInitMethods(AbstractAutowireCapableBeanFactory.java:1864)
	at org.springframework.beans.factory.support.AbstractAutowireCapableBeanFactory.initializeBean(AbstractAutowireCapableBeanFactory.java:1813)
	... 13 common frames omitted
Caused by: org.hibernate.exception.JDBCConnectionException: Unable to open JDBC Connection for DDL execution [The connection attempt failed.] [n/a]
	at org.hibernate.exception.internal.SQLStateConversionDelegate.convert(SQLStateConversionDelegate.java:80)
	at org.hibernate.exception.internal.StandardSQLExceptionConverter.convert(StandardSQLExceptionConverter.java:34)
	at org.hibernate.engine.jdbc.spi.SqlExceptionHelper.convert(SqlExceptionHelper.java:115)
	at org.hibernate.engine.jdbc.spi.SqlExceptionHelper.convert(SqlExceptionHelper.java:101)
	at org.hibernate.resource.transaction.backend.jdbc.internal.DdlTransactionIsolatorNonJtaImpl.getIsolatedConnection(DdlTransactionIsolatorNonJtaImpl.java:71)
	at org.hibernate.tool.schema.internal.exec.GenerationTargetToDatabase.getIsolatedConnection(GenerationTargetToDatabase.java:57)
	at org.hibernate.tool.schema.internal.exec.GenerationTargetToDatabase.jdbcStatement(GenerationTargetToDatabase.java:111)
	at org.hibernate.tool.schema.internal.exec.GenerationTargetToDatabase.accept(GenerationTargetToDatabase.java:75)
	at org.hibernate.tool.schema.internal.Helper.applySqlString(Helper.java:218)
	at org.hibernate.tool.schema.internal.SchemaDropperImpl.dropFromMetadata(SchemaDropperImpl.java:205)
	at org.hibernate.tool.schema.internal.SchemaDropperImpl.performDrop(SchemaDropperImpl.java:182)
	at org.hibernate.tool.schema.internal.SchemaDropperImpl.doDrop(SchemaDropperImpl.java:152)
	at org.hibernate.tool.schema.internal.SchemaDropperImpl.doDrop(SchemaDropperImpl.java:112)
	at org.hibernate.tool.schema.spi.SchemaManagementToolCoordinator.performDatabaseAction(SchemaManagementToolCoordinator.java:227)
	at org.hibernate.tool.schema.spi.SchemaManagementToolCoordinator.lambda$process$1(SchemaManagementToolCoordinator.java:101)
	at java.base/java.util.HashMap.forEach(HashMap.java:1429)
	at org.hibernate.tool.schema.spi.SchemaManagementToolCoordinator.process(SchemaManagementToolCoordinator.java:100)
	at org.hibernate.boot.internal.SessionFactoryObserverForSchemaExport.sessionFactoryCreated(SessionFactoryObserverForSchemaExport.java:35)
	at org.hibernate.internal.SessionFactoryObserverChain.sessionFactoryCreated(SessionFactoryObserverChain.java:33)
	at org.hibernate.internal.SessionFactoryImpl.<init>(SessionFactoryImpl.java:323)
	at org.hibernate.internal.SessionFactoryRegistry.instantiateSessionFactory(SessionFactoryRegistry.java:64)
	at org.hibernate.boot.internal.SessionFactoryBuilderImpl.build(SessionFactoryBuilderImpl.java:437)
	at org.hibernate.jpa.boot.internal.EntityManagerFactoryBuilderImpl.build(EntityManagerFactoryBuilderImpl.java:1456)
	at org.springframework.orm.jpa.vendor.SpringHibernateJpaPersistenceProvider.createContainerEntityManagerFactory(SpringHibernateJpaPersistenceProvider.java:93)
	at org.springframework.orm.jpa.LocalContainerEntityManagerFactoryBean.createNativeEntityManagerFactory(LocalContainerEntityManagerFactoryBean.java:443)
	at org.springframework.orm.jpa.AbstractEntityManagerFactoryBean.buildNativeEntityManagerFactory(AbstractEntityManagerFactoryBean.java:436)
	... 17 common frames omitted
Caused by: org.postgresql.util.PSQLException: The connection attempt failed.
	at org.postgresql.core.v3.ConnectionFactoryImpl.openConnectionImpl(ConnectionFactoryImpl.java:385)
	at org.postgresql.core.ConnectionFactory.openConnection(ConnectionFactory.java:57)
	at org.postgresql.jdbc.PgConnection.<init>(PgConnection.java:290)
	at org.postgresql.Driver.makeConnection(Driver.java:448)
	at org.postgresql.Driver.connect(Driver.java:298)
	at com.zaxxer.hikari.util.DriverDataSource.getConnection(DriverDataSource.java:144)
	at com.zaxxer.hikari.pool.PoolBase.newConnection(PoolBase.java:373)
	at com.zaxxer.hikari.pool.PoolBase.newPoolEntry(PoolBase.java:210)
	at com.zaxxer.hikari.pool.HikariPool.createPoolEntry(HikariPool.java:488)
	at com.zaxxer.hikari.pool.HikariPool.checkFailFast(HikariPool.java:576)
	at com.zaxxer.hikari.pool.HikariPool.<init>(HikariPool.java:97)
	at com.zaxxer.hikari.HikariDataSource.getConnection(HikariDataSource.java:111)
	at org.hibernate.engine.jdbc.connections.internal.DataSourceConnectionProvider.getConnection(DataSourceConnectionProvider.java:137)
	at org.hibernate.engine.jdbc.env.internal.JdbcEnvironmentInitiator$ConnectionProviderJdbcConnectionAccess.obtainConnection(JdbcEnvironmentInitiator.java:508)
	at org.hibernate.resource.transaction.backend.jdbc.internal.DdlTransactionIsolatorNonJtaImpl.getIsolatedConnection(DdlTransactionIsolatorNonJtaImpl.java:44)
	... 38 common frames omitted
Caused by: java.net.SocketException: Operation not permitted
	at java.base/sun.nio.ch.Net.socket0(Native Method)
	at java.base/sun.nio.ch.Net.socket(Net.java:546)
	at java.base/sun.nio.ch.Net.socket(Net.java:540)
	at java.base/sun.nio.ch.NioSocketImpl.create(NioSocketImpl.java:466)
	at java.base/java.net.DelegatingSocketImpl.create(DelegatingSocketImpl.java:74)
	at java.base/java.net.Socket.getImpl(Socket.java:599)
	at java.base/java.net.Socket.connect(Socket.java:751)
	at org.postgresql.core.PGStream.createSocket(PGStream.java:261)
	at org.postgresql.core.PGStream.<init>(PGStream.java:122)
	at org.postgresql.core.v3.ConnectionFactoryImpl.tryConnect(ConnectionFactoryImpl.java:146)
	at org.postgresql.core.v3.ConnectionFactoryImpl.openConnectionImpl(ConnectionFactoryImpl.java:289)
	... 52 common frames omitted
2026-07-13 10:46:58.831 [main] INFO  [c.e.epam.gymcrm.GymCrmApiApplication] Starting GymCrmApiApplication using Java 21.0.11 with PID 39358 (/home/aliothosa/IdeaProjects/GYM-CRM/gym-crm-api/target/classes started by aliothosa in /home/aliothosa/IdeaProjects/GYM-CRM/gym-crm-api)
2026-07-13 10:46:58.833 [main] INFO  [c.e.epam.gymcrm.GymCrmApiApplication] No active profile set, falling back to 1 default profile: "default"
2026-07-13 10:46:59.284 [main] INFO  [o.s.d.r.c.RepositoryConfigurationDelegate] Bootstrapping Spring Data JPA repositories in DEFAULT mode.
2026-07-13 10:46:59.324 [main] INFO  [o.s.d.r.c.RepositoryConfigurationDelegate] Finished Spring Data repository scanning in 35 ms. Found 5 JPA repository interfaces.
2026-07-13 10:46:59.663 [main] INFO  [o.s.boot.tomcat.TomcatWebServer] Tomcat initialized with port 8080 (http)
2026-07-13 10:46:59.671 [main] INFO  [o.a.coyote.http11.Http11NioProtocol] Initializing ProtocolHandler ["http-nio-8080"]
2026-07-13 10:46:59.673 [main] INFO  [o.a.catalina.core.StandardService] Starting service [Tomcat]
2026-07-13 10:46:59.673 [main] INFO  [o.a.catalina.core.StandardEngine] Starting Servlet engine: [Apache Tomcat/11.0.21]
2026-07-13 10:46:59.700 [main] INFO  [o.s.b.w.c.s.WebApplicationContextInitializer] Root WebApplicationContext: initialization completed in 833 ms
2026-07-13 10:46:59.867 [main] INFO  [org.hibernate.orm.jpa] HHH008540: Processing PersistenceUnitInfo [name: default]
2026-07-13 10:46:59.897 [main] INFO  [org.hibernate.orm.core] HHH000001: Hibernate ORM core version 7.2.12.Final
2026-07-13 10:47:00.149 [main] INFO  [o.s.o.j.p.SpringPersistenceUnitInfo] No LoadTimeWeaver setup: ignoring JPA class transformer
2026-07-13 10:47:00.166 [main] INFO  [com.zaxxer.hikari.HikariDataSource] HikariPool-1 - Starting...
2026-07-13 10:47:00.284 [main] INFO  [com.zaxxer.hikari.pool.HikariPool] HikariPool-1 - Added connection org.postgresql.jdbc.PgConnection@a63643e
2026-07-13 10:47:00.285 [main] INFO  [com.zaxxer.hikari.HikariDataSource] HikariPool-1 - Start completed.
2026-07-13 10:47:00.311 [main] WARN  [org.hibernate.orm.deprecation] HHH90000025: PostgreSQLDialect does not need to be specified explicitly using 'hibernate.dialect' (remove the property setting and it will be selected by default)
2026-07-13 10:47:00.330 [main] INFO  [o.hibernate.orm.connections.pooling] HHH10001005: Database info:
	Database JDBC URL [jdbc:postgresql://localhost:5432/gymcrm]
	Database driver: PostgreSQL JDBC Driver
	Database dialect: PostgreSQLDialect
	Database version: 16.14
	Default catalog/schema: gymcrm/public
	Autocommit mode: undefined/unknown
	Isolation level: READ_COMMITTED [default READ_COMMITTED]
	JDBC fetch size: none
	Pool: DataSourceConnectionProvider
	Minimum pool size: undefined/unknown
	Maximum pool size: undefined/unknown
2026-07-13 10:47:00.987 [main] INFO  [org.hibernate.orm.core] HHH000489: No JTA platform available (set 'hibernate.transaction.jta.platform' to enable JTA platform integration)
2026-07-13 10:47:01.130 [main] INFO  [o.s.o.j.LocalContainerEntityManagerFactoryBean] Initialized JPA EntityManagerFactory for persistence unit 'default'
2026-07-13 10:47:01.190 [main] INFO  [o.s.d.j.r.q.QueryEnhancerFactories] Hibernate is in classpath; If applicable, HQL parser will be used.
2026-07-13 10:47:02.484 [main] WARN  [o.s.b.j.a.JpaBaseConfiguration$JpaWebConfiguration] spring.jpa.open-in-view is enabled by default. Therefore, database queries may be performed during view rendering. Explicitly configure spring.jpa.open-in-view to disable this warning
2026-07-13 10:47:02.726 [main] INFO  [o.a.coyote.http11.Http11NioProtocol] Starting ProtocolHandler ["http-nio-8080"]
2026-07-13 10:47:02.737 [main] INFO  [o.s.boot.tomcat.TomcatWebServer] Tomcat started on port 8080 (http) with context path '/'
2026-07-13 10:47:02.741 [main] INFO  [c.e.epam.gymcrm.GymCrmApiApplication] Started GymCrmApiApplication in 4.283 seconds (process running for 4.548)
2026-07-13 10:47:46.642 [http-nio-8080-exec-1] INFO  [o.a.c.c.C.[Tomcat].[localhost].[/]] Initializing Spring DispatcherServlet 'dispatcherServlet'
2026-07-13 10:47:46.642 [http-nio-8080-exec-1] INFO  [o.s.web.servlet.DispatcherServlet] Initializing Servlet 'dispatcherServlet'
2026-07-13 10:47:46.643 [http-nio-8080-exec-1] INFO  [o.s.web.servlet.DispatcherServlet] Completed initialization in 1 ms
2026-07-13 11:00:33.176 [main] INFO  [c.e.e.g.GymCrmApiApplicationTests] Starting GymCrmApiApplicationTests using Java 21.0.11 with PID 43952 (started by aliothosa in /home/aliothosa/IdeaProjects/GYM-CRM/gym-crm-api)
2026-07-13 11:00:33.178 [main] INFO  [c.e.e.g.GymCrmApiApplicationTests] The following 1 profile is active: "test"
2026-07-13 11:00:33.996 [main] INFO  [o.s.d.r.c.RepositoryConfigurationDelegate] Bootstrapping Spring Data JPA repositories in DEFAULT mode.
2026-07-13 11:00:34.100 [main] INFO  [o.s.d.r.c.RepositoryConfigurationDelegate] Finished Spring Data repository scanning in 89 ms. Found 5 JPA repository interfaces.
2026-07-13 11:00:34.750 [main] INFO  [org.hibernate.orm.jpa] HHH008540: Processing PersistenceUnitInfo [name: default]
2026-07-13 11:00:34.836 [main] INFO  [org.hibernate.orm.core] HHH000001: Hibernate ORM core version 7.2.12.Final
2026-07-13 11:00:35.564 [main] INFO  [o.s.o.j.p.SpringPersistenceUnitInfo] No LoadTimeWeaver setup: ignoring JPA class transformer
2026-07-13 11:00:35.606 [main] INFO  [com.zaxxer.hikari.HikariDataSource] HikariPool-1 - Starting...
2026-07-13 11:00:35.944 [main] INFO  [com.zaxxer.hikari.pool.HikariPool] HikariPool-1 - Added connection conn0: url=jdbc:h2:mem:gymcrm-test user=SA
2026-07-13 11:00:35.946 [main] INFO  [com.zaxxer.hikari.HikariDataSource] HikariPool-1 - Start completed.
2026-07-13 11:00:35.978 [main] WARN  [org.hibernate.orm.deprecation] HHH90000025: H2Dialect does not need to be specified explicitly using 'hibernate.dialect' (remove the property setting and it will be selected by default)
2026-07-13 11:00:36.011 [main] INFO  [o.hibernate.orm.connections.pooling] HHH10001005: Database info:
	Database JDBC URL [jdbc:h2:mem:gymcrm-test]
	Database driver: H2 JDBC Driver
	Database dialect: H2Dialect
	Database version: 2.4.240
	Default catalog/schema: GYMCRM-TEST/PUBLIC
	Autocommit mode: undefined/unknown
	Isolation level: READ_COMMITTED [default READ_COMMITTED]
	JDBC fetch size: 100
	Pool: DataSourceConnectionProvider
	Minimum pool size: undefined/unknown
	Maximum pool size: undefined/unknown
2026-07-13 11:00:37.199 [main] INFO  [org.hibernate.orm.core] HHH000489: No JTA platform available (set 'hibernate.transaction.jta.platform' to enable JTA platform integration)
2026-07-13 11:00:37.291 [main] INFO  [o.s.o.j.LocalContainerEntityManagerFactoryBean] Initialized JPA EntityManagerFactory for persistence unit 'default'
2026-07-13 11:00:37.377 [main] INFO  [o.s.d.j.r.q.QueryEnhancerFactories] Hibernate is in classpath; If applicable, HQL parser will be used.
2026-07-13 11:00:39.170 [main] WARN  [o.s.b.j.a.JpaBaseConfiguration$JpaWebConfiguration] spring.jpa.open-in-view is enabled by default. Therefore, database queries may be performed during view rendering. Explicitly configure spring.jpa.open-in-view to disable this warning
2026-07-13 11:00:39.390 [main] WARN  [o.s.w.c.s.GenericWebApplicationContext] Exception encountered during context initialization - cancelling refresh attempt: org.springframework.beans.factory.BeanCreationException: Error creating bean with name 'requestMappingHandlerMapping' defined in class path resource [org/springframework/boot/webmvc/autoconfigure/WebMvcAutoConfiguration$EnableWebMvcConfiguration.class]: Invalid mapping on handler class [com.elioth.epam.gymcrm.controller.AuthenticationController]: public org.springframework.http.ResponseEntity com.elioth.epam.gymcrm.controller.AuthenticationController.login(java.lang.String,java.lang.String,jakarta.servlet.http.HttpSession)
2026-07-13 11:00:39.391 [main] INFO  [o.s.o.j.LocalContainerEntityManagerFactoryBean] Closing JPA EntityManagerFactory for persistence unit 'default'
2026-07-13 11:00:39.401 [main] INFO  [com.zaxxer.hikari.HikariDataSource] HikariPool-1 - Shutdown initiated...
2026-07-13 11:00:39.403 [main] INFO  [com.zaxxer.hikari.HikariDataSource] HikariPool-1 - Shutdown completed.
2026-07-13 11:00:39.415 [main] INFO  [o.s.b.a.l.ConditionEvaluationReportLogger] 

Error starting ApplicationContext. To display the condition evaluation report re-run your application with 'debug' enabled.
2026-07-13 11:00:39.431 [main] ERROR [o.s.boot.SpringApplication] Application run failed
org.springframework.beans.factory.BeanCreationException: Error creating bean with name 'requestMappingHandlerMapping' defined in class path resource [org/springframework/boot/webmvc/autoconfigure/WebMvcAutoConfiguration$EnableWebMvcConfiguration.class]: Invalid mapping on handler class [com.elioth.epam.gymcrm.controller.AuthenticationController]: public org.springframework.http.ResponseEntity com.elioth.epam.gymcrm.controller.AuthenticationController.login(java.lang.String,java.lang.String,jakarta.servlet.http.HttpSession)
	at org.springframework.beans.factory.support.AbstractAutowireCapableBeanFactory.initializeBean(AbstractAutowireCapableBeanFactory.java:1817)
	at org.springframework.beans.factory.support.AbstractAutowireCapableBeanFactory.doCreateBean(AbstractAutowireCapableBeanFactory.java:603)
	at org.springframework.beans.factory.support.AbstractAutowireCapableBeanFactory.createBean(AbstractAutowireCapableBeanFactory.java:525)
	at org.springframework.beans.factory.support.AbstractBeanFactory.lambda$doGetBean$0(AbstractBeanFactory.java:333)
	at org.springframework.beans.factory.support.DefaultSingletonBeanRegistry.getSingleton(DefaultSingletonBeanRegistry.java:371)
	at org.springframework.beans.factory.support.AbstractBeanFactory.doGetBean(AbstractBeanFactory.java:331)
	at org.springframework.beans.factory.support.AbstractBeanFactory.getBean(AbstractBeanFactory.java:196)
	at org.springframework.beans.factory.support.DefaultListableBeanFactory.instantiateSingleton(DefaultListableBeanFactory.java:1218)
	at org.springframework.beans.factory.support.DefaultListableBeanFactory.preInstantiateSingleton(DefaultListableBeanFactory.java:1184)
	at org.springframework.beans.factory.support.DefaultListableBeanFactory.preInstantiateSingletons(DefaultListableBeanFactory.java:1121)
	at org.springframework.context.support.AbstractApplicationContext.finishBeanFactoryInitialization(AbstractApplicationContext.java:994)
	at org.springframework.context.support.AbstractApplicationContext.refresh(AbstractApplicationContext.java:621)
	at org.springframework.boot.SpringApplication.refresh(SpringApplication.java:756)
	at org.springframework.boot.SpringApplication.refreshContext(SpringApplication.java:445)
	at org.springframework.boot.SpringApplication.run(SpringApplication.java:321)
	at org.springframework.boot.test.context.SpringBootContextLoader.lambda$loadContext$2(SpringBootContextLoader.java:155)
	at org.springframework.util.function.ThrowingSupplier.get(ThrowingSupplier.java:58)
	at org.springframework.util.function.ThrowingSupplier.get(ThrowingSupplier.java:46)
	at org.springframework.boot.SpringApplication.withHook(SpringApplication.java:1465)
	at org.springframework.boot.test.context.SpringBootContextLoader$ContextLoaderHook.run(SpringBootContextLoader.java:600)
	at org.springframework.boot.test.context.SpringBootContextLoader.loadContext(SpringBootContextLoader.java:155)
	at org.springframework.boot.test.context.SpringBootContextLoader.loadContext(SpringBootContextLoader.java:114)
	at org.springframework.test.context.cache.DefaultCacheAwareContextLoaderDelegate.loadContextInternal(DefaultCacheAwareContextLoaderDelegate.java:247)
	at org.springframework.test.context.cache.DefaultCacheAwareContextLoaderDelegate.lambda$loadContext$0(DefaultCacheAwareContextLoaderDelegate.java:167)
	at org.springframework.test.context.cache.DefaultContextCache.put(DefaultContextCache.java:214)
	at org.springframework.test.context.cache.DefaultCacheAwareContextLoaderDelegate.loadContext(DefaultCacheAwareContextLoaderDelegate.java:160)
	at org.springframework.test.context.support.DefaultTestContext.getApplicationContext(DefaultTestContext.java:128)
	at org.springframework.test.context.web.ServletTestExecutionListener.setUpRequestContextIfNecessary(ServletTestExecutionListener.java:200)
	at org.springframework.test.context.web.ServletTestExecutionListener.prepareTestInstance(ServletTestExecutionListener.java:139)
	at org.springframework.test.context.TestContextManager.prepareTestInstance(TestContextManager.java:260)
	at org.springframework.test.context.junit.jupiter.SpringExtension.postProcessTestInstance(SpringExtension.java:242)
	at org.junit.jupiter.engine.descriptor.ClassBasedTestDescriptor.lambda$invokeTestInstancePostProcessors$1(ClassBasedTestDescriptor.java:423)
	at org.junit.jupiter.engine.descriptor.ClassBasedTestDescriptor.executeAndMaskThrowable(ClassBasedTestDescriptor.java:428)
	at org.junit.jupiter.engine.descriptor.ClassBasedTestDescriptor.lambda$invokeTestInstancePostProcessors$0(ClassBasedTestDescriptor.java:422)
	at java.base/java.util.stream.ForEachOps$ForEachOp$OfRef.accept(ForEachOps.java:184)
	at java.base/java.util.stream.ReferencePipeline$3$1.accept(ReferencePipeline.java:197)
	at java.base/java.util.stream.ReferencePipeline$2$1.accept(ReferencePipeline.java:179)
	at java.base/java.util.stream.ReferencePipeline$3$1.accept(ReferencePipeline.java:197)
	at java.base/java.util.ArrayList$ArrayListSpliterator.forEachRemaining(ArrayList.java:1708)
	at java.base/java.util.stream.AbstractPipeline.copyInto(AbstractPipeline.java:509)
	at java.base/java.util.stream.AbstractPipeline.wrapAndCopyInto(AbstractPipeline.java:499)
	at java.base/java.util.stream.ForEachOps$ForEachOp.evaluateSequential(ForEachOps.java:151)
	at java.base/java.util.stream.ForEachOps$ForEachOp$OfRef.evaluateSequential(ForEachOps.java:174)
	at java.base/java.util.stream.AbstractPipeline.evaluate(AbstractPipeline.java:234)
	at java.base/java.util.stream.ReferencePipeline.forEach(ReferencePipeline.java:596)
	at org.junit.jupiter.engine.descriptor.ClassBasedTestDescriptor.invokeTestInstancePostProcessors(ClassBasedTestDescriptor.java:422)
	at org.junit.jupiter.engine.descriptor.ClassBasedTestDescriptor.lambda$instantiateAndPostProcessTestInstance$0(ClassBasedTestDescriptor.java:334)
	at org.junit.platform.engine.support.hierarchical.ThrowableCollector.execute(ThrowableCollector.java:74)
	at org.junit.jupiter.engine.descriptor.ClassBasedTestDescriptor.instantiateAndPostProcessTestInstance(ClassBasedTestDescriptor.java:333)
	at org.junit.jupiter.engine.descriptor.ClassBasedTestDescriptor.lambda$testInstancesProvider$1(ClassBasedTestDescriptor.java:322)
	at java.base/java.util.Optional.orElseGet(Optional.java:364)
	at org.junit.jupiter.engine.descriptor.ClassBasedTestDescriptor.lambda$testInstancesProvider$0(ClassBasedTestDescriptor.java:321)
	at org.junit.jupiter.engine.execution.TestInstancesProvider.getTestInstances(TestInstancesProvider.java:27)
	at org.junit.jupiter.engine.descriptor.TestMethodTestDescriptor.lambda$prepare$0(TestMethodTestDescriptor.java:127)
	at org.junit.platform.engine.support.hierarchical.ThrowableCollector.execute(ThrowableCollector.java:74)
	at org.junit.jupiter.engine.descriptor.TestMethodTestDescriptor.prepare(TestMethodTestDescriptor.java:126)
	at org.junit.jupiter.engine.descriptor.TestMethodTestDescriptor.prepare(TestMethodTestDescriptor.java:70)
	at org.junit.platform.engine.support.hierarchical.NodeTestTask.lambda$prepare$0(NodeTestTask.java:144)
	at org.junit.platform.engine.support.hierarchical.ThrowableCollector.execute(ThrowableCollector.java:74)
	at org.junit.platform.engine.support.hierarchical.NodeTestTask.prepare(NodeTestTask.java:144)
	at org.junit.platform.engine.support.hierarchical.NodeTestTask.execute(NodeTestTask.java:110)
	at java.base/java.util.ArrayList.forEach(ArrayList.java:1596)
	at org.junit.platform.engine.support.hierarchical.SameThreadHierarchicalTestExecutorService.invokeAll(SameThreadHierarchicalTestExecutorService.java:42)
	at org.junit.platform.engine.support.hierarchical.NodeTestTask.lambda$executeRecursively$2(NodeTestTask.java:180)
	at org.junit.platform.engine.support.hierarchical.ThrowableCollector.execute(ThrowableCollector.java:74)
	at org.junit.platform.engine.support.hierarchical.NodeTestTask.lambda$executeRecursively$1(NodeTestTask.java:166)
	at org.junit.platform.engine.support.hierarchical.Node.around(Node.java:138)
	at org.junit.platform.engine.support.hierarchical.NodeTestTask.lambda$executeRecursively$0(NodeTestTask.java:164)
	at org.junit.platform.engine.support.hierarchical.ThrowableCollector.execute(ThrowableCollector.java:74)
	at org.junit.platform.engine.support.hierarchical.NodeTestTask.executeRecursively(NodeTestTask.java:163)
	at org.junit.platform.engine.support.hierarchical.NodeTestTask.execute(NodeTestTask.java:116)
	at java.base/java.util.ArrayList.forEach(ArrayList.java:1596)
	at org.junit.platform.engine.support.hierarchical.SameThreadHierarchicalTestExecutorService.invokeAll(SameThreadHierarchicalTestExecutorService.java:42)
	at org.junit.platform.engine.support.hierarchical.NodeTestTask.lambda$executeRecursively$2(NodeTestTask.java:180)
	at org.junit.platform.engine.support.hierarchical.ThrowableCollector.execute(ThrowableCollector.java:74)
	at org.junit.platform.engine.support.hierarchical.NodeTestTask.lambda$executeRecursively$1(NodeTestTask.java:166)
	at org.junit.platform.engine.support.hierarchical.Node.around(Node.java:138)
	at org.junit.platform.engine.support.hierarchical.NodeTestTask.lambda$executeRecursively$0(NodeTestTask.java:164)
	at org.junit.platform.engine.support.hierarchical.ThrowableCollector.execute(ThrowableCollector.java:74)
	at org.junit.platform.engine.support.hierarchical.NodeTestTask.executeRecursively(NodeTestTask.java:163)
	at org.junit.platform.engine.support.hierarchical.NodeTestTask.execute(NodeTestTask.java:116)
	at org.junit.platform.engine.support.hierarchical.SameThreadHierarchicalTestExecutorService.submit(SameThreadHierarchicalTestExecutorService.java:36)
	at org.junit.platform.engine.support.hierarchical.HierarchicalTestExecutor.execute(HierarchicalTestExecutor.java:52)
	at org.junit.platform.engine.support.hierarchical.HierarchicalTestEngine.execute(HierarchicalTestEngine.java:58)
	at org.junit.platform.launcher.core.EngineExecutionOrchestrator.executeEngine(EngineExecutionOrchestrator.java:246)
	at org.junit.platform.launcher.core.EngineExecutionOrchestrator.failOrExecuteEngine(EngineExecutionOrchestrator.java:218)
	at org.junit.platform.launcher.core.EngineExecutionOrchestrator.execute(EngineExecutionOrchestrator.java:179)
	at org.junit.platform.launcher.core.EngineExecutionOrchestrator.execute(EngineExecutionOrchestrator.java:108)
	at org.junit.platform.launcher.core.EngineExecutionOrchestrator.lambda$execute$0(EngineExecutionOrchestrator.java:66)
	at org.junit.platform.launcher.core.EngineExecutionOrchestrator.withInterceptedStreams(EngineExecutionOrchestrator.java:157)
	at org.junit.platform.launcher.core.EngineExecutionOrchestrator.execute(EngineExecutionOrchestrator.java:65)
	at org.junit.platform.launcher.core.DefaultLauncher.execute(DefaultLauncher.java:125)
	at org.junit.platform.launcher.core.DefaultLauncher.execute(DefaultLauncher.java:114)
	at org.junit.platform.launcher.core.DelegatingLauncher.execute(DelegatingLauncher.java:58)
	at org.junit.platform.launcher.core.InterceptingLauncher.lambda$execute$2(InterceptingLauncher.java:57)
	at org.junit.platform.launcher.core.ClasspathAlignmentCheckingLauncherInterceptor.intercept(ClasspathAlignmentCheckingLauncherInterceptor.java:25)
	at org.junit.platform.launcher.core.InterceptingLauncher.execute(InterceptingLauncher.java:56)
	at org.junit.platform.launcher.core.DelegatingLauncher.execute(DelegatingLauncher.java:58)
	at java.base/jdk.internal.reflect.DirectMethodHandleAccessor.invoke(DirectMethodHandleAccessor.java:103)
	at java.base/java.lang.reflect.Method.invoke(Method.java:580)
	at org.apache.maven.surefire.api.util.ReflectionUtils.invokeMethodWithArray(ReflectionUtils.java:125)
	at org.apache.maven.surefire.junitplatform.LauncherAdapter.executeWithCancellationToken(LauncherAdapter.java:68)
	at org.apache.maven.surefire.junitplatform.LauncherAdapter.execute(LauncherAdapter.java:54)
	at org.apache.maven.surefire.junitplatform.JUnitPlatformProvider.execute(JUnitPlatformProvider.java:203)
	at org.apache.maven.surefire.junitplatform.JUnitPlatformProvider.invokeAllTests(JUnitPlatformProvider.java:168)
	at org.apache.maven.surefire.junitplatform.JUnitPlatformProvider.invoke(JUnitPlatformProvider.java:136)
	at org.apache.maven.surefire.booter.ForkedBooter.runSuitesInProcess(ForkedBooter.java:385)
	at org.apache.maven.surefire.booter.ForkedBooter.execute(ForkedBooter.java:162)
	at org.apache.maven.surefire.booter.ForkedBooter.run(ForkedBooter.java:507)
	at org.apache.maven.surefire.booter.ForkedBooter.main(ForkedBooter.java:495)
Caused by: java.lang.IllegalStateException: Invalid mapping on handler class [com.elioth.epam.gymcrm.controller.AuthenticationController]: public org.springframework.http.ResponseEntity com.elioth.epam.gymcrm.controller.AuthenticationController.login(java.lang.String,java.lang.String,jakarta.servlet.http.HttpSession)
	at org.springframework.web.servlet.handler.AbstractHandlerMethodMapping.lambda$detectHandlerMethods$0(AbstractHandlerMethodMapping.java:283)
	at org.springframework.core.MethodIntrospector.lambda$selectMethods$0(MethodIntrospector.java:76)
	at org.springframework.util.ReflectionUtils.doWithMethods(ReflectionUtils.java:366)
	at org.springframework.core.MethodIntrospector.selectMethods(MethodIntrospector.java:74)
	at org.springframework.web.servlet.handler.AbstractHandlerMethodMapping.detectHandlerMethods(AbstractHandlerMethodMapping.java:276)
	at org.springframework.web.servlet.handler.AbstractHandlerMethodMapping.processCandidateBean(AbstractHandlerMethodMapping.java:261)
	at org.springframework.web.servlet.handler.AbstractHandlerMethodMapping.initHandlerMethods(AbstractHandlerMethodMapping.java:220)
	at org.springframework.web.servlet.handler.AbstractHandlerMethodMapping.afterPropertiesSet(AbstractHandlerMethodMapping.java:208)
	at org.springframework.web.servlet.mvc.method.annotation.RequestMappingHandlerMapping.afterPropertiesSet(RequestMappingHandlerMapping.java:158)
	at org.springframework.beans.factory.support.AbstractAutowireCapableBeanFactory.invokeInitMethods(AbstractAutowireCapableBeanFactory.java:1864)
	at org.springframework.beans.factory.support.AbstractAutowireCapableBeanFactory.initializeBean(AbstractAutowireCapableBeanFactory.java:1813)
	... 109 common frames omitted
Caused by: org.springframework.http.InvalidMediaTypeException: Invalid mime type "": 'mimeType' must not be empty
	at org.springframework.http.MediaType.parseMediaType(MediaType.java:669)
	at org.springframework.web.servlet.mvc.condition.AbstractMediaTypeExpression.<init>(AbstractMediaTypeExpression.java:50)
	at org.springframework.web.servlet.mvc.condition.ConsumesRequestCondition$ConsumeMediaTypeExpression.<init>(ConsumesRequestCondition.java:278)
	at org.springframework.web.servlet.mvc.condition.ConsumesRequestCondition.parseExpressions(ConsumesRequestCondition.java:102)
	at org.springframework.web.servlet.mvc.condition.ConsumesRequestCondition.<init>(ConsumesRequestCondition.java:80)
	at org.springframework.web.servlet.mvc.method.RequestMappingInfo$DefaultBuilder.build(RequestMappingInfo.java:806)
	at org.springframework.web.servlet.mvc.method.annotation.RequestMappingHandlerMapping.createRequestMappingInfo(RequestMappingHandlerMapping.java:385)
	at org.springframework.web.servlet.mvc.method.annotation.RequestMappingHandlerMapping.createRequestMappingInfo(RequestMappingHandlerMapping.java:289)
	at org.springframework.web.servlet.mvc.method.annotation.RequestMappingHandlerMapping.getMappingForMethod(RequestMappingHandlerMapping.java:209)
	at org.springframework.web.servlet.mvc.method.annotation.RequestMappingHandlerMapping.getMappingForMethod(RequestMappingHandlerMapping.java:80)
	at org.springframework.web.servlet.handler.AbstractHandlerMethodMapping.lambda$detectHandlerMethods$0(AbstractHandlerMethodMapping.java:279)
	... 119 common frames omitted
Caused by: org.springframework.util.InvalidMimeTypeException: Invalid mime type "": 'mimeType' must not be empty
	at org.springframework.util.MimeTypeUtils.parseMimeType(MimeTypeUtils.java:197)
	at org.springframework.http.MediaType.parseMediaType(MediaType.java:666)
	... 129 common frames omitted
2026-07-13 11:00:39.437 [main] WARN  [o.s.test.context.TestContextManager] Caught exception while allowing TestExecutionListener [org.springframework.test.context.web.ServletTestExecutionListener] to prepare test instance [com.elioth.epam.gymcrm.GymCrmApiApplicationTests@3471a8da]
java.lang.IllegalStateException: Failed to load ApplicationContext for [WebMergedContextConfiguration@317b33a1 testClass = com.elioth.epam.gymcrm.GymCrmApiApplicationTests, locations = [], classes = [com.elioth.epam.gymcrm.GymCrmApiApplication], contextInitializerClasses = [], activeProfiles = ["test"], propertySourceDescriptors = [], propertySourceProperties = ["org.springframework.boot.test.context.SpringBootTestContextBootstrapper=true"], contextCustomizers = [org.springframework.boot.web.server.context.SpringBootTestRandomPortContextCustomizer@47ffe971, org.springframework.boot.test.context.PropertyMappingContextCustomizer@0, org.springframework.boot.test.context.filter.ExcludeFilterContextCustomizer@4af70944, org.springframework.boot.test.json.DuplicateJsonObjectContextCustomizerFactory$DuplicateJsonObjectContextCustomizer@1e0895f5, org.springframework.boot.test.autoconfigure.OnFailureConditionReportContextCustomizerFactory$OnFailureConditionReportContextCustomizer@4ee5b2d9, org.springframework.test.context.support.DynamicPropertiesContextCustomizer@0, org.springframework.boot.test.context.SpringBootTestAnnotation@f38baced], resourceBasePath = "src/main/webapp", contextLoader = org.springframework.boot.test.context.SpringBootContextLoader, parent = null]
	at org.springframework.test.context.cache.DefaultCacheAwareContextLoaderDelegate.lambda$loadContext$0(DefaultCacheAwareContextLoaderDelegate.java:195)
	at org.springframework.test.context.cache.DefaultContextCache.put(DefaultContextCache.java:214)
	at org.springframework.test.context.cache.DefaultCacheAwareContextLoaderDelegate.loadContext(DefaultCacheAwareContextLoaderDelegate.java:160)
	at org.springframework.test.context.support.DefaultTestContext.getApplicationContext(DefaultTestContext.java:128)
	at org.springframework.test.context.web.ServletTestExecutionListener.setUpRequestContextIfNecessary(ServletTestExecutionListener.java:200)
	at org.springframework.test.context.web.ServletTestExecutionListener.prepareTestInstance(ServletTestExecutionListener.java:139)
	at org.springframework.test.context.TestContextManager.prepareTestInstance(TestContextManager.java:260)
	at org.springframework.test.context.junit.jupiter.SpringExtension.postProcessTestInstance(SpringExtension.java:242)
	at org.junit.jupiter.engine.descriptor.ClassBasedTestDescriptor.lambda$invokeTestInstancePostProcessors$1(ClassBasedTestDescriptor.java:423)
	at org.junit.jupiter.engine.descriptor.ClassBasedTestDescriptor.executeAndMaskThrowable(ClassBasedTestDescriptor.java:428)
	at org.junit.jupiter.engine.descriptor.ClassBasedTestDescriptor.lambda$invokeTestInstancePostProcessors$0(ClassBasedTestDescriptor.java:422)
	at java.base/java.util.stream.ForEachOps$ForEachOp$OfRef.accept(ForEachOps.java:184)
	at java.base/java.util.stream.ReferencePipeline$3$1.accept(ReferencePipeline.java:197)
	at java.base/java.util.stream.ReferencePipeline$2$1.accept(ReferencePipeline.java:179)
	at java.base/java.util.stream.ReferencePipeline$3$1.accept(ReferencePipeline.java:197)
	at java.base/java.util.ArrayList$ArrayListSpliterator.forEachRemaining(ArrayList.java:1708)
	at java.base/java.util.stream.AbstractPipeline.copyInto(AbstractPipeline.java:509)
	at java.base/java.util.stream.AbstractPipeline.wrapAndCopyInto(AbstractPipeline.java:499)
	at java.base/java.util.stream.ForEachOps$ForEachOp.evaluateSequential(ForEachOps.java:151)
	at java.base/java.util.stream.ForEachOps$ForEachOp$OfRef.evaluateSequential(ForEachOps.java:174)
	at java.base/java.util.stream.AbstractPipeline.evaluate(AbstractPipeline.java:234)
	at java.base/java.util.stream.ReferencePipeline.forEach(ReferencePipeline.java:596)
	at org.junit.jupiter.engine.descriptor.ClassBasedTestDescriptor.invokeTestInstancePostProcessors(ClassBasedTestDescriptor.java:422)
	at org.junit.jupiter.engine.descriptor.ClassBasedTestDescriptor.lambda$instantiateAndPostProcessTestInstance$0(ClassBasedTestDescriptor.java:334)
	at org.junit.platform.engine.support.hierarchical.ThrowableCollector.execute(ThrowableCollector.java:74)
	at org.junit.jupiter.engine.descriptor.ClassBasedTestDescriptor.instantiateAndPostProcessTestInstance(ClassBasedTestDescriptor.java:333)
	at org.junit.jupiter.engine.descriptor.ClassBasedTestDescriptor.lambda$testInstancesProvider$1(ClassBasedTestDescriptor.java:322)
	at java.base/java.util.Optional.orElseGet(Optional.java:364)
	at org.junit.jupiter.engine.descriptor.ClassBasedTestDescriptor.lambda$testInstancesProvider$0(ClassBasedTestDescriptor.java:321)
	at org.junit.jupiter.engine.execution.TestInstancesProvider.getTestInstances(TestInstancesProvider.java:27)
	at org.junit.jupiter.engine.descriptor.TestMethodTestDescriptor.lambda$prepare$0(TestMethodTestDescriptor.java:127)
	at org.junit.platform.engine.support.hierarchical.ThrowableCollector.execute(ThrowableCollector.java:74)
	at org.junit.jupiter.engine.descriptor.TestMethodTestDescriptor.prepare(TestMethodTestDescriptor.java:126)
	at org.junit.jupiter.engine.descriptor.TestMethodTestDescriptor.prepare(TestMethodTestDescriptor.java:70)
	at org.junit.platform.engine.support.hierarchical.NodeTestTask.lambda$prepare$0(NodeTestTask.java:144)
	at org.junit.platform.engine.support.hierarchical.ThrowableCollector.execute(ThrowableCollector.java:74)
	at org.junit.platform.engine.support.hierarchical.NodeTestTask.prepare(NodeTestTask.java:144)
	at org.junit.platform.engine.support.hierarchical.NodeTestTask.execute(NodeTestTask.java:110)
	at java.base/java.util.ArrayList.forEach(ArrayList.java:1596)
	at org.junit.platform.engine.support.hierarchical.SameThreadHierarchicalTestExecutorService.invokeAll(SameThreadHierarchicalTestExecutorService.java:42)
	at org.junit.platform.engine.support.hierarchical.NodeTestTask.lambda$executeRecursively$2(NodeTestTask.java:180)
	at org.junit.platform.engine.support.hierarchical.ThrowableCollector.execute(ThrowableCollector.java:74)
	at org.junit.platform.engine.support.hierarchical.NodeTestTask.lambda$executeRecursively$1(NodeTestTask.java:166)
	at org.junit.platform.engine.support.hierarchical.Node.around(Node.java:138)
	at org.junit.platform.engine.support.hierarchical.NodeTestTask.lambda$executeRecursively$0(NodeTestTask.java:164)
	at org.junit.platform.engine.support.hierarchical.ThrowableCollector.execute(ThrowableCollector.java:74)
	at org.junit.platform.engine.support.hierarchical.NodeTestTask.executeRecursively(NodeTestTask.java:163)
	at org.junit.platform.engine.support.hierarchical.NodeTestTask.execute(NodeTestTask.java:116)
	at java.base/java.util.ArrayList.forEach(ArrayList.java:1596)
	at org.junit.platform.engine.support.hierarchical.SameThreadHierarchicalTestExecutorService.invokeAll(SameThreadHierarchicalTestExecutorService.java:42)
	at org.junit.platform.engine.support.hierarchical.NodeTestTask.lambda$executeRecursively$2(NodeTestTask.java:180)
	at org.junit.platform.engine.support.hierarchical.ThrowableCollector.execute(ThrowableCollector.java:74)
	at org.junit.platform.engine.support.hierarchical.NodeTestTask.lambda$executeRecursively$1(NodeTestTask.java:166)
	at org.junit.platform.engine.support.hierarchical.Node.around(Node.java:138)
	at org.junit.platform.engine.support.hierarchical.NodeTestTask.lambda$executeRecursively$0(NodeTestTask.java:164)
	at org.junit.platform.engine.support.hierarchical.ThrowableCollector.execute(ThrowableCollector.java:74)
	at org.junit.platform.engine.support.hierarchical.NodeTestTask.executeRecursively(NodeTestTask.java:163)
	at org.junit.platform.engine.support.hierarchical.NodeTestTask.execute(NodeTestTask.java:116)
	at org.junit.platform.engine.support.hierarchical.SameThreadHierarchicalTestExecutorService.submit(SameThreadHierarchicalTestExecutorService.java:36)
	at org.junit.platform.engine.support.hierarchical.HierarchicalTestExecutor.execute(HierarchicalTestExecutor.java:52)
	at org.junit.platform.engine.support.hierarchical.HierarchicalTestEngine.execute(HierarchicalTestEngine.java:58)
	at org.junit.platform.launcher.core.EngineExecutionOrchestrator.executeEngine(EngineExecutionOrchestrator.java:246)
	at org.junit.platform.launcher.core.EngineExecutionOrchestrator.failOrExecuteEngine(EngineExecutionOrchestrator.java:218)
	at org.junit.platform.launcher.core.EngineExecutionOrchestrator.execute(EngineExecutionOrchestrator.java:179)
	at org.junit.platform.launcher.core.EngineExecutionOrchestrator.execute(EngineExecutionOrchestrator.java:108)
	at org.junit.platform.launcher.core.EngineExecutionOrchestrator.lambda$execute$0(EngineExecutionOrchestrator.java:66)
	at org.junit.platform.launcher.core.EngineExecutionOrchestrator.withInterceptedStreams(EngineExecutionOrchestrator.java:157)
	at org.junit.platform.launcher.core.EngineExecutionOrchestrator.execute(EngineExecutionOrchestrator.java:65)
	at org.junit.platform.launcher.core.DefaultLauncher.execute(DefaultLauncher.java:125)
	at org.junit.platform.launcher.core.DefaultLauncher.execute(DefaultLauncher.java:114)
	at org.junit.platform.launcher.core.DelegatingLauncher.execute(DelegatingLauncher.java:58)
	at org.junit.platform.launcher.core.InterceptingLauncher.lambda$execute$2(InterceptingLauncher.java:57)
	at org.junit.platform.launcher.core.ClasspathAlignmentCheckingLauncherInterceptor.intercept(ClasspathAlignmentCheckingLauncherInterceptor.java:25)
	at org.junit.platform.launcher.core.InterceptingLauncher.execute(InterceptingLauncher.java:56)
	at org.junit.platform.launcher.core.DelegatingLauncher.execute(DelegatingLauncher.java:58)
	at java.base/jdk.internal.reflect.DirectMethodHandleAccessor.invoke(DirectMethodHandleAccessor.java:103)
	at java.base/java.lang.reflect.Method.invoke(Method.java:580)
	at org.apache.maven.surefire.api.util.ReflectionUtils.invokeMethodWithArray(ReflectionUtils.java:125)
	at org.apache.maven.surefire.junitplatform.LauncherAdapter.executeWithCancellationToken(LauncherAdapter.java:68)
	at org.apache.maven.surefire.junitplatform.LauncherAdapter.execute(LauncherAdapter.java:54)
	at org.apache.maven.surefire.junitplatform.JUnitPlatformProvider.execute(JUnitPlatformProvider.java:203)
	at org.apache.maven.surefire.junitplatform.JUnitPlatformProvider.invokeAllTests(JUnitPlatformProvider.java:168)
	at org.apache.maven.surefire.junitplatform.JUnitPlatformProvider.invoke(JUnitPlatformProvider.java:136)
	at org.apache.maven.surefire.booter.ForkedBooter.runSuitesInProcess(ForkedBooter.java:385)
	at org.apache.maven.surefire.booter.ForkedBooter.execute(ForkedBooter.java:162)
	at org.apache.maven.surefire.booter.ForkedBooter.run(ForkedBooter.java:507)
	at org.apache.maven.surefire.booter.ForkedBooter.main(ForkedBooter.java:495)
Caused by: org.springframework.beans.factory.BeanCreationException: Error creating bean with name 'requestMappingHandlerMapping' defined in class path resource [org/springframework/boot/webmvc/autoconfigure/WebMvcAutoConfiguration$EnableWebMvcConfiguration.class]: Invalid mapping on handler class [com.elioth.epam.gymcrm.controller.AuthenticationController]: public org.springframework.http.ResponseEntity com.elioth.epam.gymcrm.controller.AuthenticationController.login(java.lang.String,java.lang.String,jakarta.servlet.http.HttpSession)
	at org.springframework.beans.factory.support.AbstractAutowireCapableBeanFactory.initializeBean(AbstractAutowireCapableBeanFactory.java:1817)
	at org.springframework.beans.factory.support.AbstractAutowireCapableBeanFactory.doCreateBean(AbstractAutowireCapableBeanFactory.java:603)
	at org.springframework.beans.factory.support.AbstractAutowireCapableBeanFactory.createBean(AbstractAutowireCapableBeanFactory.java:525)
	at org.springframework.beans.factory.support.AbstractBeanFactory.lambda$doGetBean$0(AbstractBeanFactory.java:333)
	at org.springframework.beans.factory.support.DefaultSingletonBeanRegistry.getSingleton(DefaultSingletonBeanRegistry.java:371)
	at org.springframework.beans.factory.support.AbstractBeanFactory.doGetBean(AbstractBeanFactory.java:331)
	at org.springframework.beans.factory.support.AbstractBeanFactory.getBean(AbstractBeanFactory.java:196)
	at org.springframework.beans.factory.support.DefaultListableBeanFactory.instantiateSingleton(DefaultListableBeanFactory.java:1218)
	at org.springframework.beans.factory.support.DefaultListableBeanFactory.preInstantiateSingleton(DefaultListableBeanFactory.java:1184)
	at org.springframework.beans.factory.support.DefaultListableBeanFactory.preInstantiateSingletons(DefaultListableBeanFactory.java:1121)
	at org.springframework.context.support.AbstractApplicationContext.finishBeanFactoryInitialization(AbstractApplicationContext.java:994)
	at org.springframework.context.support.AbstractApplicationContext.refresh(AbstractApplicationContext.java:621)
	at org.springframework.boot.SpringApplication.refresh(SpringApplication.java:756)
	at org.springframework.boot.SpringApplication.refreshContext(SpringApplication.java:445)
	at org.springframework.boot.SpringApplication.run(SpringApplication.java:321)
	at org.springframework.boot.test.context.SpringBootContextLoader.lambda$loadContext$2(SpringBootContextLoader.java:155)
	at org.springframework.util.function.ThrowingSupplier.get(ThrowingSupplier.java:58)
	at org.springframework.util.function.ThrowingSupplier.get(ThrowingSupplier.java:46)
	at org.springframework.boot.SpringApplication.withHook(SpringApplication.java:1465)
	at org.springframework.boot.test.context.SpringBootContextLoader$ContextLoaderHook.run(SpringBootContextLoader.java:600)
	at org.springframework.boot.test.context.SpringBootContextLoader.loadContext(SpringBootContextLoader.java:155)
	at org.springframework.boot.test.context.SpringBootContextLoader.loadContext(SpringBootContextLoader.java:114)
	at org.springframework.test.context.cache.DefaultCacheAwareContextLoaderDelegate.loadContextInternal(DefaultCacheAwareContextLoaderDelegate.java:247)
	at org.springframework.test.context.cache.DefaultCacheAwareContextLoaderDelegate.lambda$loadContext$0(DefaultCacheAwareContextLoaderDelegate.java:167)
	... 86 common frames omitted
Caused by: java.lang.IllegalStateException: Invalid mapping on handler class [com.elioth.epam.gymcrm.controller.AuthenticationController]: public org.springframework.http.ResponseEntity com.elioth.epam.gymcrm.controller.AuthenticationController.login(java.lang.String,java.lang.String,jakarta.servlet.http.HttpSession)
	at org.springframework.web.servlet.handler.AbstractHandlerMethodMapping.lambda$detectHandlerMethods$0(AbstractHandlerMethodMapping.java:283)
	at org.springframework.core.MethodIntrospector.lambda$selectMethods$0(MethodIntrospector.java:76)
	at org.springframework.util.ReflectionUtils.doWithMethods(ReflectionUtils.java:366)
	at org.springframework.core.MethodIntrospector.selectMethods(MethodIntrospector.java:74)
	at org.springframework.web.servlet.handler.AbstractHandlerMethodMapping.detectHandlerMethods(AbstractHandlerMethodMapping.java:276)
	at org.springframework.web.servlet.handler.AbstractHandlerMethodMapping.processCandidateBean(AbstractHandlerMethodMapping.java:261)
	at org.springframework.web.servlet.handler.AbstractHandlerMethodMapping.initHandlerMethods(AbstractHandlerMethodMapping.java:220)
	at org.springframework.web.servlet.handler.AbstractHandlerMethodMapping.afterPropertiesSet(AbstractHandlerMethodMapping.java:208)
	at org.springframework.web.servlet.mvc.method.annotation.RequestMappingHandlerMapping.afterPropertiesSet(RequestMappingHandlerMapping.java:158)
	at org.springframework.beans.factory.support.AbstractAutowireCapableBeanFactory.invokeInitMethods(AbstractAutowireCapableBeanFactory.java:1864)
	at org.springframework.beans.factory.support.AbstractAutowireCapableBeanFactory.initializeBean(AbstractAutowireCapableBeanFactory.java:1813)
	... 109 common frames omitted
Caused by: org.springframework.http.InvalidMediaTypeException: Invalid mime type "": 'mimeType' must not be empty
	at org.springframework.http.MediaType.parseMediaType(MediaType.java:669)
	at org.springframework.web.servlet.mvc.condition.AbstractMediaTypeExpression.<init>(AbstractMediaTypeExpression.java:50)
	at org.springframework.web.servlet.mvc.condition.ConsumesRequestCondition$ConsumeMediaTypeExpression.<init>(ConsumesRequestCondition.java:278)
	at org.springframework.web.servlet.mvc.condition.ConsumesRequestCondition.parseExpressions(ConsumesRequestCondition.java:102)
	at org.springframework.web.servlet.mvc.condition.ConsumesRequestCondition.<init>(ConsumesRequestCondition.java:80)
	at org.springframework.web.servlet.mvc.method.RequestMappingInfo$DefaultBuilder.build(RequestMappingInfo.java:806)
	at org.springframework.web.servlet.mvc.method.annotation.RequestMappingHandlerMapping.createRequestMappingInfo(RequestMappingHandlerMapping.java:385)
	at org.springframework.web.servlet.mvc.method.annotation.RequestMappingHandlerMapping.createRequestMappingInfo(RequestMappingHandlerMapping.java:289)
	at org.springframework.web.servlet.mvc.method.annotation.RequestMappingHandlerMapping.getMappingForMethod(RequestMappingHandlerMapping.java:209)
	at org.springframework.web.servlet.mvc.method.annotation.RequestMappingHandlerMapping.getMappingForMethod(RequestMappingHandlerMapping.java:80)
	at org.springframework.web.servlet.handler.AbstractHandlerMethodMapping.lambda$detectHandlerMethods$0(AbstractHandlerMethodMapping.java:279)
	... 119 common frames omitted
Caused by: org.springframework.util.InvalidMimeTypeException: Invalid mime type "": 'mimeType' must not be empty
	at org.springframework.util.MimeTypeUtils.parseMimeType(MimeTypeUtils.java:197)
	at org.springframework.http.MediaType.parseMediaType(MediaType.java:666)
	... 129 common frames omitted
2026-07-13 11:01:49.736 [main] INFO  [c.e.e.g.GymCrmApiApplicationTests] Starting GymCrmApiApplicationTests using Java 21.0.11 with PID 44502 (started by aliothosa in /home/aliothosa/IdeaProjects/GYM-CRM/gym-crm-api)
2026-07-13 11:01:49.737 [main] INFO  [c.e.e.g.GymCrmApiApplicationTests] The following 1 profile is active: "test"
2026-07-13 11:01:50.553 [main] INFO  [o.s.d.r.c.RepositoryConfigurationDelegate] Bootstrapping Spring Data JPA repositories in DEFAULT mode.
2026-07-13 11:01:50.645 [main] INFO  [o.s.d.r.c.RepositoryConfigurationDelegate] Finished Spring Data repository scanning in 79 ms. Found 5 JPA repository interfaces.
2026-07-13 11:01:51.122 [main] INFO  [org.hibernate.orm.jpa] HHH008540: Processing PersistenceUnitInfo [name: default]
2026-07-13 11:01:51.199 [main] INFO  [org.hibernate.orm.core] HHH000001: Hibernate ORM core version 7.2.12.Final
2026-07-13 11:01:51.849 [main] INFO  [o.s.o.j.p.SpringPersistenceUnitInfo] No LoadTimeWeaver setup: ignoring JPA class transformer
2026-07-13 11:01:51.899 [main] INFO  [com.zaxxer.hikari.HikariDataSource] HikariPool-1 - Starting...
2026-07-13 11:01:52.258 [main] INFO  [com.zaxxer.hikari.pool.HikariPool] HikariPool-1 - Added connection conn0: url=jdbc:h2:mem:gymcrm-test user=SA
2026-07-13 11:01:52.261 [main] INFO  [com.zaxxer.hikari.HikariDataSource] HikariPool-1 - Start completed.
2026-07-13 11:01:52.301 [main] WARN  [org.hibernate.orm.deprecation] HHH90000025: H2Dialect does not need to be specified explicitly using 'hibernate.dialect' (remove the property setting and it will be selected by default)
2026-07-13 11:01:52.332 [main] INFO  [o.hibernate.orm.connections.pooling] HHH10001005: Database info:
	Database JDBC URL [jdbc:h2:mem:gymcrm-test]
	Database driver: H2 JDBC Driver
	Database dialect: H2Dialect
	Database version: 2.4.240
	Default catalog/schema: GYMCRM-TEST/PUBLIC
	Autocommit mode: undefined/unknown
	Isolation level: READ_COMMITTED [default READ_COMMITTED]
	JDBC fetch size: 100
	Pool: DataSourceConnectionProvider
	Minimum pool size: undefined/unknown
	Maximum pool size: undefined/unknown
2026-07-13 11:01:53.448 [main] INFO  [org.hibernate.orm.core] HHH000489: No JTA platform available (set 'hibernate.transaction.jta.platform' to enable JTA platform integration)
2026-07-13 11:01:53.526 [main] INFO  [o.s.o.j.LocalContainerEntityManagerFactoryBean] Initialized JPA EntityManagerFactory for persistence unit 'default'
2026-07-13 11:01:53.607 [main] INFO  [o.s.d.j.r.q.QueryEnhancerFactories] Hibernate is in classpath; If applicable, HQL parser will be used.
2026-07-13 11:01:55.219 [main] WARN  [o.s.b.j.a.JpaBaseConfiguration$JpaWebConfiguration] spring.jpa.open-in-view is enabled by default. Therefore, database queries may be performed during view rendering. Explicitly configure spring.jpa.open-in-view to disable this warning
2026-07-13 11:01:55.648 [main] INFO  [c.e.e.g.GymCrmApiApplicationTests] Started GymCrmApiApplicationTests in 6.404 seconds (process running for 8.333)
2026-07-13 11:01:56.084 [SpringApplicationShutdownHook] INFO  [o.s.o.j.LocalContainerEntityManagerFactoryBean] Closing JPA EntityManagerFactory for persistence unit 'default'
2026-07-13 11:01:56.219 [SpringApplicationShutdownHook] INFO  [com.zaxxer.hikari.HikariDataSource] HikariPool-1 - Shutdown initiated...
2026-07-13 11:01:56.221 [SpringApplicationShutdownHook] INFO  [com.zaxxer.hikari.HikariDataSource] HikariPool-1 - Shutdown completed.
2026-07-13 11:02:44.443 [main] INFO  [c.e.e.g.GymCrmApiApplicationTests] Starting GymCrmApiApplicationTests using Java 21.0.11 with PID 45012 (started by aliothosa in /home/aliothosa/IdeaProjects/GYM-CRM/gym-crm-api)
2026-07-13 11:02:44.444 [main] INFO  [c.e.e.g.GymCrmApiApplicationTests] The following 1 profile is active: "test"
2026-07-13 11:02:45.239 [main] INFO  [o.s.d.r.c.RepositoryConfigurationDelegate] Bootstrapping Spring Data JPA repositories in DEFAULT mode.
2026-07-13 11:02:45.324 [main] INFO  [o.s.d.r.c.RepositoryConfigurationDelegate] Finished Spring Data repository scanning in 76 ms. Found 5 JPA repository interfaces.
2026-07-13 11:02:45.908 [main] INFO  [org.hibernate.orm.jpa] HHH008540: Processing PersistenceUnitInfo [name: default]
2026-07-13 11:02:46.011 [main] INFO  [org.hibernate.orm.core] HHH000001: Hibernate ORM core version 7.2.12.Final
2026-07-13 11:02:46.698 [main] INFO  [o.s.o.j.p.SpringPersistenceUnitInfo] No LoadTimeWeaver setup: ignoring JPA class transformer
2026-07-13 11:02:46.742 [main] INFO  [com.zaxxer.hikari.HikariDataSource] HikariPool-1 - Starting...
2026-07-13 11:02:47.077 [main] INFO  [com.zaxxer.hikari.pool.HikariPool] HikariPool-1 - Added connection conn0: url=jdbc:h2:mem:gymcrm-test user=SA
2026-07-13 11:02:47.079 [main] INFO  [com.zaxxer.hikari.HikariDataSource] HikariPool-1 - Start completed.
2026-07-13 11:02:47.117 [main] WARN  [org.hibernate.orm.deprecation] HHH90000025: H2Dialect does not need to be specified explicitly using 'hibernate.dialect' (remove the property setting and it will be selected by default)
2026-07-13 11:02:47.152 [main] INFO  [o.hibernate.orm.connections.pooling] HHH10001005: Database info:
	Database JDBC URL [jdbc:h2:mem:gymcrm-test]
	Database driver: H2 JDBC Driver
	Database dialect: H2Dialect
	Database version: 2.4.240
	Default catalog/schema: GYMCRM-TEST/PUBLIC
	Autocommit mode: undefined/unknown
	Isolation level: READ_COMMITTED [default READ_COMMITTED]
	JDBC fetch size: 100
	Pool: DataSourceConnectionProvider
	Minimum pool size: undefined/unknown
	Maximum pool size: undefined/unknown
2026-07-13 11:02:48.435 [main] INFO  [org.hibernate.orm.core] HHH000489: No JTA platform available (set 'hibernate.transaction.jta.platform' to enable JTA platform integration)
2026-07-13 11:02:48.526 [main] INFO  [o.s.o.j.LocalContainerEntityManagerFactoryBean] Initialized JPA EntityManagerFactory for persistence unit 'default'
2026-07-13 11:02:48.628 [main] INFO  [o.s.d.j.r.q.QueryEnhancerFactories] Hibernate is in classpath; If applicable, HQL parser will be used.
2026-07-13 11:02:50.295 [main] WARN  [o.s.b.j.a.JpaBaseConfiguration$JpaWebConfiguration] spring.jpa.open-in-view is enabled by default. Therefore, database queries may be performed during view rendering. Explicitly configure spring.jpa.open-in-view to disable this warning
2026-07-13 11:02:50.771 [main] INFO  [c.e.e.g.GymCrmApiApplicationTests] Started GymCrmApiApplicationTests in 6.79 seconds (process running for 8.812)
2026-07-13 11:02:51.172 [SpringApplicationShutdownHook] INFO  [o.s.o.j.LocalContainerEntityManagerFactoryBean] Closing JPA EntityManagerFactory for persistence unit 'default'
2026-07-13 11:02:51.294 [SpringApplicationShutdownHook] INFO  [com.zaxxer.hikari.HikariDataSource] HikariPool-1 - Shutdown initiated...
2026-07-13 11:02:51.297 [SpringApplicationShutdownHook] INFO  [com.zaxxer.hikari.HikariDataSource] HikariPool-1 - Shutdown completed.
2026-07-13 11:11:20.858 [main] INFO  [c.e.e.g.GymCrmApiApplicationTests] Starting GymCrmApiApplicationTests using Java 21.0.11 with PID 82 (started by aliothosa in /home/aliothosa/IdeaProjects/GYM-CRM/gym-crm-api)
2026-07-13 11:11:20.859 [main] INFO  [c.e.e.g.GymCrmApiApplicationTests] The following 1 profile is active: "test"
2026-07-13 11:11:21.584 [main] INFO  [o.s.d.r.c.RepositoryConfigurationDelegate] Bootstrapping Spring Data JPA repositories in DEFAULT mode.
2026-07-13 11:11:21.644 [main] INFO  [o.s.d.r.c.RepositoryConfigurationDelegate] Finished Spring Data repository scanning in 51 ms. Found 5 JPA repository interfaces.
2026-07-13 11:11:22.151 [main] INFO  [org.hibernate.orm.jpa] HHH008540: Processing PersistenceUnitInfo [name: default]
2026-07-13 11:11:22.216 [main] INFO  [org.hibernate.orm.core] HHH000001: Hibernate ORM core version 7.2.12.Final
2026-07-13 11:11:22.733 [main] INFO  [o.s.o.j.p.SpringPersistenceUnitInfo] No LoadTimeWeaver setup: ignoring JPA class transformer
2026-07-13 11:11:22.769 [main] INFO  [com.zaxxer.hikari.HikariDataSource] HikariPool-1 - Starting...
2026-07-13 11:11:23.101 [main] INFO  [com.zaxxer.hikari.pool.HikariPool] HikariPool-1 - Added connection conn0: url=jdbc:h2:mem:gymcrm-test user=SA
2026-07-13 11:11:23.104 [main] INFO  [com.zaxxer.hikari.HikariDataSource] HikariPool-1 - Start completed.
2026-07-13 11:11:23.133 [main] WARN  [org.hibernate.orm.deprecation] HHH90000025: H2Dialect does not need to be specified explicitly using 'hibernate.dialect' (remove the property setting and it will be selected by default)
2026-07-13 11:11:23.166 [main] INFO  [o.hibernate.orm.connections.pooling] HHH10001005: Database info:
	Database JDBC URL [jdbc:h2:mem:gymcrm-test]
	Database driver: H2 JDBC Driver
	Database dialect: H2Dialect
	Database version: 2.4.240
	Default catalog/schema: GYMCRM-TEST/PUBLIC
	Autocommit mode: undefined/unknown
	Isolation level: READ_COMMITTED [default READ_COMMITTED]
	JDBC fetch size: 100
	Pool: DataSourceConnectionProvider
	Minimum pool size: undefined/unknown
	Maximum pool size: undefined/unknown
2026-07-13 11:11:24.314 [main] INFO  [org.hibernate.orm.core] HHH000489: No JTA platform available (set 'hibernate.transaction.jta.platform' to enable JTA platform integration)
2026-07-13 11:11:24.391 [main] INFO  [o.s.o.j.LocalContainerEntityManagerFactoryBean] Initialized JPA EntityManagerFactory for persistence unit 'default'
2026-07-13 11:11:24.474 [main] INFO  [o.s.d.j.r.q.QueryEnhancerFactories] Hibernate is in classpath; If applicable, HQL parser will be used.
2026-07-13 11:11:26.196 [main] WARN  [o.s.b.j.a.JpaBaseConfiguration$JpaWebConfiguration] spring.jpa.open-in-view is enabled by default. Therefore, database queries may be performed during view rendering. Explicitly configure spring.jpa.open-in-view to disable this warning
2026-07-13 11:11:26.654 [main] INFO  [c.e.e.g.GymCrmApiApplicationTests] Started GymCrmApiApplicationTests in 6.274 seconds (process running for 29.543)
2026-07-13 11:11:26.815 [SpringApplicationShutdownHook] INFO  [o.s.o.j.LocalContainerEntityManagerFactoryBean] Closing JPA EntityManagerFactory for persistence unit 'default'
2026-07-13 11:11:26.829 [SpringApplicationShutdownHook] INFO  [com.zaxxer.hikari.HikariDataSource] HikariPool-1 - Shutdown initiated...
2026-07-13 11:11:26.832 [SpringApplicationShutdownHook] INFO  [com.zaxxer.hikari.HikariDataSource] HikariPool-1 - Shutdown completed.
2026-07-13 11:11:49.874 [main] INFO  [c.e.e.g.GymCrmApiApplicationTests] Starting GymCrmApiApplicationTests using Java 21.0.11 with PID 49488 (started by aliothosa in /home/aliothosa/IdeaProjects/GYM-CRM/gym-crm-api)
2026-07-13 11:11:49.875 [main] INFO  [c.e.e.g.GymCrmApiApplicationTests] The following 1 profile is active: "test"
2026-07-13 11:11:50.665 [main] INFO  [o.s.d.r.c.RepositoryConfigurationDelegate] Bootstrapping Spring Data JPA repositories in DEFAULT mode.
2026-07-13 11:11:50.750 [main] INFO  [o.s.d.r.c.RepositoryConfigurationDelegate] Finished Spring Data repository scanning in 71 ms. Found 5 JPA repository interfaces.
2026-07-13 11:11:51.314 [main] INFO  [org.hibernate.orm.jpa] HHH008540: Processing PersistenceUnitInfo [name: default]
2026-07-13 11:11:51.370 [main] INFO  [org.hibernate.orm.core] HHH000001: Hibernate ORM core version 7.2.12.Final
2026-07-13 11:11:51.747 [main] INFO  [o.s.o.j.p.SpringPersistenceUnitInfo] No LoadTimeWeaver setup: ignoring JPA class transformer
2026-07-13 11:11:51.790 [main] INFO  [com.zaxxer.hikari.HikariDataSource] HikariPool-1 - Starting...
2026-07-13 11:11:52.094 [main] INFO  [com.zaxxer.hikari.pool.HikariPool] HikariPool-1 - Added connection conn0: url=jdbc:h2:mem:gymcrm-test user=SA
2026-07-13 11:11:52.097 [main] INFO  [com.zaxxer.hikari.HikariDataSource] HikariPool-1 - Start completed.
2026-07-13 11:11:52.124 [main] WARN  [org.hibernate.orm.deprecation] HHH90000025: H2Dialect does not need to be specified explicitly using 'hibernate.dialect' (remove the property setting and it will be selected by default)
2026-07-13 11:11:52.153 [main] INFO  [o.hibernate.orm.connections.pooling] HHH10001005: Database info:
	Database JDBC URL [jdbc:h2:mem:gymcrm-test]
	Database driver: H2 JDBC Driver
	Database dialect: H2Dialect
	Database version: 2.4.240
	Default catalog/schema: GYMCRM-TEST/PUBLIC
	Autocommit mode: undefined/unknown
	Isolation level: READ_COMMITTED [default READ_COMMITTED]
	JDBC fetch size: 100
	Pool: DataSourceConnectionProvider
	Minimum pool size: undefined/unknown
	Maximum pool size: undefined/unknown
2026-07-13 11:11:53.304 [main] INFO  [org.hibernate.orm.core] HHH000489: No JTA platform available (set 'hibernate.transaction.jta.platform' to enable JTA platform integration)
2026-07-13 11:11:53.383 [main] INFO  [o.s.o.j.LocalContainerEntityManagerFactoryBean] Initialized JPA EntityManagerFactory for persistence unit 'default'
2026-07-13 11:11:53.493 [main] INFO  [o.s.d.j.r.q.QueryEnhancerFactories] Hibernate is in classpath; If applicable, HQL parser will be used.
2026-07-13 11:11:55.230 [main] WARN  [o.s.b.j.a.JpaBaseConfiguration$JpaWebConfiguration] spring.jpa.open-in-view is enabled by default. Therefore, database queries may be performed during view rendering. Explicitly configure spring.jpa.open-in-view to disable this warning
2026-07-13 11:11:55.769 [main] INFO  [c.e.e.g.GymCrmApiApplicationTests] Started GymCrmApiApplicationTests in 6.473 seconds (process running for 10.076)
2026-07-13 11:11:55.811 [SpringApplicationShutdownHook] INFO  [o.s.o.j.LocalContainerEntityManagerFactoryBean] Closing JPA EntityManagerFactory for persistence unit 'default'
2026-07-13 11:11:55.927 [SpringApplicationShutdownHook] INFO  [com.zaxxer.hikari.HikariDataSource] HikariPool-1 - Shutdown initiated...
2026-07-13 11:11:55.929 [SpringApplicationShutdownHook] INFO  [com.zaxxer.hikari.HikariDataSource] HikariPool-1 - Shutdown completed.
2026-07-13 11:13:17.018 [main] INFO  [c.e.e.g.GymCrmApiApplicationTests] Starting GymCrmApiApplicationTests using Java 21.0.11 with PID 49896 (started by aliothosa in /home/aliothosa/IdeaProjects/GYM-CRM/gym-crm-api)
2026-07-13 11:13:17.019 [main] INFO  [c.e.e.g.GymCrmApiApplicationTests] The following 1 profile is active: "test"
2026-07-13 11:13:17.773 [main] INFO  [o.s.d.r.c.RepositoryConfigurationDelegate] Bootstrapping Spring Data JPA repositories in DEFAULT mode.
2026-07-13 11:13:17.845 [main] INFO  [o.s.d.r.c.RepositoryConfigurationDelegate] Finished Spring Data repository scanning in 63 ms. Found 5 JPA repository interfaces.
2026-07-13 11:13:18.358 [main] INFO  [org.hibernate.orm.jpa] HHH008540: Processing PersistenceUnitInfo [name: default]
2026-07-13 11:13:18.422 [main] INFO  [org.hibernate.orm.core] HHH000001: Hibernate ORM core version 7.2.12.Final
2026-07-13 11:13:18.813 [main] INFO  [o.s.o.j.p.SpringPersistenceUnitInfo] No LoadTimeWeaver setup: ignoring JPA class transformer
2026-07-13 11:13:18.858 [main] INFO  [com.zaxxer.hikari.HikariDataSource] HikariPool-1 - Starting...
2026-07-13 11:13:19.198 [main] INFO  [com.zaxxer.hikari.pool.HikariPool] HikariPool-1 - Added connection conn0: url=jdbc:h2:mem:gymcrm-test user=SA
2026-07-13 11:13:19.201 [main] INFO  [com.zaxxer.hikari.HikariDataSource] HikariPool-1 - Start completed.
2026-07-13 11:13:19.231 [main] WARN  [org.hibernate.orm.deprecation] HHH90000025: H2Dialect does not need to be specified explicitly using 'hibernate.dialect' (remove the property setting and it will be selected by default)
2026-07-13 11:13:19.261 [main] INFO  [o.hibernate.orm.connections.pooling] HHH10001005: Database info:
	Database JDBC URL [jdbc:h2:mem:gymcrm-test]
	Database driver: H2 JDBC Driver
	Database dialect: H2Dialect
	Database version: 2.4.240
	Default catalog/schema: GYMCRM-TEST/PUBLIC
	Autocommit mode: undefined/unknown
	Isolation level: READ_COMMITTED [default READ_COMMITTED]
	JDBC fetch size: 100
	Pool: DataSourceConnectionProvider
	Minimum pool size: undefined/unknown
	Maximum pool size: undefined/unknown
2026-07-13 11:13:20.409 [main] INFO  [org.hibernate.orm.core] HHH000489: No JTA platform available (set 'hibernate.transaction.jta.platform' to enable JTA platform integration)
2026-07-13 11:13:20.500 [main] INFO  [o.s.o.j.LocalContainerEntityManagerFactoryBean] Initialized JPA EntityManagerFactory for persistence unit 'default'
2026-07-13 11:13:20.582 [main] INFO  [o.s.d.j.r.q.QueryEnhancerFactories] Hibernate is in classpath; If applicable, HQL parser will be used.
2026-07-13 11:13:22.311 [main] WARN  [o.s.b.j.a.JpaBaseConfiguration$JpaWebConfiguration] spring.jpa.open-in-view is enabled by default. Therefore, database queries may be performed during view rendering. Explicitly configure spring.jpa.open-in-view to disable this warning
2026-07-13 11:13:22.781 [main] INFO  [c.e.e.g.GymCrmApiApplicationTests] Started GymCrmApiApplicationTests in 6.207 seconds (process running for 9.916)
2026-07-13 11:13:22.814 [SpringApplicationShutdownHook] INFO  [o.s.o.j.LocalContainerEntityManagerFactoryBean] Closing JPA EntityManagerFactory for persistence unit 'default'
2026-07-13 11:13:22.934 [SpringApplicationShutdownHook] INFO  [com.zaxxer.hikari.HikariDataSource] HikariPool-1 - Shutdown initiated...
2026-07-13 11:13:22.935 [SpringApplicationShutdownHook] INFO  [com.zaxxer.hikari.HikariDataSource] HikariPool-1 - Shutdown completed.
2026-07-13 11:19:18.946 [main] INFO  [c.e.e.g.GymCrmApiApplicationTests] Starting GymCrmApiApplicationTests using Java 21.0.11 with PID 51260 (started by aliothosa in /home/aliothosa/IdeaProjects/GYM-CRM/gym-crm-api)
2026-07-13 11:19:18.948 [main] INFO  [c.e.e.g.GymCrmApiApplicationTests] The following 1 profile is active: "test"
2026-07-13 11:19:19.911 [main] INFO  [o.s.d.r.c.RepositoryConfigurationDelegate] Bootstrapping Spring Data JPA repositories in DEFAULT mode.
2026-07-13 11:19:20.000 [main] INFO  [o.s.d.r.c.RepositoryConfigurationDelegate] Finished Spring Data repository scanning in 74 ms. Found 5 JPA repository interfaces.
2026-07-13 11:19:20.615 [main] INFO  [org.hibernate.orm.jpa] HHH008540: Processing PersistenceUnitInfo [name: default]
2026-07-13 11:19:20.696 [main] INFO  [org.hibernate.orm.core] HHH000001: Hibernate ORM core version 7.2.12.Final
2026-07-13 11:19:21.039 [main] INFO  [o.s.o.j.p.SpringPersistenceUnitInfo] No LoadTimeWeaver setup: ignoring JPA class transformer
2026-07-13 11:19:21.074 [main] INFO  [com.zaxxer.hikari.HikariDataSource] HikariPool-1 - Starting...
2026-07-13 11:19:21.394 [main] INFO  [com.zaxxer.hikari.pool.HikariPool] HikariPool-1 - Added connection conn0: url=jdbc:h2:mem:gymcrm-test user=SA
2026-07-13 11:19:21.396 [main] INFO  [com.zaxxer.hikari.HikariDataSource] HikariPool-1 - Start completed.
2026-07-13 11:19:21.425 [main] WARN  [org.hibernate.orm.deprecation] HHH90000025: H2Dialect does not need to be specified explicitly using 'hibernate.dialect' (remove the property setting and it will be selected by default)
2026-07-13 11:19:21.470 [main] INFO  [o.hibernate.orm.connections.pooling] HHH10001005: Database info:
	Database JDBC URL [jdbc:h2:mem:gymcrm-test]
	Database driver: H2 JDBC Driver
	Database dialect: H2Dialect
	Database version: 2.4.240
	Default catalog/schema: GYMCRM-TEST/PUBLIC
	Autocommit mode: undefined/unknown
	Isolation level: READ_COMMITTED [default READ_COMMITTED]
	JDBC fetch size: 100
	Pool: DataSourceConnectionProvider
	Minimum pool size: undefined/unknown
	Maximum pool size: undefined/unknown
2026-07-13 11:19:22.629 [main] INFO  [org.hibernate.orm.core] HHH000489: No JTA platform available (set 'hibernate.transaction.jta.platform' to enable JTA platform integration)
2026-07-13 11:19:22.718 [main] INFO  [o.s.o.j.LocalContainerEntityManagerFactoryBean] Initialized JPA EntityManagerFactory for persistence unit 'default'
2026-07-13 11:19:22.791 [main] INFO  [o.s.d.j.r.q.QueryEnhancerFactories] Hibernate is in classpath; If applicable, HQL parser will be used.
2026-07-13 11:19:24.517 [main] WARN  [o.s.b.j.a.JpaBaseConfiguration$JpaWebConfiguration] spring.jpa.open-in-view is enabled by default. Therefore, database queries may be performed during view rendering. Explicitly configure spring.jpa.open-in-view to disable this warning
2026-07-13 11:19:25.039 [main] INFO  [c.e.e.g.GymCrmApiApplicationTests] Started GymCrmApiApplicationTests in 6.702 seconds (process running for 10.169)
2026-07-13 11:19:25.081 [SpringApplicationShutdownHook] INFO  [o.s.o.j.LocalContainerEntityManagerFactoryBean] Closing JPA EntityManagerFactory for persistence unit 'default'
2026-07-13 11:19:25.199 [SpringApplicationShutdownHook] INFO  [com.zaxxer.hikari.HikariDataSource] HikariPool-1 - Shutdown initiated...
2026-07-13 11:19:25.202 [SpringApplicationShutdownHook] INFO  [com.zaxxer.hikari.HikariDataSource] HikariPool-1 - Shutdown completed.
2026-07-13 11:39:09.308 [main] INFO  [c.e.e.g.GymCrmApiApplicationTests] Starting GymCrmApiApplicationTests using Java 21.0.11 with PID 68210 (started by aliothosa in /home/aliothosa/IdeaProjects/GYM-CRM/gym-crm-api)
2026-07-13 11:39:09.311 [main] INFO  [c.e.e.g.GymCrmApiApplicationTests] The following 1 profile is active: "test"
2026-07-13 11:39:10.215 [main] INFO  [o.s.d.r.c.RepositoryConfigurationDelegate] Bootstrapping Spring Data JPA repositories in DEFAULT mode.
2026-07-13 11:39:10.304 [main] INFO  [o.s.d.r.c.RepositoryConfigurationDelegate] Finished Spring Data repository scanning in 75 ms. Found 5 JPA repository interfaces.
2026-07-13 11:39:10.860 [main] INFO  [org.hibernate.orm.jpa] HHH008540: Processing PersistenceUnitInfo [name: default]
2026-07-13 11:39:10.923 [main] INFO  [org.hibernate.orm.core] HHH000001: Hibernate ORM core version 7.2.12.Final
2026-07-13 11:39:11.298 [main] INFO  [o.s.o.j.p.SpringPersistenceUnitInfo] No LoadTimeWeaver setup: ignoring JPA class transformer
2026-07-13 11:39:11.339 [main] INFO  [com.zaxxer.hikari.HikariDataSource] HikariPool-1 - Starting...
2026-07-13 11:39:11.725 [main] INFO  [com.zaxxer.hikari.pool.HikariPool] HikariPool-1 - Added connection conn0: url=jdbc:h2:mem:gymcrm-test user=SA
2026-07-13 11:39:11.727 [main] INFO  [com.zaxxer.hikari.HikariDataSource] HikariPool-1 - Start completed.
2026-07-13 11:39:11.761 [main] WARN  [org.hibernate.orm.deprecation] HHH90000025: H2Dialect does not need to be specified explicitly using 'hibernate.dialect' (remove the property setting and it will be selected by default)
2026-07-13 11:39:11.797 [main] INFO  [o.hibernate.orm.connections.pooling] HHH10001005: Database info:
	Database JDBC URL [jdbc:h2:mem:gymcrm-test]
	Database driver: H2 JDBC Driver
	Database dialect: H2Dialect
	Database version: 2.4.240
	Default catalog/schema: GYMCRM-TEST/PUBLIC
	Autocommit mode: undefined/unknown
	Isolation level: READ_COMMITTED [default READ_COMMITTED]
	JDBC fetch size: 100
	Pool: DataSourceConnectionProvider
	Minimum pool size: undefined/unknown
	Maximum pool size: undefined/unknown
2026-07-13 11:39:12.872 [main] INFO  [org.hibernate.orm.core] HHH000489: No JTA platform available (set 'hibernate.transaction.jta.platform' to enable JTA platform integration)
2026-07-13 11:39:12.944 [main] INFO  [o.s.o.j.LocalContainerEntityManagerFactoryBean] Initialized JPA EntityManagerFactory for persistence unit 'default'
2026-07-13 11:39:13.029 [main] INFO  [o.s.d.j.r.q.QueryEnhancerFactories] Hibernate is in classpath; If applicable, HQL parser will be used.
2026-07-13 11:39:14.566 [main] WARN  [o.s.b.j.a.JpaBaseConfiguration$JpaWebConfiguration] spring.jpa.open-in-view is enabled by default. Therefore, database queries may be performed during view rendering. Explicitly configure spring.jpa.open-in-view to disable this warning
2026-07-13 11:39:14.978 [main] INFO  [c.e.e.g.GymCrmApiApplicationTests] Started GymCrmApiApplicationTests in 6.239 seconds (process running for 9.45)
2026-07-13 11:39:15.009 [SpringApplicationShutdownHook] INFO  [o.s.o.j.LocalContainerEntityManagerFactoryBean] Closing JPA EntityManagerFactory for persistence unit 'default'
2026-07-13 11:39:15.140 [SpringApplicationShutdownHook] INFO  [com.zaxxer.hikari.HikariDataSource] HikariPool-1 - Shutdown initiated...
2026-07-13 11:39:15.142 [SpringApplicationShutdownHook] INFO  [com.zaxxer.hikari.HikariDataSource] HikariPool-1 - Shutdown completed.
2026-07-13 11:42:41.193 [main] INFO  [c.e.e.g.GymCrmApiApplicationTests] Starting GymCrmApiApplicationTests using Java 21.0.11 with PID 69354 (started by aliothosa in /home/aliothosa/IdeaProjects/GYM-CRM/gym-crm-api)
2026-07-13 11:42:41.194 [main] INFO  [c.e.e.g.GymCrmApiApplicationTests] The following 1 profile is active: "test"
2026-07-13 11:42:42.028 [main] INFO  [o.s.d.r.c.RepositoryConfigurationDelegate] Bootstrapping Spring Data JPA repositories in DEFAULT mode.
2026-07-13 11:42:42.108 [main] INFO  [o.s.d.r.c.RepositoryConfigurationDelegate] Finished Spring Data repository scanning in 68 ms. Found 5 JPA repository interfaces.
2026-07-13 11:42:42.608 [main] INFO  [org.hibernate.orm.jpa] HHH008540: Processing PersistenceUnitInfo [name: default]
2026-07-13 11:42:42.676 [main] INFO  [org.hibernate.orm.core] HHH000001: Hibernate ORM core version 7.2.12.Final
2026-07-13 11:42:43.060 [main] INFO  [o.s.o.j.p.SpringPersistenceUnitInfo] No LoadTimeWeaver setup: ignoring JPA class transformer
2026-07-13 11:42:43.096 [main] INFO  [com.zaxxer.hikari.HikariDataSource] HikariPool-1 - Starting...
2026-07-13 11:42:43.418 [main] INFO  [com.zaxxer.hikari.pool.HikariPool] HikariPool-1 - Added connection conn0: url=jdbc:h2:mem:gymcrm-test user=SA
2026-07-13 11:42:43.420 [main] INFO  [com.zaxxer.hikari.HikariDataSource] HikariPool-1 - Start completed.
2026-07-13 11:42:43.446 [main] WARN  [org.hibernate.orm.deprecation] HHH90000025: H2Dialect does not need to be specified explicitly using 'hibernate.dialect' (remove the property setting and it will be selected by default)
2026-07-13 11:42:43.472 [main] INFO  [o.hibernate.orm.connections.pooling] HHH10001005: Database info:
	Database JDBC URL [jdbc:h2:mem:gymcrm-test]
	Database driver: H2 JDBC Driver
	Database dialect: H2Dialect
	Database version: 2.4.240
	Default catalog/schema: GYMCRM-TEST/PUBLIC
	Autocommit mode: undefined/unknown
	Isolation level: READ_COMMITTED [default READ_COMMITTED]
	JDBC fetch size: 100
	Pool: DataSourceConnectionProvider
	Minimum pool size: undefined/unknown
	Maximum pool size: undefined/unknown
2026-07-13 11:42:44.544 [main] INFO  [org.hibernate.orm.core] HHH000489: No JTA platform available (set 'hibernate.transaction.jta.platform' to enable JTA platform integration)
2026-07-13 11:42:44.620 [main] INFO  [o.s.o.j.LocalContainerEntityManagerFactoryBean] Initialized JPA EntityManagerFactory for persistence unit 'default'
2026-07-13 11:42:44.715 [main] INFO  [o.s.d.j.r.q.QueryEnhancerFactories] Hibernate is in classpath; If applicable, HQL parser will be used.
2026-07-13 11:42:47.026 [main] WARN  [o.s.b.j.a.JpaBaseConfiguration$JpaWebConfiguration] spring.jpa.open-in-view is enabled by default. Therefore, database queries may be performed during view rendering. Explicitly configure spring.jpa.open-in-view to disable this warning
2026-07-13 11:42:47.439 [main] INFO  [c.e.e.g.GymCrmApiApplicationTests] Started GymCrmApiApplicationTests in 6.835 seconds (process running for 10.254)
2026-07-13 11:42:47.473 [SpringApplicationShutdownHook] INFO  [o.s.o.j.LocalContainerEntityManagerFactoryBean] Closing JPA EntityManagerFactory for persistence unit 'default'
2026-07-13 11:42:47.601 [SpringApplicationShutdownHook] INFO  [com.zaxxer.hikari.HikariDataSource] HikariPool-1 - Shutdown initiated...
2026-07-13 11:42:47.603 [SpringApplicationShutdownHook] INFO  [com.zaxxer.hikari.HikariDataSource] HikariPool-1 - Shutdown completed.
2026-07-13 11:43:00.357 [main] INFO  [c.e.epam.gymcrm.GymCrmApiApplication] Starting GymCrmApiApplication using Java 21.0.11 with PID 69746 (/home/aliothosa/IdeaProjects/GYM-CRM/gym-crm-api/target/classes started by aliothosa in /home/aliothosa/IdeaProjects/GYM-CRM/gym-crm-api)
2026-07-13 11:43:00.359 [main] INFO  [c.e.epam.gymcrm.GymCrmApiApplication] No active profile set, falling back to 1 default profile: "default"
2026-07-13 11:43:00.760 [main] INFO  [o.s.d.r.c.RepositoryConfigurationDelegate] Bootstrapping Spring Data JPA repositories in DEFAULT mode.
2026-07-13 11:43:00.797 [main] INFO  [o.s.d.r.c.RepositoryConfigurationDelegate] Finished Spring Data repository scanning in 30 ms. Found 5 JPA repository interfaces.
2026-07-13 11:43:01.102 [main] INFO  [o.s.boot.tomcat.TomcatWebServer] Tomcat initialized with port 8080 (http)
2026-07-13 11:43:01.110 [main] INFO  [o.a.coyote.http11.Http11NioProtocol] Initializing ProtocolHandler ["http-nio-8080"]
2026-07-13 11:43:01.111 [main] INFO  [o.a.catalina.core.StandardService] Starting service [Tomcat]
2026-07-13 11:43:01.111 [main] INFO  [o.a.catalina.core.StandardEngine] Starting Servlet engine: [Apache Tomcat/11.0.21]
2026-07-13 11:43:01.137 [main] INFO  [o.s.b.w.c.s.WebApplicationContextInitializer] Root WebApplicationContext: initialization completed in 751 ms
2026-07-13 11:43:01.248 [main] INFO  [org.hibernate.orm.jpa] HHH008540: Processing PersistenceUnitInfo [name: default]
2026-07-13 11:43:01.286 [main] INFO  [org.hibernate.orm.core] HHH000001: Hibernate ORM core version 7.2.12.Final
2026-07-13 11:43:01.522 [main] INFO  [o.s.o.j.p.SpringPersistenceUnitInfo] No LoadTimeWeaver setup: ignoring JPA class transformer
2026-07-13 11:43:01.540 [main] INFO  [com.zaxxer.hikari.HikariDataSource] HikariPool-1 - Starting...
2026-07-13 11:43:01.639 [main] INFO  [com.zaxxer.hikari.pool.HikariPool] HikariPool-1 - Added connection org.postgresql.jdbc.PgConnection@141dfcf9
2026-07-13 11:43:01.640 [main] INFO  [com.zaxxer.hikari.HikariDataSource] HikariPool-1 - Start completed.
2026-07-13 11:43:01.658 [main] WARN  [org.hibernate.orm.deprecation] HHH90000025: PostgreSQLDialect does not need to be specified explicitly using 'hibernate.dialect' (remove the property setting and it will be selected by default)
2026-07-13 11:43:01.672 [main] INFO  [o.hibernate.orm.connections.pooling] HHH10001005: Database info:
	Database JDBC URL [jdbc:postgresql://localhost:5432/gymcrm]
	Database driver: PostgreSQL JDBC Driver
	Database dialect: PostgreSQLDialect
	Database version: 16.14
	Default catalog/schema: gymcrm/public
	Autocommit mode: undefined/unknown
	Isolation level: READ_COMMITTED [default READ_COMMITTED]
	JDBC fetch size: none
	Pool: DataSourceConnectionProvider
	Minimum pool size: undefined/unknown
	Maximum pool size: undefined/unknown
2026-07-13 11:43:02.274 [main] INFO  [org.hibernate.orm.core] HHH000489: No JTA platform available (set 'hibernate.transaction.jta.platform' to enable JTA platform integration)
2026-07-13 11:43:02.427 [main] INFO  [o.s.o.j.LocalContainerEntityManagerFactoryBean] Initialized JPA EntityManagerFactory for persistence unit 'default'
2026-07-13 11:43:02.503 [main] INFO  [o.s.d.j.r.q.QueryEnhancerFactories] Hibernate is in classpath; If applicable, HQL parser will be used.
2026-07-13 11:43:03.710 [main] WARN  [o.s.b.j.a.JpaBaseConfiguration$JpaWebConfiguration] spring.jpa.open-in-view is enabled by default. Therefore, database queries may be performed during view rendering. Explicitly configure spring.jpa.open-in-view to disable this warning
2026-07-13 11:43:03.956 [main] INFO  [o.a.coyote.http11.Http11NioProtocol] Starting ProtocolHandler ["http-nio-8080"]
2026-07-13 11:43:03.965 [main] INFO  [o.s.boot.tomcat.TomcatWebServer] Tomcat started on port 8080 (http) with context path '/'
2026-07-13 11:43:03.969 [main] INFO  [c.e.epam.gymcrm.GymCrmApiApplication] Started GymCrmApiApplication in 3.978 seconds (process running for 4.185)
2026-07-13 11:43:07.131 [http-nio-8080-exec-1] INFO  [o.a.c.c.C.[Tomcat].[localhost].[/]] Initializing Spring DispatcherServlet 'dispatcherServlet'
2026-07-13 11:43:07.131 [http-nio-8080-exec-1] INFO  [o.s.web.servlet.DispatcherServlet] Initializing Servlet 'dispatcherServlet'
2026-07-13 11:43:07.132 [http-nio-8080-exec-1] INFO  [o.s.web.servlet.DispatcherServlet] Completed initialization in 1 ms
2026-07-13 11:45:32.780 [SpringApplicationShutdownHook] INFO  [o.s.boot.tomcat.GracefulShutdown] Commencing graceful shutdown. Waiting for active requests to complete
2026-07-13 11:45:32.783 [tomcat-shutdown] INFO  [o.s.boot.tomcat.GracefulShutdown] Graceful shutdown complete
2026-07-13 11:45:32.788 [SpringApplicationShutdownHook] INFO  [o.s.o.j.LocalContainerEntityManagerFactoryBean] Closing JPA EntityManagerFactory for persistence unit 'default'
2026-07-13 11:45:32.850 [SpringApplicationShutdownHook] INFO  [com.zaxxer.hikari.HikariDataSource] HikariPool-1 - Shutdown initiated...
2026-07-13 11:45:32.852 [SpringApplicationShutdownHook] INFO  [com.zaxxer.hikari.HikariDataSource] HikariPool-1 - Shutdown completed.
2026-07-13 11:45:58.733 [main] INFO  [c.e.e.g.GymCrmApiApplicationTests] Starting GymCrmApiApplicationTests using Java 21.0.11 with PID 70915 (started by aliothosa in /home/aliothosa/IdeaProjects/GYM-CRM/gym-crm-api)
2026-07-13 11:45:58.735 [main] INFO  [c.e.e.g.GymCrmApiApplicationTests] The following 1 profile is active: "test"
2026-07-13 11:45:59.543 [main] INFO  [o.s.d.r.c.RepositoryConfigurationDelegate] Bootstrapping Spring Data JPA repositories in DEFAULT mode.
2026-07-13 11:45:59.613 [main] INFO  [o.s.d.r.c.RepositoryConfigurationDelegate] Finished Spring Data repository scanning in 59 ms. Found 5 JPA repository interfaces.
2026-07-13 11:46:00.113 [main] INFO  [org.hibernate.orm.jpa] HHH008540: Processing PersistenceUnitInfo [name: default]
2026-07-13 11:46:00.178 [main] INFO  [org.hibernate.orm.core] HHH000001: Hibernate ORM core version 7.2.12.Final
2026-07-13 11:46:00.523 [main] INFO  [o.s.o.j.p.SpringPersistenceUnitInfo] No LoadTimeWeaver setup: ignoring JPA class transformer
2026-07-13 11:46:00.558 [main] INFO  [com.zaxxer.hikari.HikariDataSource] HikariPool-1 - Starting...
2026-07-13 11:46:00.846 [main] INFO  [com.zaxxer.hikari.pool.HikariPool] HikariPool-1 - Added connection conn0: url=jdbc:h2:mem:gymcrm-test user=SA
2026-07-13 11:46:00.848 [main] INFO  [com.zaxxer.hikari.HikariDataSource] HikariPool-1 - Start completed.
2026-07-13 11:46:00.874 [main] WARN  [org.hibernate.orm.deprecation] HHH90000025: H2Dialect does not need to be specified explicitly using 'hibernate.dialect' (remove the property setting and it will be selected by default)
2026-07-13 11:46:00.900 [main] INFO  [o.hibernate.orm.connections.pooling] HHH10001005: Database info:
	Database JDBC URL [jdbc:h2:mem:gymcrm-test]
	Database driver: H2 JDBC Driver
	Database dialect: H2Dialect
	Database version: 2.4.240
	Default catalog/schema: GYMCRM-TEST/PUBLIC
	Autocommit mode: undefined/unknown
	Isolation level: READ_COMMITTED [default READ_COMMITTED]
	JDBC fetch size: 100
	Pool: DataSourceConnectionProvider
	Minimum pool size: undefined/unknown
	Maximum pool size: undefined/unknown
2026-07-13 11:46:01.933 [main] INFO  [org.hibernate.orm.core] HHH000489: No JTA platform available (set 'hibernate.transaction.jta.platform' to enable JTA platform integration)
2026-07-13 11:46:02.019 [main] INFO  [o.s.o.j.LocalContainerEntityManagerFactoryBean] Initialized JPA EntityManagerFactory for persistence unit 'default'
2026-07-13 11:46:02.100 [main] INFO  [o.s.d.j.r.q.QueryEnhancerFactories] Hibernate is in classpath; If applicable, HQL parser will be used.
2026-07-13 11:46:03.876 [main] WARN  [o.s.b.j.a.JpaBaseConfiguration$JpaWebConfiguration] spring.jpa.open-in-view is enabled by default. Therefore, database queries may be performed during view rendering. Explicitly configure spring.jpa.open-in-view to disable this warning
2026-07-13 11:46:04.280 [main] INFO  [c.e.e.g.GymCrmApiApplicationTests] Started GymCrmApiApplicationTests in 6.053 seconds (process running for 9.263)
2026-07-13 11:46:04.315 [SpringApplicationShutdownHook] INFO  [o.s.o.j.LocalContainerEntityManagerFactoryBean] Closing JPA EntityManagerFactory for persistence unit 'default'
2026-07-13 11:46:04.440 [SpringApplicationShutdownHook] INFO  [com.zaxxer.hikari.HikariDataSource] HikariPool-1 - Shutdown initiated...
2026-07-13 11:46:04.442 [SpringApplicationShutdownHook] INFO  [com.zaxxer.hikari.HikariDataSource] HikariPool-1 - Shutdown completed.
2026-07-13 11:46:19.258 [main] INFO  [c.e.epam.gymcrm.GymCrmApiApplication] Starting GymCrmApiApplication using Java 21.0.11 with PID 71321 (/home/aliothosa/IdeaProjects/GYM-CRM/gym-crm-api/target/classes started by aliothosa in /home/aliothosa/IdeaProjects/GYM-CRM/gym-crm-api)
2026-07-13 11:46:19.260 [main] INFO  [c.e.epam.gymcrm.GymCrmApiApplication] No active profile set, falling back to 1 default profile: "default"
2026-07-13 11:46:19.716 [main] INFO  [o.s.d.r.c.RepositoryConfigurationDelegate] Bootstrapping Spring Data JPA repositories in DEFAULT mode.
2026-07-13 11:46:19.757 [main] INFO  [o.s.d.r.c.RepositoryConfigurationDelegate] Finished Spring Data repository scanning in 34 ms. Found 5 JPA repository interfaces.
2026-07-13 11:46:20.078 [main] INFO  [o.s.boot.tomcat.TomcatWebServer] Tomcat initialized with port 8080 (http)
2026-07-13 11:46:20.086 [main] INFO  [o.a.coyote.http11.Http11NioProtocol] Initializing ProtocolHandler ["http-nio-8080"]
2026-07-13 11:46:20.087 [main] INFO  [o.a.catalina.core.StandardService] Starting service [Tomcat]
2026-07-13 11:46:20.087 [main] INFO  [o.a.catalina.core.StandardEngine] Starting Servlet engine: [Apache Tomcat/11.0.21]
2026-07-13 11:46:20.115 [main] INFO  [o.s.b.w.c.s.WebApplicationContextInitializer] Root WebApplicationContext: initialization completed in 817 ms
2026-07-13 11:46:20.220 [main] INFO  [org.hibernate.orm.jpa] HHH008540: Processing PersistenceUnitInfo [name: default]
2026-07-13 11:46:20.248 [main] INFO  [org.hibernate.orm.core] HHH000001: Hibernate ORM core version 7.2.12.Final
2026-07-13 11:46:20.506 [main] INFO  [o.s.o.j.p.SpringPersistenceUnitInfo] No LoadTimeWeaver setup: ignoring JPA class transformer
2026-07-13 11:46:20.533 [main] INFO  [com.zaxxer.hikari.HikariDataSource] HikariPool-1 - Starting...
2026-07-13 11:46:20.657 [main] INFO  [com.zaxxer.hikari.pool.HikariPool] HikariPool-1 - Added connection org.postgresql.jdbc.PgConnection@a7bbdbc
2026-07-13 11:46:20.658 [main] INFO  [com.zaxxer.hikari.HikariDataSource] HikariPool-1 - Start completed.
2026-07-13 11:46:20.677 [main] WARN  [org.hibernate.orm.deprecation] HHH90000025: PostgreSQLDialect does not need to be specified explicitly using 'hibernate.dialect' (remove the property setting and it will be selected by default)
2026-07-13 11:46:20.691 [main] INFO  [o.hibernate.orm.connections.pooling] HHH10001005: Database info:
	Database JDBC URL [jdbc:postgresql://localhost:5432/gymcrm]
	Database driver: PostgreSQL JDBC Driver
	Database dialect: PostgreSQLDialect
	Database version: 16.14
	Default catalog/schema: gymcrm/public
	Autocommit mode: undefined/unknown
	Isolation level: READ_COMMITTED [default READ_COMMITTED]
	JDBC fetch size: none
	Pool: DataSourceConnectionProvider
	Minimum pool size: undefined/unknown
	Maximum pool size: undefined/unknown
2026-07-13 11:46:21.279 [main] INFO  [org.hibernate.orm.core] HHH000489: No JTA platform available (set 'hibernate.transaction.jta.platform' to enable JTA platform integration)
2026-07-13 11:46:21.444 [main] INFO  [o.s.o.j.LocalContainerEntityManagerFactoryBean] Initialized JPA EntityManagerFactory for persistence unit 'default'
2026-07-13 11:46:21.514 [main] INFO  [o.s.d.j.r.q.QueryEnhancerFactories] Hibernate is in classpath; If applicable, HQL parser will be used.
2026-07-13 11:46:22.781 [main] WARN  [o.s.b.j.a.JpaBaseConfiguration$JpaWebConfiguration] spring.jpa.open-in-view is enabled by default. Therefore, database queries may be performed during view rendering. Explicitly configure spring.jpa.open-in-view to disable this warning
2026-07-13 11:46:23.029 [main] INFO  [o.a.coyote.http11.Http11NioProtocol] Starting ProtocolHandler ["http-nio-8080"]
2026-07-13 11:46:23.040 [main] INFO  [o.s.boot.tomcat.TomcatWebServer] Tomcat started on port 8080 (http) with context path '/'
2026-07-13 11:46:23.044 [main] INFO  [c.e.epam.gymcrm.GymCrmApiApplication] Started GymCrmApiApplication in 4.122 seconds (process running for 4.325)
2026-07-13 11:46:26.085 [http-nio-8080-exec-1] INFO  [o.a.c.c.C.[Tomcat].[localhost].[/]] Initializing Spring DispatcherServlet 'dispatcherServlet'
2026-07-13 11:46:26.085 [http-nio-8080-exec-1] INFO  [o.s.web.servlet.DispatcherServlet] Initializing Servlet 'dispatcherServlet'
2026-07-13 11:46:26.086 [http-nio-8080-exec-1] INFO  [o.s.web.servlet.DispatcherServlet] Completed initialization in 1 ms
2026-07-13 11:47:12.493 [SpringApplicationShutdownHook] INFO  [o.s.boot.tomcat.GracefulShutdown] Commencing graceful shutdown. Waiting for active requests to complete
2026-07-13 11:47:12.496 [tomcat-shutdown] INFO  [o.s.boot.tomcat.GracefulShutdown] Graceful shutdown complete
2026-07-13 11:47:12.501 [SpringApplicationShutdownHook] INFO  [o.s.o.j.LocalContainerEntityManagerFactoryBean] Closing JPA EntityManagerFactory for persistence unit 'default'
2026-07-13 11:47:12.563 [SpringApplicationShutdownHook] INFO  [com.zaxxer.hikari.HikariDataSource] HikariPool-1 - Shutdown initiated...
2026-07-13 11:47:12.567 [SpringApplicationShutdownHook] INFO  [com.zaxxer.hikari.HikariDataSource] HikariPool-1 - Shutdown completed.
2026-07-13 12:06:03.084 [main] INFO  [c.e.e.g.GymCrmApiApplicationTests] Starting GymCrmApiApplicationTests using Java 21.0.11 with PID 73401 (started by aliothosa in /home/aliothosa/IdeaProjects/GYM-CRM/gym-crm-api)
2026-07-13 12:06:03.086 [main] INFO  [c.e.e.g.GymCrmApiApplicationTests] The following 1 profile is active: "test"
2026-07-13 12:06:03.954 [main] INFO  [o.s.d.r.c.RepositoryConfigurationDelegate] Bootstrapping Spring Data JPA repositories in DEFAULT mode.
2026-07-13 12:06:04.039 [main] INFO  [o.s.d.r.c.RepositoryConfigurationDelegate] Finished Spring Data repository scanning in 72 ms. Found 5 JPA repository interfaces.
2026-07-13 12:06:04.637 [main] INFO  [org.hibernate.orm.jpa] HHH008540: Processing PersistenceUnitInfo [name: default]
2026-07-13 12:06:04.723 [main] INFO  [org.hibernate.orm.core] HHH000001: Hibernate ORM core version 7.2.12.Final
2026-07-13 12:06:05.530 [main] INFO  [o.s.o.j.p.SpringPersistenceUnitInfo] No LoadTimeWeaver setup: ignoring JPA class transformer
2026-07-13 12:06:05.583 [main] INFO  [com.zaxxer.hikari.HikariDataSource] HikariPool-1 - Starting...
2026-07-13 12:06:05.966 [main] INFO  [com.zaxxer.hikari.pool.HikariPool] HikariPool-1 - Added connection conn0: url=jdbc:h2:mem:gymcrm-test user=SA
2026-07-13 12:06:05.968 [main] INFO  [com.zaxxer.hikari.HikariDataSource] HikariPool-1 - Start completed.
2026-07-13 12:06:06.005 [main] WARN  [org.hibernate.orm.deprecation] HHH90000025: H2Dialect does not need to be specified explicitly using 'hibernate.dialect' (remove the property setting and it will be selected by default)
2026-07-13 12:06:06.048 [main] INFO  [o.hibernate.orm.connections.pooling] HHH10001005: Database info:
	Database JDBC URL [jdbc:h2:mem:gymcrm-test]
	Database driver: H2 JDBC Driver
	Database dialect: H2Dialect
	Database version: 2.4.240
	Default catalog/schema: GYMCRM-TEST/PUBLIC
	Autocommit mode: undefined/unknown
	Isolation level: READ_COMMITTED [default READ_COMMITTED]
	JDBC fetch size: 100
	Pool: DataSourceConnectionProvider
	Minimum pool size: undefined/unknown
	Maximum pool size: undefined/unknown
2026-07-13 12:06:07.248 [main] INFO  [org.hibernate.orm.core] HHH000489: No JTA platform available (set 'hibernate.transaction.jta.platform' to enable JTA platform integration)
2026-07-13 12:06:07.343 [main] INFO  [o.s.o.j.LocalContainerEntityManagerFactoryBean] Initialized JPA EntityManagerFactory for persistence unit 'default'
2026-07-13 12:06:07.454 [main] INFO  [o.s.d.j.r.q.QueryEnhancerFactories] Hibernate is in classpath; If applicable, HQL parser will be used.
2026-07-13 12:06:09.166 [main] WARN  [o.s.b.j.a.JpaBaseConfiguration$JpaWebConfiguration] spring.jpa.open-in-view is enabled by default. Therefore, database queries may be performed during view rendering. Explicitly configure spring.jpa.open-in-view to disable this warning
2026-07-13 12:06:09.626 [main] INFO  [c.e.e.g.GymCrmApiApplicationTests] Started GymCrmApiApplicationTests in 7.076 seconds (process running for 8.918)
2026-07-13 12:06:10.095 [SpringApplicationShutdownHook] INFO  [o.s.o.j.LocalContainerEntityManagerFactoryBean] Closing JPA EntityManagerFactory for persistence unit 'default'
2026-07-13 12:06:10.211 [SpringApplicationShutdownHook] INFO  [com.zaxxer.hikari.HikariDataSource] HikariPool-1 - Shutdown initiated...
2026-07-13 12:06:10.214 [SpringApplicationShutdownHook] INFO  [com.zaxxer.hikari.HikariDataSource] HikariPool-1 - Shutdown completed.
2026-07-13 12:06:29.980 [main] INFO  [c.e.e.g.GymCrmApiApplicationTests] Starting GymCrmApiApplicationTests using Java 21.0.11 with PID 73628 (started by aliothosa in /home/aliothosa/IdeaProjects/GYM-CRM/gym-crm-api)
2026-07-13 12:06:29.982 [main] INFO  [c.e.e.g.GymCrmApiApplicationTests] The following 1 profile is active: "test"
2026-07-13 12:06:30.784 [main] INFO  [o.s.d.r.c.RepositoryConfigurationDelegate] Bootstrapping Spring Data JPA repositories in DEFAULT mode.
2026-07-13 12:06:30.858 [main] INFO  [o.s.d.r.c.RepositoryConfigurationDelegate] Finished Spring Data repository scanning in 61 ms. Found 5 JPA repository interfaces.
2026-07-13 12:06:31.377 [main] INFO  [org.hibernate.orm.jpa] HHH008540: Processing PersistenceUnitInfo [name: default]
2026-07-13 12:06:31.444 [main] INFO  [org.hibernate.orm.core] HHH000001: Hibernate ORM core version 7.2.12.Final
2026-07-13 12:06:31.777 [main] INFO  [o.s.o.j.p.SpringPersistenceUnitInfo] No LoadTimeWeaver setup: ignoring JPA class transformer
2026-07-13 12:06:31.815 [main] INFO  [com.zaxxer.hikari.HikariDataSource] HikariPool-1 - Starting...
2026-07-13 12:06:32.163 [main] INFO  [com.zaxxer.hikari.pool.HikariPool] HikariPool-1 - Added connection conn0: url=jdbc:h2:mem:gymcrm-test user=SA
2026-07-13 12:06:32.165 [main] INFO  [com.zaxxer.hikari.HikariDataSource] HikariPool-1 - Start completed.
2026-07-13 12:06:32.196 [main] WARN  [org.hibernate.orm.deprecation] HHH90000025: H2Dialect does not need to be specified explicitly using 'hibernate.dialect' (remove the property setting and it will be selected by default)
2026-07-13 12:06:32.235 [main] INFO  [o.hibernate.orm.connections.pooling] HHH10001005: Database info:
	Database JDBC URL [jdbc:h2:mem:gymcrm-test]
	Database driver: H2 JDBC Driver
	Database dialect: H2Dialect
	Database version: 2.4.240
	Default catalog/schema: GYMCRM-TEST/PUBLIC
	Autocommit mode: undefined/unknown
	Isolation level: READ_COMMITTED [default READ_COMMITTED]
	JDBC fetch size: 100
	Pool: DataSourceConnectionProvider
	Minimum pool size: undefined/unknown
	Maximum pool size: undefined/unknown
2026-07-13 12:06:33.509 [main] INFO  [org.hibernate.orm.core] HHH000489: No JTA platform available (set 'hibernate.transaction.jta.platform' to enable JTA platform integration)
2026-07-13 12:06:33.604 [main] INFO  [o.s.o.j.LocalContainerEntityManagerFactoryBean] Initialized JPA EntityManagerFactory for persistence unit 'default'
2026-07-13 12:06:33.708 [main] INFO  [o.s.d.j.r.q.QueryEnhancerFactories] Hibernate is in classpath; If applicable, HQL parser will be used.
2026-07-13 12:06:35.474 [main] WARN  [o.s.b.j.a.JpaBaseConfiguration$JpaWebConfiguration] spring.jpa.open-in-view is enabled by default. Therefore, database queries may be performed during view rendering. Explicitly configure spring.jpa.open-in-view to disable this warning
2026-07-13 12:06:35.970 [main] INFO  [c.e.e.g.GymCrmApiApplicationTests] Started GymCrmApiApplicationTests in 6.598 seconds (process running for 10.218)
2026-07-13 12:06:36.015 [SpringApplicationShutdownHook] INFO  [o.s.o.j.LocalContainerEntityManagerFactoryBean] Closing JPA EntityManagerFactory for persistence unit 'default'
2026-07-13 12:06:36.138 [SpringApplicationShutdownHook] INFO  [com.zaxxer.hikari.HikariDataSource] HikariPool-1 - Shutdown initiated...
2026-07-13 12:06:36.140 [SpringApplicationShutdownHook] INFO  [com.zaxxer.hikari.HikariDataSource] HikariPool-1 - Shutdown completed.
2026-07-13 12:11:06.917 [background-preinit] INFO  [o.h.validator.internal.util.Version] HV000001: Hibernate Validator 9.0.1.Final
2026-07-13 12:11:06.963 [main] INFO  [c.e.e.g.config.SwaggerAccessTest] Starting SwaggerAccessTest using Java 21.0.11 with PID 76589 (started by aliothosa in /home/aliothosa/IdeaProjects/GYM-CRM/gym-crm-api)
2026-07-13 12:11:06.964 [main] INFO  [c.e.e.g.config.SwaggerAccessTest] The following 1 profile is active: "test"
2026-07-13 12:11:08.392 [main] INFO  [o.s.d.r.c.RepositoryConfigurationDelegate] Bootstrapping Spring Data JPA repositories in DEFAULT mode.
2026-07-13 12:11:08.472 [main] INFO  [o.s.d.r.c.RepositoryConfigurationDelegate] Finished Spring Data repository scanning in 67 ms. Found 5 JPA repository interfaces.
2026-07-13 12:11:09.054 [main] INFO  [org.hibernate.orm.jpa] HHH008540: Processing PersistenceUnitInfo [name: default]
2026-07-13 12:11:09.121 [main] INFO  [org.hibernate.orm.core] HHH000001: Hibernate ORM core version 7.2.12.Final
2026-07-13 12:11:09.485 [main] INFO  [o.s.o.j.p.SpringPersistenceUnitInfo] No LoadTimeWeaver setup: ignoring JPA class transformer
2026-07-13 12:11:09.522 [main] INFO  [com.zaxxer.hikari.HikariDataSource] HikariPool-1 - Starting...
2026-07-13 12:11:09.862 [main] INFO  [com.zaxxer.hikari.pool.HikariPool] HikariPool-1 - Added connection conn0: url=jdbc:h2:mem:gymcrm-test user=SA
2026-07-13 12:11:09.864 [main] INFO  [com.zaxxer.hikari.HikariDataSource] HikariPool-1 - Start completed.
2026-07-13 12:11:09.898 [main] WARN  [org.hibernate.orm.deprecation] HHH90000025: H2Dialect does not need to be specified explicitly using 'hibernate.dialect' (remove the property setting and it will be selected by default)
2026-07-13 12:11:09.933 [main] INFO  [o.hibernate.orm.connections.pooling] HHH10001005: Database info:
	Database JDBC URL [jdbc:h2:mem:gymcrm-test]
	Database driver: H2 JDBC Driver
	Database dialect: H2Dialect
	Database version: 2.4.240
	Default catalog/schema: GYMCRM-TEST/PUBLIC
	Autocommit mode: undefined/unknown
	Isolation level: READ_COMMITTED [default READ_COMMITTED]
	JDBC fetch size: 100
	Pool: DataSourceConnectionProvider
	Minimum pool size: undefined/unknown
	Maximum pool size: undefined/unknown
2026-07-13 12:11:11.252 [main] INFO  [org.hibernate.orm.core] HHH000489: No JTA platform available (set 'hibernate.transaction.jta.platform' to enable JTA platform integration)
2026-07-13 12:11:11.365 [main] INFO  [o.s.o.j.LocalContainerEntityManagerFactoryBean] Initialized JPA EntityManagerFactory for persistence unit 'default'
2026-07-13 12:11:11.485 [main] INFO  [o.s.d.j.r.q.QueryEnhancerFactories] Hibernate is in classpath; If applicable, HQL parser will be used.
2026-07-13 12:11:13.725 [main] WARN  [o.s.b.j.a.JpaBaseConfiguration$JpaWebConfiguration] spring.jpa.open-in-view is enabled by default. Therefore, database queries may be performed during view rendering. Explicitly configure spring.jpa.open-in-view to disable this warning
2026-07-13 12:11:14.402 [main] INFO  [c.e.e.g.config.SwaggerAccessTest] Started SwaggerAccessTest in 8.13 seconds (process running for 12.203)
2026-07-13 12:11:14.423 [main] INFO  [o.s.b.t.m.w.SpringBootMockServletContext] Initializing Spring TestDispatcherServlet ''
2026-07-13 12:11:14.423 [main] INFO  [o.s.t.w.s.TestDispatcherServlet] Initializing Servlet ''
2026-07-13 12:11:14.426 [main] INFO  [o.s.t.w.s.TestDispatcherServlet] Completed initialization in 1 ms
2026-07-13 12:11:15.145 [main] INFO  [o.s.api.AbstractOpenApiResource] Init duration for springdoc-openapi is: 640 ms
2026-07-13 12:11:15.210 [main] INFO  [o.s.b.t.m.w.SpringBootMockServletContext] Initializing Spring TestDispatcherServlet ''
2026-07-13 12:11:15.210 [main] INFO  [o.s.t.w.s.TestDispatcherServlet] Initializing Servlet ''
2026-07-13 12:11:15.211 [main] INFO  [o.s.t.w.s.TestDispatcherServlet] Completed initialization in 1 ms
2026-07-13 12:11:15.241 [main] INFO  [o.s.t.c.s.AnnotationConfigContextLoaderUtils] Could not detect default configuration classes for test class [com.elioth.epam.gymcrm.GymCrmApiApplicationTests]: GymCrmApiApplicationTests does not declare any static, non-private, non-final, nested classes annotated with @Configuration.
2026-07-13 12:11:15.247 [main] INFO  [o.s.b.t.c.SpringBootTestContextBootstrapper] Found @SpringBootConfiguration com.elioth.epam.gymcrm.GymCrmApiApplication for test class com.elioth.epam.gymcrm.GymCrmApiApplicationTests
2026-07-13 12:11:15.248 [main] INFO  [o.s.t.c.s.AnnotationConfigContextLoaderUtils] Could not detect default configuration classes for test class [com.elioth.epam.gymcrm.GymCrmApiApplicationTests]: GymCrmApiApplicationTests does not declare any static, non-private, non-final, nested classes annotated with @Configuration.
2026-07-13 12:11:15.249 [main] INFO  [o.s.b.t.c.SpringBootTestContextBootstrapper] Found @SpringBootConfiguration com.elioth.epam.gymcrm.GymCrmApiApplication for test class com.elioth.epam.gymcrm.GymCrmApiApplicationTests
2026-07-13 12:11:15.272 [SpringApplicationShutdownHook] INFO  [o.s.o.j.LocalContainerEntityManagerFactoryBean] Closing JPA EntityManagerFactory for persistence unit 'default'
2026-07-13 12:11:15.422 [SpringApplicationShutdownHook] INFO  [com.zaxxer.hikari.HikariDataSource] HikariPool-1 - Shutdown initiated...
2026-07-13 12:11:15.425 [SpringApplicationShutdownHook] INFO  [com.zaxxer.hikari.HikariDataSource] HikariPool-1 - Shutdown completed.
2026-07-13 12:11:36.842 [background-preinit] INFO  [o.h.validator.internal.util.Version] HV000001: Hibernate Validator 9.0.1.Final
2026-07-13 12:11:36.867 [main] INFO  [c.e.epam.gymcrm.GymCrmApiApplication] Starting GymCrmApiApplication using Java 21.0.11 with PID 77098 (/home/aliothosa/IdeaProjects/GYM-CRM/gym-crm-api/target/classes started by aliothosa in /home/aliothosa/IdeaProjects/GYM-CRM/gym-crm-api)
2026-07-13 12:11:36.868 [main] INFO  [c.e.epam.gymcrm.GymCrmApiApplication] The following 1 profile is active: "test"
2026-07-13 12:11:37.470 [main] INFO  [o.s.d.r.c.RepositoryConfigurationDelegate] Bootstrapping Spring Data JPA repositories in DEFAULT mode.
2026-07-13 12:11:37.527 [main] INFO  [o.s.d.r.c.RepositoryConfigurationDelegate] Finished Spring Data repository scanning in 51 ms. Found 5 JPA repository interfaces.
2026-07-13 12:11:37.865 [main] INFO  [o.s.boot.tomcat.TomcatWebServer] Tomcat initialized with port 8080 (http)
2026-07-13 12:11:37.874 [main] INFO  [o.a.coyote.http11.Http11NioProtocol] Initializing ProtocolHandler ["http-nio-8080"]
2026-07-13 12:11:37.875 [main] INFO  [o.a.catalina.core.StandardService] Starting service [Tomcat]
2026-07-13 12:11:37.875 [main] INFO  [o.a.catalina.core.StandardEngine] Starting Servlet engine: [Apache Tomcat/11.0.21]
2026-07-13 12:11:37.908 [main] INFO  [o.s.b.w.c.s.WebApplicationContextInitializer] Root WebApplicationContext: initialization completed in 1003 ms
2026-07-13 12:11:38.019 [main] INFO  [org.hibernate.orm.jpa] HHH008540: Processing PersistenceUnitInfo [name: default]
2026-07-13 12:11:38.049 [main] INFO  [org.hibernate.orm.core] HHH000001: Hibernate ORM core version 7.2.12.Final
2026-07-13 12:11:38.335 [main] INFO  [o.s.o.j.p.SpringPersistenceUnitInfo] No LoadTimeWeaver setup: ignoring JPA class transformer
2026-07-13 12:11:38.355 [main] INFO  [com.zaxxer.hikari.HikariDataSource] HikariPool-1 - Starting...
2026-07-13 12:11:38.459 [main] INFO  [com.zaxxer.hikari.pool.HikariPool] HikariPool-1 - Added connection org.postgresql.jdbc.PgConnection@642c5bb3
2026-07-13 12:11:38.460 [main] INFO  [com.zaxxer.hikari.HikariDataSource] HikariPool-1 - Start completed.
2026-07-13 12:11:38.482 [main] WARN  [org.hibernate.orm.deprecation] HHH90000025: PostgreSQLDialect does not need to be specified explicitly using 'hibernate.dialect' (remove the property setting and it will be selected by default)
2026-07-13 12:11:38.500 [main] INFO  [o.hibernate.orm.connections.pooling] HHH10001005: Database info:
	Database JDBC URL [jdbc:postgresql://localhost:5432/gymcrm]
	Database driver: PostgreSQL JDBC Driver
	Database dialect: PostgreSQLDialect
	Database version: 16.14
	Default catalog/schema: gymcrm/public
	Autocommit mode: undefined/unknown
	Isolation level: READ_COMMITTED [default READ_COMMITTED]
	JDBC fetch size: none
	Pool: DataSourceConnectionProvider
	Minimum pool size: undefined/unknown
	Maximum pool size: undefined/unknown
2026-07-13 12:11:39.173 [main] INFO  [org.hibernate.orm.core] HHH000489: No JTA platform available (set 'hibernate.transaction.jta.platform' to enable JTA platform integration)
2026-07-13 12:11:39.330 [main] INFO  [o.s.o.j.LocalContainerEntityManagerFactoryBean] Initialized JPA EntityManagerFactory for persistence unit 'default'
2026-07-13 12:11:39.412 [main] INFO  [o.s.d.j.r.q.QueryEnhancerFactories] Hibernate is in classpath; If applicable, HQL parser will be used.
2026-07-13 12:11:40.790 [main] WARN  [o.s.b.j.a.JpaBaseConfiguration$JpaWebConfiguration] spring.jpa.open-in-view is enabled by default. Therefore, database queries may be performed during view rendering. Explicitly configure spring.jpa.open-in-view to disable this warning
2026-07-13 12:11:41.185 [main] INFO  [o.a.coyote.http11.Http11NioProtocol] Starting ProtocolHandler ["http-nio-8080"]
2026-07-13 12:11:41.195 [main] INFO  [o.s.boot.tomcat.TomcatWebServer] Tomcat started on port 8080 (http) with context path '/'
2026-07-13 12:11:41.200 [main] INFO  [c.e.epam.gymcrm.GymCrmApiApplication] Started GymCrmApiApplication in 4.685 seconds (process running for 4.951)
2026-07-13 12:12:28.601 [SpringApplicationShutdownHook] INFO  [o.s.boot.tomcat.GracefulShutdown] Commencing graceful shutdown. Waiting for active requests to complete
2026-07-13 12:12:28.603 [tomcat-shutdown] INFO  [o.s.boot.tomcat.GracefulShutdown] Graceful shutdown complete
2026-07-13 12:12:28.607 [SpringApplicationShutdownHook] INFO  [o.s.o.j.LocalContainerEntityManagerFactoryBean] Closing JPA EntityManagerFactory for persistence unit 'default'
2026-07-13 12:12:28.685 [SpringApplicationShutdownHook] INFO  [com.zaxxer.hikari.HikariDataSource] HikariPool-1 - Shutdown initiated...
2026-07-13 12:12:28.688 [SpringApplicationShutdownHook] INFO  [com.zaxxer.hikari.HikariDataSource] HikariPool-1 - Shutdown completed.
2026-07-13 12:13:01.667 [background-preinit] INFO  [o.h.validator.internal.util.Version] HV000001: Hibernate Validator 9.0.1.Final
2026-07-13 12:13:01.699 [main] INFO  [c.e.epam.gymcrm.GymCrmApiApplication] Starting GymCrmApiApplication using Java 21.0.11 with PID 77555 (/home/aliothosa/IdeaProjects/GYM-CRM/gym-crm-api/target/classes started by aliothosa in /home/aliothosa/IdeaProjects/GYM-CRM/gym-crm-api)
2026-07-13 12:13:01.699 [main] INFO  [c.e.epam.gymcrm.GymCrmApiApplication] The following 1 profile is active: "test"
2026-07-13 12:13:02.302 [main] INFO  [o.s.d.r.c.RepositoryConfigurationDelegate] Bootstrapping Spring Data JPA repositories in DEFAULT mode.
2026-07-13 12:13:02.353 [main] INFO  [o.s.d.r.c.RepositoryConfigurationDelegate] Finished Spring Data repository scanning in 45 ms. Found 5 JPA repository interfaces.
2026-07-13 12:13:02.707 [main] INFO  [o.s.boot.tomcat.TomcatWebServer] Tomcat initialized with port 8080 (http)
2026-07-13 12:13:02.716 [main] INFO  [o.a.coyote.http11.Http11NioProtocol] Initializing ProtocolHandler ["http-nio-8080"]
2026-07-13 12:13:02.718 [main] INFO  [o.a.catalina.core.StandardService] Starting service [Tomcat]
2026-07-13 12:13:02.718 [main] INFO  [o.a.catalina.core.StandardEngine] Starting Servlet engine: [Apache Tomcat/11.0.21]
2026-07-13 12:13:02.754 [main] INFO  [o.s.b.w.c.s.WebApplicationContextInitializer] Root WebApplicationContext: initialization completed in 1017 ms
2026-07-13 12:13:02.869 [main] INFO  [org.hibernate.orm.jpa] HHH008540: Processing PersistenceUnitInfo [name: default]
2026-07-13 12:13:02.899 [main] INFO  [org.hibernate.orm.core] HHH000001: Hibernate ORM core version 7.2.12.Final
2026-07-13 12:13:03.189 [main] INFO  [o.s.o.j.p.SpringPersistenceUnitInfo] No LoadTimeWeaver setup: ignoring JPA class transformer
2026-07-13 12:13:03.211 [main] INFO  [com.zaxxer.hikari.HikariDataSource] HikariPool-1 - Starting...
2026-07-13 12:13:03.322 [main] INFO  [com.zaxxer.hikari.pool.HikariPool] HikariPool-1 - Added connection org.postgresql.jdbc.PgConnection@642c5bb3
2026-07-13 12:13:03.323 [main] INFO  [com.zaxxer.hikari.HikariDataSource] HikariPool-1 - Start completed.
2026-07-13 12:13:03.343 [main] WARN  [org.hibernate.orm.deprecation] HHH90000025: PostgreSQLDialect does not need to be specified explicitly using 'hibernate.dialect' (remove the property setting and it will be selected by default)
2026-07-13 12:13:03.363 [main] INFO  [o.hibernate.orm.connections.pooling] HHH10001005: Database info:
	Database JDBC URL [jdbc:postgresql://localhost:5432/gymcrm]
	Database driver: PostgreSQL JDBC Driver
	Database dialect: PostgreSQLDialect
	Database version: 16.14
	Default catalog/schema: gymcrm/public
	Autocommit mode: undefined/unknown
	Isolation level: READ_COMMITTED [default READ_COMMITTED]
	JDBC fetch size: none
	Pool: DataSourceConnectionProvider
	Minimum pool size: undefined/unknown
	Maximum pool size: undefined/unknown
2026-07-13 12:13:04.073 [main] INFO  [org.hibernate.orm.core] HHH000489: No JTA platform available (set 'hibernate.transaction.jta.platform' to enable JTA platform integration)
2026-07-13 12:13:04.240 [main] INFO  [o.s.o.j.LocalContainerEntityManagerFactoryBean] Initialized JPA EntityManagerFactory for persistence unit 'default'
2026-07-13 12:13:04.322 [main] INFO  [o.s.d.j.r.q.QueryEnhancerFactories] Hibernate is in classpath; If applicable, HQL parser will be used.
2026-07-13 12:13:05.698 [main] WARN  [o.s.b.j.a.JpaBaseConfiguration$JpaWebConfiguration] spring.jpa.open-in-view is enabled by default. Therefore, database queries may be performed during view rendering. Explicitly configure spring.jpa.open-in-view to disable this warning
2026-07-13 12:13:06.086 [main] INFO  [o.a.coyote.http11.Http11NioProtocol] Starting ProtocolHandler ["http-nio-8080"]
2026-07-13 12:13:06.096 [main] INFO  [o.s.boot.tomcat.TomcatWebServer] Tomcat started on port 8080 (http) with context path '/'
2026-07-13 12:13:06.101 [main] INFO  [c.e.epam.gymcrm.GymCrmApiApplication] Started GymCrmApiApplication in 4.785 seconds (process running for 5.069)
2026-07-13 12:14:12.076 [SpringApplicationShutdownHook] INFO  [o.s.boot.tomcat.GracefulShutdown] Commencing graceful shutdown. Waiting for active requests to complete
2026-07-13 12:14:12.079 [tomcat-shutdown] INFO  [o.s.boot.tomcat.GracefulShutdown] Graceful shutdown complete
2026-07-13 12:14:12.085 [SpringApplicationShutdownHook] INFO  [o.s.o.j.LocalContainerEntityManagerFactoryBean] Closing JPA EntityManagerFactory for persistence unit 'default'
2026-07-13 12:14:12.150 [SpringApplicationShutdownHook] INFO  [com.zaxxer.hikari.HikariDataSource] HikariPool-1 - Shutdown initiated...
2026-07-13 12:14:12.153 [SpringApplicationShutdownHook] INFO  [com.zaxxer.hikari.HikariDataSource] HikariPool-1 - Shutdown completed.
2026-07-13 12:14:38.130 [background-preinit] INFO  [o.h.validator.internal.util.Version] HV000001: Hibernate Validator 9.0.1.Final
2026-07-13 12:14:38.154 [main] INFO  [c.e.epam.gymcrm.GymCrmApiApplication] Starting GymCrmApiApplication using Java 21.0.11 with PID 78131 (/home/aliothosa/IdeaProjects/GYM-CRM/gym-crm-api/target/classes started by aliothosa in /home/aliothosa/IdeaProjects/GYM-CRM/gym-crm-api)
2026-07-13 12:14:38.154 [main] INFO  [c.e.epam.gymcrm.GymCrmApiApplication] The following 1 profile is active: "test"
2026-07-13 12:14:38.769 [main] INFO  [o.s.d.r.c.RepositoryConfigurationDelegate] Bootstrapping Spring Data JPA repositories in DEFAULT mode.
2026-07-13 12:14:38.829 [main] INFO  [o.s.d.r.c.RepositoryConfigurationDelegate] Finished Spring Data repository scanning in 54 ms. Found 5 JPA repository interfaces.
2026-07-13 12:14:39.178 [main] INFO  [o.s.boot.tomcat.TomcatWebServer] Tomcat initialized with port 8080 (http)
2026-07-13 12:14:39.187 [main] INFO  [o.a.coyote.http11.Http11NioProtocol] Initializing ProtocolHandler ["http-nio-8080"]
2026-07-13 12:14:39.188 [main] INFO  [o.a.catalina.core.StandardService] Starting service [Tomcat]
2026-07-13 12:14:39.189 [main] INFO  [o.a.catalina.core.StandardEngine] Starting Servlet engine: [Apache Tomcat/11.0.21]
2026-07-13 12:14:39.225 [main] INFO  [o.s.b.w.c.s.WebApplicationContextInitializer] Root WebApplicationContext: initialization completed in 1033 ms
2026-07-13 12:14:39.338 [main] INFO  [org.hibernate.orm.jpa] HHH008540: Processing PersistenceUnitInfo [name: default]
2026-07-13 12:14:39.368 [main] INFO  [org.hibernate.orm.core] HHH000001: Hibernate ORM core version 7.2.12.Final
2026-07-13 12:14:39.658 [main] INFO  [o.s.o.j.p.SpringPersistenceUnitInfo] No LoadTimeWeaver setup: ignoring JPA class transformer
2026-07-13 12:14:39.678 [main] INFO  [com.zaxxer.hikari.HikariDataSource] HikariPool-1 - Starting...
2026-07-13 12:14:39.809 [main] INFO  [com.zaxxer.hikari.pool.HikariPool] HikariPool-1 - Added connection org.postgresql.jdbc.PgConnection@5e46a125
2026-07-13 12:14:39.809 [main] INFO  [com.zaxxer.hikari.HikariDataSource] HikariPool-1 - Start completed.
2026-07-13 12:14:39.832 [main] WARN  [org.hibernate.orm.deprecation] HHH90000025: PostgreSQLDialect does not need to be specified explicitly using 'hibernate.dialect' (remove the property setting and it will be selected by default)
2026-07-13 12:14:39.856 [main] INFO  [o.hibernate.orm.connections.pooling] HHH10001005: Database info:
	Database JDBC URL [jdbc:postgresql://localhost:5432/gymcrm]
	Database driver: PostgreSQL JDBC Driver
	Database dialect: PostgreSQLDialect
	Database version: 16.14
	Default catalog/schema: gymcrm/public
	Autocommit mode: undefined/unknown
	Isolation level: READ_COMMITTED [default READ_COMMITTED]
	JDBC fetch size: none
	Pool: DataSourceConnectionProvider
	Minimum pool size: undefined/unknown
	Maximum pool size: undefined/unknown
2026-07-13 12:14:40.532 [main] INFO  [org.hibernate.orm.core] HHH000489: No JTA platform available (set 'hibernate.transaction.jta.platform' to enable JTA platform integration)
2026-07-13 12:14:40.656 [main] INFO  [o.s.o.j.LocalContainerEntityManagerFactoryBean] Initialized JPA EntityManagerFactory for persistence unit 'default'
2026-07-13 12:14:40.712 [main] INFO  [o.s.d.j.r.q.QueryEnhancerFactories] Hibernate is in classpath; If applicable, HQL parser will be used.
2026-07-13 12:14:42.093 [main] WARN  [o.s.b.j.a.JpaBaseConfiguration$JpaWebConfiguration] spring.jpa.open-in-view is enabled by default. Therefore, database queries may be performed during view rendering. Explicitly configure spring.jpa.open-in-view to disable this warning
2026-07-13 12:14:42.494 [main] INFO  [o.a.coyote.http11.Http11NioProtocol] Starting ProtocolHandler ["http-nio-8080"]
2026-07-13 12:14:42.505 [main] INFO  [o.s.boot.tomcat.TomcatWebServer] Tomcat started on port 8080 (http) with context path '/'
2026-07-13 12:14:42.511 [main] INFO  [c.e.epam.gymcrm.GymCrmApiApplication] Started GymCrmApiApplication in 4.718 seconds (process running for 5.001)
2026-07-13 12:14:43.151 [http-nio-8080-exec-1] INFO  [o.a.c.c.C.[Tomcat].[localhost].[/]] Initializing Spring DispatcherServlet 'dispatcherServlet'
2026-07-13 12:14:43.151 [http-nio-8080-exec-1] INFO  [o.s.web.servlet.DispatcherServlet] Initializing Servlet 'dispatcherServlet'
2026-07-13 12:14:43.153 [http-nio-8080-exec-1] INFO  [o.s.web.servlet.DispatcherServlet] Completed initialization in 1 ms
2026-07-13 12:14:43.684 [http-nio-8080-exec-1] INFO  [o.s.api.AbstractOpenApiResource] Init duration for springdoc-openapi is: 492 ms
2026-07-13 12:17:48.647 [background-preinit] INFO  [o.h.validator.internal.util.Version] HV000001: Hibernate Validator 9.0.1.Final
2026-07-13 12:17:48.692 [main] INFO  [c.e.e.g.config.SwaggerAccessTest] Starting SwaggerAccessTest using Java 21.0.11 with PID 79011 (started by aliothosa in /home/aliothosa/IdeaProjects/GYM-CRM/gym-crm-api)
2026-07-13 12:17:48.693 [main] INFO  [c.e.e.g.config.SwaggerAccessTest] The following 1 profile is active: "test"
2026-07-13 12:17:49.775 [main] INFO  [o.s.d.r.c.RepositoryConfigurationDelegate] Bootstrapping Spring Data JPA repositories in DEFAULT mode.
2026-07-13 12:17:49.848 [main] INFO  [o.s.d.r.c.RepositoryConfigurationDelegate] Finished Spring Data repository scanning in 60 ms. Found 5 JPA repository interfaces.
2026-07-13 12:17:50.391 [main] INFO  [org.hibernate.orm.jpa] HHH008540: Processing PersistenceUnitInfo [name: default]
2026-07-13 12:17:50.451 [main] INFO  [org.hibernate.orm.core] HHH000001: Hibernate ORM core version 7.2.12.Final
2026-07-13 12:17:50.830 [main] INFO  [o.s.o.j.p.SpringPersistenceUnitInfo] No LoadTimeWeaver setup: ignoring JPA class transformer
2026-07-13 12:17:50.866 [main] INFO  [com.zaxxer.hikari.HikariDataSource] HikariPool-1 - Starting...
2026-07-13 12:17:51.161 [main] INFO  [com.zaxxer.hikari.pool.HikariPool] HikariPool-1 - Added connection conn0: url=jdbc:h2:mem:gymcrm-test user=SA
2026-07-13 12:17:51.163 [main] INFO  [com.zaxxer.hikari.HikariDataSource] HikariPool-1 - Start completed.
2026-07-13 12:17:51.196 [main] WARN  [org.hibernate.orm.deprecation] HHH90000025: H2Dialect does not need to be specified explicitly using 'hibernate.dialect' (remove the property setting and it will be selected by default)
2026-07-13 12:17:51.230 [main] INFO  [o.hibernate.orm.connections.pooling] HHH10001005: Database info:
	Database JDBC URL [jdbc:h2:mem:gymcrm-test]
	Database driver: H2 JDBC Driver
	Database dialect: H2Dialect
	Database version: 2.4.240
	Default catalog/schema: GYMCRM-TEST/PUBLIC
	Autocommit mode: undefined/unknown
	Isolation level: READ_COMMITTED [default READ_COMMITTED]
	JDBC fetch size: 100
	Pool: DataSourceConnectionProvider
	Minimum pool size: undefined/unknown
	Maximum pool size: undefined/unknown
2026-07-13 12:17:52.319 [main] INFO  [org.hibernate.orm.core] HHH000489: No JTA platform available (set 'hibernate.transaction.jta.platform' to enable JTA platform integration)
2026-07-13 12:17:52.408 [main] INFO  [o.s.o.j.LocalContainerEntityManagerFactoryBean] Initialized JPA EntityManagerFactory for persistence unit 'default'
2026-07-13 12:17:52.508 [main] INFO  [o.s.d.j.r.q.QueryEnhancerFactories] Hibernate is in classpath; If applicable, HQL parser will be used.
2026-07-13 12:17:54.366 [main] WARN  [o.s.b.j.a.JpaBaseConfiguration$JpaWebConfiguration] spring.jpa.open-in-view is enabled by default. Therefore, database queries may be performed during view rendering. Explicitly configure spring.jpa.open-in-view to disable this warning
2026-07-13 12:17:54.945 [main] INFO  [c.e.e.g.config.SwaggerAccessTest] Started SwaggerAccessTest in 6.821 seconds (process running for 10.013)
2026-07-13 12:17:54.965 [main] INFO  [o.s.b.t.m.w.SpringBootMockServletContext] Initializing Spring TestDispatcherServlet ''
2026-07-13 12:17:54.965 [main] INFO  [o.s.t.w.s.TestDispatcherServlet] Initializing Servlet ''
2026-07-13 12:17:54.966 [main] INFO  [o.s.t.w.s.TestDispatcherServlet] Completed initialization in 1 ms
2026-07-13 12:17:55.572 [main] INFO  [o.s.api.AbstractOpenApiResource] Init duration for springdoc-openapi is: 551 ms
2026-07-13 12:17:55.623 [main] INFO  [o.s.b.t.m.w.SpringBootMockServletContext] Initializing Spring TestDispatcherServlet ''
2026-07-13 12:17:55.623 [main] INFO  [o.s.t.w.s.TestDispatcherServlet] Initializing Servlet ''
2026-07-13 12:17:55.624 [main] INFO  [o.s.t.w.s.TestDispatcherServlet] Completed initialization in 1 ms
2026-07-13 12:17:55.649 [main] INFO  [o.s.t.c.s.AnnotationConfigContextLoaderUtils] Could not detect default configuration classes for test class [com.elioth.epam.gymcrm.GymCrmApiApplicationTests]: GymCrmApiApplicationTests does not declare any static, non-private, non-final, nested classes annotated with @Configuration.
2026-07-13 12:17:55.652 [main] INFO  [o.s.b.t.c.SpringBootTestContextBootstrapper] Found @SpringBootConfiguration com.elioth.epam.gymcrm.GymCrmApiApplication for test class com.elioth.epam.gymcrm.GymCrmApiApplicationTests
2026-07-13 12:17:55.653 [main] INFO  [o.s.t.c.s.AnnotationConfigContextLoaderUtils] Could not detect default configuration classes for test class [com.elioth.epam.gymcrm.GymCrmApiApplicationTests]: GymCrmApiApplicationTests does not declare any static, non-private, non-final, nested classes annotated with @Configuration.
2026-07-13 12:17:55.654 [main] INFO  [o.s.b.t.c.SpringBootTestContextBootstrapper] Found @SpringBootConfiguration com.elioth.epam.gymcrm.GymCrmApiApplication for test class com.elioth.epam.gymcrm.GymCrmApiApplicationTests
2026-07-13 12:17:55.674 [SpringApplicationShutdownHook] INFO  [o.s.o.j.LocalContainerEntityManagerFactoryBean] Closing JPA EntityManagerFactory for persistence unit 'default'
2026-07-13 12:17:55.820 [SpringApplicationShutdownHook] INFO  [com.zaxxer.hikari.HikariDataSource] HikariPool-1 - Shutdown initiated...
2026-07-13 12:17:55.823 [SpringApplicationShutdownHook] INFO  [com.zaxxer.hikari.HikariDataSource] HikariPool-1 - Shutdown completed.
2026-07-13 12:18:44.170 [http-nio-8080-exec-6] INFO  [o.s.api.AbstractOpenApiResource] Init duration for springdoc-openapi is: 140 ms
2026-07-13 12:22:00.673 [http-nio-8080-exec-10] WARN  [o.s.w.s.m.s.DefaultHandlerExceptionResolver] Resolved [org.springframework.web.HttpRequestMethodNotSupportedException: Request method 'GET' is not supported]
2026-07-13 12:23:03.598 [background-preinit] INFO  [o.h.validator.internal.util.Version] HV000001: Hibernate Validator 9.0.1.Final
2026-07-13 12:23:03.667 [main] INFO  [c.e.e.g.config.SwaggerAccessTest] Starting SwaggerAccessTest using Java 21.0.11 with PID 80621 (started by aliothosa in /home/aliothosa/IdeaProjects/GYM-CRM/gym-crm-api)
2026-07-13 12:23:03.668 [main] INFO  [c.e.e.g.config.SwaggerAccessTest] The following 1 profile is active: "test"
2026-07-13 12:23:04.819 [main] INFO  [o.s.d.r.c.RepositoryConfigurationDelegate] Bootstrapping Spring Data JPA repositories in DEFAULT mode.
2026-07-13 12:23:04.891 [main] INFO  [o.s.d.r.c.RepositoryConfigurationDelegate] Finished Spring Data repository scanning in 58 ms. Found 5 JPA repository interfaces.
2026-07-13 12:23:05.422 [main] INFO  [org.hibernate.orm.jpa] HHH008540: Processing PersistenceUnitInfo [name: default]
2026-07-13 12:23:05.488 [main] INFO  [org.hibernate.orm.core] HHH000001: Hibernate ORM core version 7.2.12.Final
2026-07-13 12:23:05.826 [main] INFO  [o.s.o.j.p.SpringPersistenceUnitInfo] No LoadTimeWeaver setup: ignoring JPA class transformer
2026-07-13 12:23:05.874 [main] INFO  [com.zaxxer.hikari.HikariDataSource] HikariPool-1 - Starting...
2026-07-13 12:23:06.231 [main] INFO  [com.zaxxer.hikari.pool.HikariPool] HikariPool-1 - Added connection conn0: url=jdbc:h2:mem:gymcrm-test user=SA
2026-07-13 12:23:06.233 [main] INFO  [com.zaxxer.hikari.HikariDataSource] HikariPool-1 - Start completed.
2026-07-13 12:23:06.285 [main] WARN  [org.hibernate.orm.deprecation] HHH90000025: H2Dialect does not need to be specified explicitly using 'hibernate.dialect' (remove the property setting and it will be selected by default)
2026-07-13 12:23:06.336 [main] INFO  [o.hibernate.orm.connections.pooling] HHH10001005: Database info:
	Database JDBC URL [jdbc:h2:mem:gymcrm-test]
	Database driver: H2 JDBC Driver
	Database dialect: H2Dialect
	Database version: 2.4.240
	Default catalog/schema: GYMCRM-TEST/PUBLIC
	Autocommit mode: undefined/unknown
	Isolation level: READ_COMMITTED [default READ_COMMITTED]
	JDBC fetch size: 100
	Pool: DataSourceConnectionProvider
	Minimum pool size: undefined/unknown
	Maximum pool size: undefined/unknown
2026-07-13 12:23:07.522 [main] INFO  [org.hibernate.orm.core] HHH000489: No JTA platform available (set 'hibernate.transaction.jta.platform' to enable JTA platform integration)
2026-07-13 12:23:07.624 [main] INFO  [o.s.o.j.LocalContainerEntityManagerFactoryBean] Initialized JPA EntityManagerFactory for persistence unit 'default'
2026-07-13 12:23:07.724 [main] INFO  [o.s.d.j.r.q.QueryEnhancerFactories] Hibernate is in classpath; If applicable, HQL parser will be used.
2026-07-13 12:23:09.500 [main] WARN  [o.s.b.j.a.JpaBaseConfiguration$JpaWebConfiguration] spring.jpa.open-in-view is enabled by default. Therefore, database queries may be performed during view rendering. Explicitly configure spring.jpa.open-in-view to disable this warning
2026-07-13 12:23:10.090 [main] INFO  [c.e.e.g.config.SwaggerAccessTest] Started SwaggerAccessTest in 6.975 seconds (process running for 11.687)
2026-07-13 12:23:10.111 [main] INFO  [o.s.b.t.m.w.SpringBootMockServletContext] Initializing Spring TestDispatcherServlet ''
2026-07-13 12:23:10.111 [main] INFO  [o.s.t.w.s.TestDispatcherServlet] Initializing Servlet ''
2026-07-13 12:23:10.113 [main] INFO  [o.s.t.w.s.TestDispatcherServlet] Completed initialization in 1 ms
2026-07-13 12:23:10.760 [main] INFO  [o.s.api.AbstractOpenApiResource] Init duration for springdoc-openapi is: 586 ms
2026-07-13 12:23:10.824 [main] INFO  [o.s.b.t.m.w.SpringBootMockServletContext] Initializing Spring TestDispatcherServlet ''
2026-07-13 12:23:10.824 [main] INFO  [o.s.t.w.s.TestDispatcherServlet] Initializing Servlet ''
2026-07-13 12:23:10.825 [main] INFO  [o.s.t.w.s.TestDispatcherServlet] Completed initialization in 1 ms
2026-07-13 12:23:10.851 [main] INFO  [o.s.t.c.s.AnnotationConfigContextLoaderUtils] Could not detect default configuration classes for test class [com.elioth.epam.gymcrm.GymCrmApiApplicationTests]: GymCrmApiApplicationTests does not declare any static, non-private, non-final, nested classes annotated with @Configuration.
2026-07-13 12:23:10.855 [main] INFO  [o.s.b.t.c.SpringBootTestContextBootstrapper] Found @SpringBootConfiguration com.elioth.epam.gymcrm.GymCrmApiApplication for test class com.elioth.epam.gymcrm.GymCrmApiApplicationTests
2026-07-13 12:23:10.856 [main] INFO  [o.s.t.c.s.AnnotationConfigContextLoaderUtils] Could not detect default configuration classes for test class [com.elioth.epam.gymcrm.GymCrmApiApplicationTests]: GymCrmApiApplicationTests does not declare any static, non-private, non-final, nested classes annotated with @Configuration.
2026-07-13 12:23:10.857 [main] INFO  [o.s.b.t.c.SpringBootTestContextBootstrapper] Found @SpringBootConfiguration com.elioth.epam.gymcrm.GymCrmApiApplication for test class com.elioth.epam.gymcrm.GymCrmApiApplicationTests
2026-07-13 12:23:10.873 [SpringApplicationShutdownHook] INFO  [o.s.o.j.LocalContainerEntityManagerFactoryBean] Closing JPA EntityManagerFactory for persistence unit 'default'
2026-07-13 12:23:11.018 [SpringApplicationShutdownHook] INFO  [com.zaxxer.hikari.HikariDataSource] HikariPool-1 - Shutdown initiated...
2026-07-13 12:23:11.021 [SpringApplicationShutdownHook] INFO  [com.zaxxer.hikari.HikariDataSource] HikariPool-1 - Shutdown completed.
2026-07-13 12:23:37.224 [background-preinit] INFO  [o.h.validator.internal.util.Version] HV000001: Hibernate Validator 9.0.1.Final
2026-07-13 12:23:37.282 [main] INFO  [c.e.e.g.config.SwaggerAccessTest] Starting SwaggerAccessTest using Java 21.0.11 with PID 81087 (started by aliothosa in /home/aliothosa/IdeaProjects/GYM-CRM/gym-crm-api)
2026-07-13 12:23:37.283 [main] INFO  [c.e.e.g.config.SwaggerAccessTest] The following 1 profile is active: "test"
2026-07-13 12:23:38.509 [main] INFO  [o.s.d.r.c.RepositoryConfigurationDelegate] Bootstrapping Spring Data JPA repositories in DEFAULT mode.
2026-07-13 12:23:38.600 [main] INFO  [o.s.d.r.c.RepositoryConfigurationDelegate] Finished Spring Data repository scanning in 77 ms. Found 5 JPA repository interfaces.
2026-07-13 12:23:39.134 [main] INFO  [org.hibernate.orm.jpa] HHH008540: Processing PersistenceUnitInfo [name: default]
2026-07-13 12:23:39.191 [main] INFO  [org.hibernate.orm.core] HHH000001: Hibernate ORM core version 7.2.12.Final
2026-07-13 12:23:39.487 [main] INFO  [o.s.o.j.p.SpringPersistenceUnitInfo] No LoadTimeWeaver setup: ignoring JPA class transformer
2026-07-13 12:23:39.521 [main] INFO  [com.zaxxer.hikari.HikariDataSource] HikariPool-1 - Starting...
2026-07-13 12:23:39.842 [main] INFO  [com.zaxxer.hikari.pool.HikariPool] HikariPool-1 - Added connection conn0: url=jdbc:h2:mem:gymcrm-test user=SA
2026-07-13 12:23:39.843 [main] INFO  [com.zaxxer.hikari.HikariDataSource] HikariPool-1 - Start completed.
2026-07-13 12:23:39.872 [main] WARN  [org.hibernate.orm.deprecation] HHH90000025: H2Dialect does not need to be specified explicitly using 'hibernate.dialect' (remove the property setting and it will be selected by default)
2026-07-13 12:23:39.900 [main] INFO  [o.hibernate.orm.connections.pooling] HHH10001005: Database info:
	Database JDBC URL [jdbc:h2:mem:gymcrm-test]
	Database driver: H2 JDBC Driver
	Database dialect: H2Dialect
	Database version: 2.4.240
	Default catalog/schema: GYMCRM-TEST/PUBLIC
	Autocommit mode: undefined/unknown
	Isolation level: READ_COMMITTED [default READ_COMMITTED]
	JDBC fetch size: 100
	Pool: DataSourceConnectionProvider
	Minimum pool size: undefined/unknown
	Maximum pool size: undefined/unknown
2026-07-13 12:23:40.986 [main] INFO  [org.hibernate.orm.core] HHH000489: No JTA platform available (set 'hibernate.transaction.jta.platform' to enable JTA platform integration)
2026-07-13 12:23:41.065 [main] INFO  [o.s.o.j.LocalContainerEntityManagerFactoryBean] Initialized JPA EntityManagerFactory for persistence unit 'default'
2026-07-13 12:23:41.158 [main] INFO  [o.s.d.j.r.q.QueryEnhancerFactories] Hibernate is in classpath; If applicable, HQL parser will be used.
2026-07-13 12:23:42.870 [main] WARN  [o.s.b.j.a.JpaBaseConfiguration$JpaWebConfiguration] spring.jpa.open-in-view is enabled by default. Therefore, database queries may be performed during view rendering. Explicitly configure spring.jpa.open-in-view to disable this warning
2026-07-13 12:23:43.435 [main] INFO  [c.e.e.g.config.SwaggerAccessTest] Started SwaggerAccessTest in 6.779 seconds (process running for 11.535)
2026-07-13 12:23:43.454 [main] INFO  [o.s.b.t.m.w.SpringBootMockServletContext] Initializing Spring TestDispatcherServlet ''
2026-07-13 12:23:43.455 [main] INFO  [o.s.t.w.s.TestDispatcherServlet] Initializing Servlet ''
2026-07-13 12:23:43.456 [main] INFO  [o.s.t.w.s.TestDispatcherServlet] Completed initialization in 1 ms
2026-07-13 12:23:44.094 [main] INFO  [o.s.api.AbstractOpenApiResource] Init duration for springdoc-openapi is: 580 ms
2026-07-13 12:23:44.159 [main] INFO  [o.s.b.t.m.w.SpringBootMockServletContext] Initializing Spring TestDispatcherServlet ''
2026-07-13 12:23:44.159 [main] INFO  [o.s.t.w.s.TestDispatcherServlet] Initializing Servlet ''
2026-07-13 12:23:44.159 [main] INFO  [o.s.t.w.s.TestDispatcherServlet] Completed initialization in 0 ms
2026-07-13 12:23:44.185 [main] INFO  [o.s.t.c.s.AnnotationConfigContextLoaderUtils] Could not detect default configuration classes for test class [com.elioth.epam.gymcrm.GymCrmApiApplicationTests]: GymCrmApiApplicationTests does not declare any static, non-private, non-final, nested classes annotated with @Configuration.
2026-07-13 12:23:44.189 [main] INFO  [o.s.b.t.c.SpringBootTestContextBootstrapper] Found @SpringBootConfiguration com.elioth.epam.gymcrm.GymCrmApiApplication for test class com.elioth.epam.gymcrm.GymCrmApiApplicationTests
2026-07-13 12:23:44.190 [main] INFO  [o.s.t.c.s.AnnotationConfigContextLoaderUtils] Could not detect default configuration classes for test class [com.elioth.epam.gymcrm.GymCrmApiApplicationTests]: GymCrmApiApplicationTests does not declare any static, non-private, non-final, nested classes annotated with @Configuration.
2026-07-13 12:23:44.191 [main] INFO  [o.s.b.t.c.SpringBootTestContextBootstrapper] Found @SpringBootConfiguration com.elioth.epam.gymcrm.GymCrmApiApplication for test class com.elioth.epam.gymcrm.GymCrmApiApplicationTests
2026-07-13 12:23:44.207 [SpringApplicationShutdownHook] INFO  [o.s.o.j.LocalContainerEntityManagerFactoryBean] Closing JPA EntityManagerFactory for persistence unit 'default'
2026-07-13 12:23:44.345 [SpringApplicationShutdownHook] INFO  [com.zaxxer.hikari.HikariDataSource] HikariPool-1 - Shutdown initiated...
2026-07-13 12:23:44.347 [SpringApplicationShutdownHook] INFO  [com.zaxxer.hikari.HikariDataSource] HikariPool-1 - Shutdown completed.
2026-07-13 12:23:55.721 [background-preinit] INFO  [o.h.validator.internal.util.Version] HV000001: Hibernate Validator 9.0.1.Final
2026-07-13 12:23:55.793 [main] INFO  [c.e.e.g.config.SwaggerAccessTest] Starting SwaggerAccessTest using Java 21.0.11 with PID 81403 (started by aliothosa in /home/aliothosa/IdeaProjects/GYM-CRM/gym-crm-api)
2026-07-13 12:23:55.794 [main] INFO  [c.e.e.g.config.SwaggerAccessTest] The following 1 profile is active: "test"
2026-07-13 12:23:56.959 [main] INFO  [o.s.d.r.c.RepositoryConfigurationDelegate] Bootstrapping Spring Data JPA repositories in DEFAULT mode.
2026-07-13 12:23:57.041 [main] INFO  [o.s.d.r.c.RepositoryConfigurationDelegate] Finished Spring Data repository scanning in 67 ms. Found 5 JPA repository interfaces.
2026-07-13 12:23:57.569 [main] INFO  [org.hibernate.orm.jpa] HHH008540: Processing PersistenceUnitInfo [name: default]
2026-07-13 12:23:57.628 [main] INFO  [org.hibernate.orm.core] HHH000001: Hibernate ORM core version 7.2.12.Final
2026-07-13 12:23:57.953 [main] INFO  [o.s.o.j.p.SpringPersistenceUnitInfo] No LoadTimeWeaver setup: ignoring JPA class transformer
2026-07-13 12:23:58.003 [main] INFO  [com.zaxxer.hikari.HikariDataSource] HikariPool-1 - Starting...
2026-07-13 12:23:58.335 [main] INFO  [com.zaxxer.hikari.pool.HikariPool] HikariPool-1 - Added connection conn0: url=jdbc:h2:mem:gymcrm-test user=SA
2026-07-13 12:23:58.338 [main] INFO  [com.zaxxer.hikari.HikariDataSource] HikariPool-1 - Start completed.
2026-07-13 12:23:58.383 [main] WARN  [org.hibernate.orm.deprecation] HHH90000025: H2Dialect does not need to be specified explicitly using 'hibernate.dialect' (remove the property setting and it will be selected by default)
2026-07-13 12:23:58.416 [main] INFO  [o.hibernate.orm.connections.pooling] HHH10001005: Database info:
	Database JDBC URL [jdbc:h2:mem:gymcrm-test]
	Database driver: H2 JDBC Driver
	Database dialect: H2Dialect
	Database version: 2.4.240
	Default catalog/schema: GYMCRM-TEST/PUBLIC
	Autocommit mode: undefined/unknown
	Isolation level: READ_COMMITTED [default READ_COMMITTED]
	JDBC fetch size: 100
	Pool: DataSourceConnectionProvider
	Minimum pool size: undefined/unknown
	Maximum pool size: undefined/unknown
2026-07-13 12:23:59.533 [main] INFO  [org.hibernate.orm.core] HHH000489: No JTA platform available (set 'hibernate.transaction.jta.platform' to enable JTA platform integration)
2026-07-13 12:23:59.627 [main] INFO  [o.s.o.j.LocalContainerEntityManagerFactoryBean] Initialized JPA EntityManagerFactory for persistence unit 'default'
2026-07-13 12:23:59.712 [main] INFO  [o.s.d.j.r.q.QueryEnhancerFactories] Hibernate is in classpath; If applicable, HQL parser will be used.
2026-07-13 12:24:01.528 [main] WARN  [o.s.b.j.a.JpaBaseConfiguration$JpaWebConfiguration] spring.jpa.open-in-view is enabled by default. Therefore, database queries may be performed during view rendering. Explicitly configure spring.jpa.open-in-view to disable this warning
2026-07-13 12:24:02.140 [main] INFO  [c.e.e.g.config.SwaggerAccessTest] Started SwaggerAccessTest in 6.877 seconds (process running for 11.702)
2026-07-13 12:24:02.163 [main] INFO  [o.s.b.t.m.w.SpringBootMockServletContext] Initializing Spring TestDispatcherServlet ''
2026-07-13 12:24:02.163 [main] INFO  [o.s.t.w.s.TestDispatcherServlet] Initializing Servlet ''
2026-07-13 12:24:02.165 [main] INFO  [o.s.t.w.s.TestDispatcherServlet] Completed initialization in 1 ms
2026-07-13 12:24:02.789 [main] INFO  [o.s.api.AbstractOpenApiResource] Init duration for springdoc-openapi is: 558 ms
2026-07-13 12:24:02.853 [main] INFO  [o.s.b.t.m.w.SpringBootMockServletContext] Initializing Spring TestDispatcherServlet ''
2026-07-13 12:24:02.854 [main] INFO  [o.s.t.w.s.TestDispatcherServlet] Initializing Servlet ''
2026-07-13 12:24:02.855 [main] INFO  [o.s.t.w.s.TestDispatcherServlet] Completed initialization in 1 ms
2026-07-13 12:24:02.881 [main] INFO  [o.s.t.c.s.AnnotationConfigContextLoaderUtils] Could not detect default configuration classes for test class [com.elioth.epam.gymcrm.GymCrmApiApplicationTests]: GymCrmApiApplicationTests does not declare any static, non-private, non-final, nested classes annotated with @Configuration.
2026-07-13 12:24:02.885 [main] INFO  [o.s.b.t.c.SpringBootTestContextBootstrapper] Found @SpringBootConfiguration com.elioth.epam.gymcrm.GymCrmApiApplication for test class com.elioth.epam.gymcrm.GymCrmApiApplicationTests
2026-07-13 12:24:02.886 [main] INFO  [o.s.t.c.s.AnnotationConfigContextLoaderUtils] Could not detect default configuration classes for test class [com.elioth.epam.gymcrm.GymCrmApiApplicationTests]: GymCrmApiApplicationTests does not declare any static, non-private, non-final, nested classes annotated with @Configuration.
2026-07-13 12:24:02.887 [main] INFO  [o.s.b.t.c.SpringBootTestContextBootstrapper] Found @SpringBootConfiguration com.elioth.epam.gymcrm.GymCrmApiApplication for test class com.elioth.epam.gymcrm.GymCrmApiApplicationTests
2026-07-13 12:24:02.906 [SpringApplicationShutdownHook] INFO  [o.s.o.j.LocalContainerEntityManagerFactoryBean] Closing JPA EntityManagerFactory for persistence unit 'default'
2026-07-13 12:24:03.047 [SpringApplicationShutdownHook] INFO  [com.zaxxer.hikari.HikariDataSource] HikariPool-1 - Shutdown initiated...
2026-07-13 12:24:03.050 [SpringApplicationShutdownHook] INFO  [com.zaxxer.hikari.HikariDataSource] HikariPool-1 - Shutdown completed.
2026-07-13 12:25:08.064 [background-preinit] INFO  [o.h.validator.internal.util.Version] HV000001: Hibernate Validator 9.0.1.Final
2026-07-13 12:25:08.119 [main] INFO  [c.e.e.g.config.SwaggerAccessTest] Starting SwaggerAccessTest using Java 21.0.11 with PID 82074 (started by aliothosa in /home/aliothosa/IdeaProjects/GYM-CRM/gym-crm-api)
2026-07-13 12:25:08.120 [main] INFO  [c.e.e.g.config.SwaggerAccessTest] The following 1 profile is active: "test"
2026-07-13 12:25:09.251 [main] INFO  [o.s.d.r.c.RepositoryConfigurationDelegate] Bootstrapping Spring Data JPA repositories in DEFAULT mode.
2026-07-13 12:25:09.310 [main] INFO  [o.s.d.r.c.RepositoryConfigurationDelegate] Finished Spring Data repository scanning in 47 ms. Found 5 JPA repository interfaces.
2026-07-13 12:25:09.807 [main] INFO  [org.hibernate.orm.jpa] HHH008540: Processing PersistenceUnitInfo [name: default]
2026-07-13 12:25:09.865 [main] INFO  [org.hibernate.orm.core] HHH000001: Hibernate ORM core version 7.2.12.Final
2026-07-13 12:25:10.164 [main] INFO  [o.s.o.j.p.SpringPersistenceUnitInfo] No LoadTimeWeaver setup: ignoring JPA class transformer
2026-07-13 12:25:10.225 [main] INFO  [com.zaxxer.hikari.HikariDataSource] HikariPool-1 - Starting...
2026-07-13 12:25:10.544 [main] INFO  [com.zaxxer.hikari.pool.HikariPool] HikariPool-1 - Added connection conn0: url=jdbc:h2:mem:gymcrm-test user=SA
2026-07-13 12:25:10.545 [main] INFO  [com.zaxxer.hikari.HikariDataSource] HikariPool-1 - Start completed.
2026-07-13 12:25:10.585 [main] WARN  [org.hibernate.orm.deprecation] HHH90000025: H2Dialect does not need to be specified explicitly using 'hibernate.dialect' (remove the property setting and it will be selected by default)
2026-07-13 12:25:10.618 [main] INFO  [o.hibernate.orm.connections.pooling] HHH10001005: Database info:
	Database JDBC URL [jdbc:h2:mem:gymcrm-test]
	Database driver: H2 JDBC Driver
	Database dialect: H2Dialect
	Database version: 2.4.240
	Default catalog/schema: GYMCRM-TEST/PUBLIC
	Autocommit mode: undefined/unknown
	Isolation level: READ_COMMITTED [default READ_COMMITTED]
	JDBC fetch size: 100
	Pool: DataSourceConnectionProvider
	Minimum pool size: undefined/unknown
	Maximum pool size: undefined/unknown
2026-07-13 12:25:11.704 [main] INFO  [org.hibernate.orm.core] HHH000489: No JTA platform available (set 'hibernate.transaction.jta.platform' to enable JTA platform integration)
2026-07-13 12:25:11.787 [main] INFO  [o.s.o.j.LocalContainerEntityManagerFactoryBean] Initialized JPA EntityManagerFactory for persistence unit 'default'
2026-07-13 12:25:11.876 [main] INFO  [o.s.d.j.r.q.QueryEnhancerFactories] Hibernate is in classpath; If applicable, HQL parser will be used.
2026-07-13 12:25:13.585 [main] WARN  [o.s.b.j.a.JpaBaseConfiguration$JpaWebConfiguration] spring.jpa.open-in-view is enabled by default. Therefore, database queries may be performed during view rendering. Explicitly configure spring.jpa.open-in-view to disable this warning
2026-07-13 12:25:14.165 [main] INFO  [c.e.e.g.config.SwaggerAccessTest] Started SwaggerAccessTest in 6.696 seconds (process running for 11.508)
2026-07-13 12:25:14.185 [main] INFO  [o.s.b.t.m.w.SpringBootMockServletContext] Initializing Spring TestDispatcherServlet ''
2026-07-13 12:25:14.185 [main] INFO  [o.s.t.w.s.TestDispatcherServlet] Initializing Servlet ''
2026-07-13 12:25:14.186 [main] INFO  [o.s.t.w.s.TestDispatcherServlet] Completed initialization in 1 ms
2026-07-13 12:25:14.865 [main] INFO  [o.s.api.AbstractOpenApiResource] Init duration for springdoc-openapi is: 621 ms
2026-07-13 12:25:14.937 [main] INFO  [o.s.b.t.m.w.SpringBootMockServletContext] Initializing Spring TestDispatcherServlet ''
2026-07-13 12:25:14.938 [main] INFO  [o.s.t.w.s.TestDispatcherServlet] Initializing Servlet ''
2026-07-13 12:25:14.939 [main] INFO  [o.s.t.w.s.TestDispatcherServlet] Completed initialization in 1 ms
2026-07-13 12:25:14.969 [main] INFO  [o.s.t.c.s.AnnotationConfigContextLoaderUtils] Could not detect default configuration classes for test class [com.elioth.epam.gymcrm.GymCrmApiApplicationTests]: GymCrmApiApplicationTests does not declare any static, non-private, non-final, nested classes annotated with @Configuration.
2026-07-13 12:25:14.973 [main] INFO  [o.s.b.t.c.SpringBootTestContextBootstrapper] Found @SpringBootConfiguration com.elioth.epam.gymcrm.GymCrmApiApplication for test class com.elioth.epam.gymcrm.GymCrmApiApplicationTests
2026-07-13 12:25:14.975 [main] INFO  [o.s.t.c.s.AnnotationConfigContextLoaderUtils] Could not detect default configuration classes for test class [com.elioth.epam.gymcrm.GymCrmApiApplicationTests]: GymCrmApiApplicationTests does not declare any static, non-private, non-final, nested classes annotated with @Configuration.
2026-07-13 12:25:14.976 [main] INFO  [o.s.b.t.c.SpringBootTestContextBootstrapper] Found @SpringBootConfiguration com.elioth.epam.gymcrm.GymCrmApiApplication for test class com.elioth.epam.gymcrm.GymCrmApiApplicationTests
2026-07-13 12:25:14.993 [SpringApplicationShutdownHook] INFO  [o.s.o.j.LocalContainerEntityManagerFactoryBean] Closing JPA EntityManagerFactory for persistence unit 'default'
2026-07-13 12:25:15.147 [SpringApplicationShutdownHook] INFO  [com.zaxxer.hikari.HikariDataSource] HikariPool-1 - Shutdown initiated...
2026-07-13 12:25:15.150 [SpringApplicationShutdownHook] INFO  [com.zaxxer.hikari.HikariDataSource] HikariPool-1 - Shutdown completed.
2026-07-13 14:58:31.674 [SpringApplicationShutdownHook] INFO  [o.s.boot.tomcat.GracefulShutdown] Commencing graceful shutdown. Waiting for active requests to complete
2026-07-13 14:58:31.683 [tomcat-shutdown] INFO  [o.s.boot.tomcat.GracefulShutdown] Graceful shutdown complete
2026-07-13 14:58:31.690 [SpringApplicationShutdownHook] INFO  [o.s.o.j.LocalContainerEntityManagerFactoryBean] Closing JPA EntityManagerFactory for persistence unit 'default'
2026-07-13 14:58:31.700 [SpringApplicationShutdownHook] WARN  [com.zaxxer.hikari.pool.PoolBase] HikariPool-1 - Failed to validate connection org.postgresql.jdbc.PgConnection@1bdcc9f3 (This connection has been closed.). Possibly consider using a shorter maxLifetime value.
2026-07-13 14:58:31.703 [SpringApplicationShutdownHook] WARN  [com.zaxxer.hikari.pool.PoolBase] HikariPool-1 - Failed to validate connection org.postgresql.jdbc.PgConnection@1a8bd521 (This connection has been closed.). Possibly consider using a shorter maxLifetime value.
2026-07-13 14:58:31.704 [SpringApplicationShutdownHook] WARN  [com.zaxxer.hikari.pool.PoolBase] HikariPool-1 - Failed to validate connection org.postgresql.jdbc.PgConnection@4e9982fb (This connection has been closed.). Possibly consider using a shorter maxLifetime value.
2026-07-13 14:58:31.705 [SpringApplicationShutdownHook] WARN  [com.zaxxer.hikari.pool.PoolBase] HikariPool-1 - Failed to validate connection org.postgresql.jdbc.PgConnection@33f7598a (This connection has been closed.). Possibly consider using a shorter maxLifetime value.
2026-07-13 14:58:31.706 [SpringApplicationShutdownHook] WARN  [com.zaxxer.hikari.pool.PoolBase] HikariPool-1 - Failed to validate connection org.postgresql.jdbc.PgConnection@2f3f518a (This connection has been closed.). Possibly consider using a shorter maxLifetime value.
2026-07-13 14:58:31.706 [SpringApplicationShutdownHook] WARN  [com.zaxxer.hikari.pool.PoolBase] HikariPool-1 - Failed to validate connection org.postgresql.jdbc.PgConnection@6b59ab91 (This connection has been closed.). Possibly consider using a shorter maxLifetime value.
2026-07-13 14:58:31.707 [SpringApplicationShutdownHook] WARN  [com.zaxxer.hikari.pool.PoolBase] HikariPool-1 - Failed to validate connection org.postgresql.jdbc.PgConnection@69d5725b (This connection has been closed.). Possibly consider using a shorter maxLifetime value.
2026-07-13 14:58:31.707 [SpringApplicationShutdownHook] WARN  [com.zaxxer.hikari.pool.PoolBase] HikariPool-1 - Failed to validate connection org.postgresql.jdbc.PgConnection@60674de2 (This connection has been closed.). Possibly consider using a shorter maxLifetime value.
2026-07-13 14:58:31.707 [SpringApplicationShutdownHook] WARN  [com.zaxxer.hikari.pool.PoolBase] HikariPool-1 - Failed to validate connection org.postgresql.jdbc.PgConnection@3501e365 (This connection has been closed.). Possibly consider using a shorter maxLifetime value.
2026-07-13 14:58:31.707 [SpringApplicationShutdownHook] WARN  [com.zaxxer.hikari.pool.PoolBase] HikariPool-1 - Failed to validate connection org.postgresql.jdbc.PgConnection@13a2c377 (This connection has been closed.). Possibly consider using a shorter maxLifetime value.
2026-07-17 10:11:29.320 [background-preinit] INFO  [o.h.validator.internal.util.Version] HV000001: Hibernate Validator 9.0.1.Final
2026-07-17 10:11:29.444 [main] INFO  [c.e.e.g.config.SwaggerAccessTest] Starting SwaggerAccessTest using Java 21.0.11 with PID 18879 (started by aliothosa in /home/aliothosa/IdeaProjects/GYM-CRM/gym-crm-api)
2026-07-17 10:11:29.448 [main] INFO  [c.e.e.g.config.SwaggerAccessTest] The following 1 profile is active: "test"
2026-07-17 10:11:31.054 [main] INFO  [o.s.d.r.c.RepositoryConfigurationDelegate] Bootstrapping Spring Data JPA repositories in DEFAULT mode.
2026-07-17 10:11:31.124 [main] INFO  [o.s.d.r.c.RepositoryConfigurationDelegate] Finished Spring Data repository scanning in 58 ms. Found 5 JPA repository interfaces.
2026-07-17 10:11:31.698 [main] INFO  [org.hibernate.orm.jpa] HHH008540: Processing PersistenceUnitInfo [name: default]
2026-07-17 10:11:31.781 [main] INFO  [org.hibernate.orm.core] HHH000001: Hibernate ORM core version 7.2.12.Final
2026-07-17 10:11:32.211 [main] INFO  [o.s.o.j.p.SpringPersistenceUnitInfo] No LoadTimeWeaver setup: ignoring JPA class transformer
2026-07-17 10:11:32.281 [main] INFO  [com.zaxxer.hikari.HikariDataSource] HikariPool-1 - Starting...
2026-07-17 10:11:32.641 [main] INFO  [com.zaxxer.hikari.pool.HikariPool] HikariPool-1 - Added connection conn0: url=jdbc:h2:mem:gymcrm-test user=SA
2026-07-17 10:11:32.644 [main] INFO  [com.zaxxer.hikari.HikariDataSource] HikariPool-1 - Start completed.
2026-07-17 10:11:32.678 [main] WARN  [org.hibernate.orm.deprecation] HHH90000025: H2Dialect does not need to be specified explicitly using 'hibernate.dialect' (remove the property setting and it will be selected by default)
2026-07-17 10:11:32.712 [main] INFO  [o.hibernate.orm.connections.pooling] HHH10001005: Database info:
	Database JDBC URL [jdbc:h2:mem:gymcrm-test]
	Database driver: H2 JDBC Driver
	Database dialect: H2Dialect
	Database version: 2.4.240
	Default catalog/schema: GYMCRM-TEST/PUBLIC
	Autocommit mode: undefined/unknown
	Isolation level: READ_COMMITTED [default READ_COMMITTED]
	JDBC fetch size: 100
	Pool: DataSourceConnectionProvider
	Minimum pool size: undefined/unknown
	Maximum pool size: undefined/unknown
2026-07-17 10:11:34.078 [main] INFO  [org.hibernate.orm.core] HHH000489: No JTA platform available (set 'hibernate.transaction.jta.platform' to enable JTA platform integration)
2026-07-17 10:11:34.169 [main] INFO  [o.s.o.j.LocalContainerEntityManagerFactoryBean] Initialized JPA EntityManagerFactory for persistence unit 'default'
2026-07-17 10:11:34.273 [main] INFO  [o.s.d.j.r.q.QueryEnhancerFactories] Hibernate is in classpath; If applicable, HQL parser will be used.
2026-07-17 10:11:36.363 [main] WARN  [o.s.b.j.a.JpaBaseConfiguration$JpaWebConfiguration] spring.jpa.open-in-view is enabled by default. Therefore, database queries may be performed during view rendering. Explicitly configure spring.jpa.open-in-view to disable this warning
2026-07-17 10:11:37.031 [main] INFO  [c.e.e.g.config.SwaggerAccessTest] Started SwaggerAccessTest in 8.721 seconds (process running for 14.118)
2026-07-17 10:11:37.054 [main] INFO  [o.s.b.t.m.w.SpringBootMockServletContext] Initializing Spring TestDispatcherServlet ''
2026-07-17 10:11:37.054 [main] INFO  [o.s.t.w.s.TestDispatcherServlet] Initializing Servlet ''
2026-07-17 10:11:37.056 [main] INFO  [o.s.t.w.s.TestDispatcherServlet] Completed initialization in 1 ms
2026-07-17 10:11:37.764 [main] INFO  [o.s.api.AbstractOpenApiResource] Init duration for springdoc-openapi is: 638 ms
2026-07-17 10:11:37.826 [main] INFO  [o.s.b.t.m.w.SpringBootMockServletContext] Initializing Spring TestDispatcherServlet ''
2026-07-17 10:11:37.826 [main] INFO  [o.s.t.w.s.TestDispatcherServlet] Initializing Servlet ''
2026-07-17 10:11:37.827 [main] INFO  [o.s.t.w.s.TestDispatcherServlet] Completed initialization in 1 ms
2026-07-17 10:11:37.854 [main] INFO  [o.s.t.c.s.AnnotationConfigContextLoaderUtils] Could not detect default configuration classes for test class [com.elioth.epam.gymcrm.GymCrmApiApplicationTests]: GymCrmApiApplicationTests does not declare any static, non-private, non-final, nested classes annotated with @Configuration.
2026-07-17 10:11:37.859 [main] INFO  [o.s.b.t.c.SpringBootTestContextBootstrapper] Found @SpringBootConfiguration com.elioth.epam.gymcrm.GymCrmApiApplication for test class com.elioth.epam.gymcrm.GymCrmApiApplicationTests
2026-07-17 10:11:37.860 [main] INFO  [o.s.t.c.s.AnnotationConfigContextLoaderUtils] Could not detect default configuration classes for test class [com.elioth.epam.gymcrm.GymCrmApiApplicationTests]: GymCrmApiApplicationTests does not declare any static, non-private, non-final, nested classes annotated with @Configuration.
2026-07-17 10:11:37.861 [main] INFO  [o.s.b.t.c.SpringBootTestContextBootstrapper] Found @SpringBootConfiguration com.elioth.epam.gymcrm.GymCrmApiApplication for test class com.elioth.epam.gymcrm.GymCrmApiApplicationTests
2026-07-17 10:11:37.885 [SpringApplicationShutdownHook] INFO  [o.s.o.j.LocalContainerEntityManagerFactoryBean] Closing JPA EntityManagerFactory for persistence unit 'default'
2026-07-17 10:11:38.047 [SpringApplicationShutdownHook] INFO  [com.zaxxer.hikari.HikariDataSource] HikariPool-1 - Shutdown initiated...
2026-07-17 10:11:38.049 [SpringApplicationShutdownHook] INFO  [com.zaxxer.hikari.HikariDataSource] HikariPool-1 - Shutdown completed.
2026-07-17 11:03:31.748 [background-preinit] INFO  [o.h.validator.internal.util.Version] HV000001: Hibernate Validator 9.0.1.Final
2026-07-17 11:03:31.796 [main] INFO  [c.e.e.g.config.SwaggerAccessTest] Starting SwaggerAccessTest using Java 21.0.11 with PID 22983 (started by aliothosa in /home/aliothosa/IdeaProjects/GYM-CRM/gym-crm-api)
2026-07-17 11:03:31.797 [main] INFO  [c.e.e.g.config.SwaggerAccessTest] The following 1 profile is active: "test"
2026-07-17 11:03:33.316 [main] INFO  [o.s.d.r.c.RepositoryConfigurationDelegate] Bootstrapping Spring Data JPA repositories in DEFAULT mode.
2026-07-17 11:03:33.395 [main] INFO  [o.s.d.r.c.RepositoryConfigurationDelegate] Finished Spring Data repository scanning in 66 ms. Found 5 JPA repository interfaces.
2026-07-17 11:03:34.144 [main] INFO  [org.hibernate.orm.jpa] HHH008540: Processing PersistenceUnitInfo [name: default]
2026-07-17 11:03:34.230 [main] INFO  [org.hibernate.orm.core] HHH000001: Hibernate ORM core version 7.2.12.Final
2026-07-17 11:03:34.624 [main] INFO  [o.s.o.j.p.SpringPersistenceUnitInfo] No LoadTimeWeaver setup: ignoring JPA class transformer
2026-07-17 11:03:34.672 [main] INFO  [com.zaxxer.hikari.HikariDataSource] HikariPool-1 - Starting...
2026-07-17 11:03:35.044 [main] INFO  [com.zaxxer.hikari.pool.HikariPool] HikariPool-1 - Added connection conn0: url=jdbc:h2:mem:gymcrm-test user=SA
2026-07-17 11:03:35.046 [main] INFO  [com.zaxxer.hikari.HikariDataSource] HikariPool-1 - Start completed.
2026-07-17 11:03:35.086 [main] WARN  [org.hibernate.orm.deprecation] HHH90000025: H2Dialect does not need to be specified explicitly using 'hibernate.dialect' (remove the property setting and it will be selected by default)
2026-07-17 11:03:35.128 [main] INFO  [o.hibernate.orm.connections.pooling] HHH10001005: Database info:
	Database JDBC URL [jdbc:h2:mem:gymcrm-test]
	Database driver: H2 JDBC Driver
	Database dialect: H2Dialect
	Database version: 2.4.240
	Default catalog/schema: GYMCRM-TEST/PUBLIC
	Autocommit mode: undefined/unknown
	Isolation level: READ_COMMITTED [default READ_COMMITTED]
	JDBC fetch size: 100
	Pool: DataSourceConnectionProvider
	Minimum pool size: undefined/unknown
	Maximum pool size: undefined/unknown
2026-07-17 11:03:36.380 [main] INFO  [org.hibernate.orm.core] HHH000489: No JTA platform available (set 'hibernate.transaction.jta.platform' to enable JTA platform integration)
2026-07-17 11:03:36.479 [main] INFO  [o.s.o.j.LocalContainerEntityManagerFactoryBean] Initialized JPA EntityManagerFactory for persistence unit 'default'
2026-07-17 11:03:36.576 [main] INFO  [o.s.d.j.r.q.QueryEnhancerFactories] Hibernate is in classpath; If applicable, HQL parser will be used.
2026-07-17 11:03:38.450 [main] WARN  [o.s.b.j.a.JpaBaseConfiguration$JpaWebConfiguration] spring.jpa.open-in-view is enabled by default. Therefore, database queries may be performed during view rendering. Explicitly configure spring.jpa.open-in-view to disable this warning
2026-07-17 11:03:39.391 [main] INFO  [o.s.b.a.e.web.EndpointLinksResolver] Exposing 2 endpoints beneath base path '/actuator'
2026-07-17 11:03:39.470 [main] INFO  [c.e.e.g.config.SwaggerAccessTest] Started SwaggerAccessTest in 8.331 seconds (process running for 13.852)
2026-07-17 11:03:39.565 [main] INFO  [o.s.b.t.m.w.SpringBootMockServletContext] Initializing Spring TestDispatcherServlet ''
2026-07-17 11:03:39.565 [main] INFO  [o.s.t.w.s.TestDispatcherServlet] Initializing Servlet ''
2026-07-17 11:03:39.567 [main] INFO  [o.s.t.w.s.TestDispatcherServlet] Completed initialization in 1 ms
2026-07-17 11:03:40.206 [main] INFO  [o.s.api.AbstractOpenApiResource] Init duration for springdoc-openapi is: 570 ms
2026-07-17 11:03:40.259 [main] INFO  [o.s.b.t.m.w.SpringBootMockServletContext] Initializing Spring TestDispatcherServlet ''
2026-07-17 11:03:40.259 [main] INFO  [o.s.t.w.s.TestDispatcherServlet] Initializing Servlet ''
2026-07-17 11:03:40.260 [main] INFO  [o.s.t.w.s.TestDispatcherServlet] Completed initialization in 1 ms
2026-07-17 11:03:40.284 [main] INFO  [o.s.t.c.s.AnnotationConfigContextLoaderUtils] Could not detect default configuration classes for test class [com.elioth.epam.gymcrm.GymCrmApiApplicationTests]: GymCrmApiApplicationTests does not declare any static, non-private, non-final, nested classes annotated with @Configuration.
2026-07-17 11:03:40.288 [main] INFO  [o.s.b.t.c.SpringBootTestContextBootstrapper] Found @SpringBootConfiguration com.elioth.epam.gymcrm.GymCrmApiApplication for test class com.elioth.epam.gymcrm.GymCrmApiApplicationTests
2026-07-17 11:03:40.289 [main] INFO  [o.s.t.c.s.AnnotationConfigContextLoaderUtils] Could not detect default configuration classes for test class [com.elioth.epam.gymcrm.GymCrmApiApplicationTests]: GymCrmApiApplicationTests does not declare any static, non-private, non-final, nested classes annotated with @Configuration.
2026-07-17 11:03:40.290 [main] INFO  [o.s.b.t.c.SpringBootTestContextBootstrapper] Found @SpringBootConfiguration com.elioth.epam.gymcrm.GymCrmApiApplication for test class com.elioth.epam.gymcrm.GymCrmApiApplicationTests
2026-07-17 11:03:40.315 [SpringApplicationShutdownHook] INFO  [o.s.o.j.LocalContainerEntityManagerFactoryBean] Closing JPA EntityManagerFactory for persistence unit 'default'
2026-07-17 11:03:40.463 [SpringApplicationShutdownHook] INFO  [com.zaxxer.hikari.HikariDataSource] HikariPool-1 - Shutdown initiated...
2026-07-17 11:03:40.466 [SpringApplicationShutdownHook] INFO  [com.zaxxer.hikari.HikariDataSource] HikariPool-1 - Shutdown completed.
2026-07-17 11:11:00.603 [background-preinit] INFO  [o.h.validator.internal.util.Version] HV000001: Hibernate Validator 9.0.1.Final
2026-07-17 11:11:00.654 [main] INFO  [c.e.e.g.config.SwaggerAccessTest] Starting SwaggerAccessTest using Java 21.0.11 with PID 24356 (started by aliothosa in /home/aliothosa/IdeaProjects/GYM-CRM/gym-crm-api)
2026-07-17 11:11:00.655 [main] INFO  [c.e.e.g.config.SwaggerAccessTest] The following 1 profile is active: "test"
2026-07-17 11:11:02.235 [main] INFO  [o.s.d.r.c.RepositoryConfigurationDelegate] Bootstrapping Spring Data JPA repositories in DEFAULT mode.
2026-07-17 11:11:02.324 [main] INFO  [o.s.d.r.c.RepositoryConfigurationDelegate] Finished Spring Data repository scanning in 66 ms. Found 5 JPA repository interfaces.
2026-07-17 11:11:03.109 [main] INFO  [org.hibernate.orm.jpa] HHH008540: Processing PersistenceUnitInfo [name: default]
2026-07-17 11:11:03.219 [main] INFO  [org.hibernate.orm.core] HHH000001: Hibernate ORM core version 7.2.12.Final
2026-07-17 11:11:03.722 [main] INFO  [o.s.o.j.p.SpringPersistenceUnitInfo] No LoadTimeWeaver setup: ignoring JPA class transformer
2026-07-17 11:11:03.784 [main] INFO  [com.zaxxer.hikari.HikariDataSource] HikariPool-1 - Starting...
2026-07-17 11:11:04.193 [main] INFO  [com.zaxxer.hikari.pool.HikariPool] HikariPool-1 - Added connection conn0: url=jdbc:h2:mem:gymcrm-test user=SA
2026-07-17 11:11:04.196 [main] INFO  [com.zaxxer.hikari.HikariDataSource] HikariPool-1 - Start completed.
2026-07-17 11:11:04.237 [main] WARN  [org.hibernate.orm.deprecation] HHH90000025: H2Dialect does not need to be specified explicitly using 'hibernate.dialect' (remove the property setting and it will be selected by default)
2026-07-17 11:11:04.280 [main] INFO  [o.hibernate.orm.connections.pooling] HHH10001005: Database info:
	Database JDBC URL [jdbc:h2:mem:gymcrm-test]
	Database driver: H2 JDBC Driver
	Database dialect: H2Dialect
	Database version: 2.4.240
	Default catalog/schema: GYMCRM-TEST/PUBLIC
	Autocommit mode: undefined/unknown
	Isolation level: READ_COMMITTED [default READ_COMMITTED]
	JDBC fetch size: 100
	Pool: DataSourceConnectionProvider
	Minimum pool size: undefined/unknown
	Maximum pool size: undefined/unknown
2026-07-17 11:11:05.656 [main] INFO  [org.hibernate.orm.core] HHH000489: No JTA platform available (set 'hibernate.transaction.jta.platform' to enable JTA platform integration)
2026-07-17 11:11:05.759 [main] INFO  [o.s.o.j.LocalContainerEntityManagerFactoryBean] Initialized JPA EntityManagerFactory for persistence unit 'default'
2026-07-17 11:11:05.874 [main] INFO  [o.s.d.j.r.q.QueryEnhancerFactories] Hibernate is in classpath; If applicable, HQL parser will be used.
2026-07-17 11:11:07.939 [main] WARN  [o.s.b.j.a.JpaBaseConfiguration$JpaWebConfiguration] spring.jpa.open-in-view is enabled by default. Therefore, database queries may be performed during view rendering. Explicitly configure spring.jpa.open-in-view to disable this warning
2026-07-17 11:11:08.861 [main] INFO  [o.s.b.a.e.web.EndpointLinksResolver] Exposing 2 endpoints beneath base path '/actuator'
2026-07-17 11:11:08.932 [main] INFO  [c.e.e.g.config.SwaggerAccessTest] Started SwaggerAccessTest in 8.961 seconds (process running for 14.57)
2026-07-17 11:11:09.015 [main] INFO  [o.s.b.t.m.w.SpringBootMockServletContext] Initializing Spring TestDispatcherServlet ''
2026-07-17 11:11:09.015 [main] INFO  [o.s.t.w.s.TestDispatcherServlet] Initializing Servlet ''
2026-07-17 11:11:09.017 [main] INFO  [o.s.t.w.s.TestDispatcherServlet] Completed initialization in 1 ms
2026-07-17 11:11:09.717 [main] INFO  [o.s.api.AbstractOpenApiResource] Init duration for springdoc-openapi is: 632 ms
2026-07-17 11:11:09.784 [main] INFO  [o.s.b.t.m.w.SpringBootMockServletContext] Initializing Spring TestDispatcherServlet ''
2026-07-17 11:11:09.784 [main] INFO  [o.s.t.w.s.TestDispatcherServlet] Initializing Servlet ''
2026-07-17 11:11:09.786 [main] INFO  [o.s.t.w.s.TestDispatcherServlet] Completed initialization in 2 ms
2026-07-17 11:11:09.810 [main] INFO  [o.s.t.c.s.AnnotationConfigContextLoaderUtils] Could not detect default configuration classes for test class [com.elioth.epam.gymcrm.GymCrmApiApplicationTests]: GymCrmApiApplicationTests does not declare any static, non-private, non-final, nested classes annotated with @Configuration.
2026-07-17 11:11:09.814 [main] INFO  [o.s.b.t.c.SpringBootTestContextBootstrapper] Found @SpringBootConfiguration com.elioth.epam.gymcrm.GymCrmApiApplication for test class com.elioth.epam.gymcrm.GymCrmApiApplicationTests
2026-07-17 11:11:09.815 [main] INFO  [o.s.t.c.s.AnnotationConfigContextLoaderUtils] Could not detect default configuration classes for test class [com.elioth.epam.gymcrm.GymCrmApiApplicationTests]: GymCrmApiApplicationTests does not declare any static, non-private, non-final, nested classes annotated with @Configuration.
2026-07-17 11:11:09.817 [main] INFO  [o.s.b.t.c.SpringBootTestContextBootstrapper] Found @SpringBootConfiguration com.elioth.epam.gymcrm.GymCrmApiApplication for test class com.elioth.epam.gymcrm.GymCrmApiApplicationTests
2026-07-17 11:11:09.843 [SpringApplicationShutdownHook] INFO  [o.s.o.j.LocalContainerEntityManagerFactoryBean] Closing JPA EntityManagerFactory for persistence unit 'default'
2026-07-17 11:11:09.983 [SpringApplicationShutdownHook] INFO  [com.zaxxer.hikari.HikariDataSource] HikariPool-1 - Shutdown initiated...
2026-07-17 11:11:09.986 [SpringApplicationShutdownHook] INFO  [com.zaxxer.hikari.HikariDataSource] HikariPool-1 - Shutdown completed.
2026-07-17 11:20:14.790 [background-preinit] INFO  [o.h.validator.internal.util.Version] HV000001: Hibernate Validator 9.0.1.Final
2026-07-17 11:20:14.853 [main] INFO  [c.e.e.g.config.SwaggerAccessTest] Starting SwaggerAccessTest using Java 21.0.11 with PID 26245 (started by aliothosa in /home/aliothosa/IdeaProjects/GYM-CRM/gym-crm-api)
2026-07-17 11:20:14.854 [main] INFO  [c.e.e.g.config.SwaggerAccessTest] The following 1 profile is active: "test"
2026-07-17 11:20:16.350 [main] INFO  [o.s.d.r.c.RepositoryConfigurationDelegate] Bootstrapping Spring Data JPA repositories in DEFAULT mode.
2026-07-17 11:20:16.426 [main] INFO  [o.s.d.r.c.RepositoryConfigurationDelegate] Finished Spring Data repository scanning in 61 ms. Found 5 JPA repository interfaces.
2026-07-17 11:20:17.163 [main] INFO  [org.hibernate.orm.jpa] HHH008540: Processing PersistenceUnitInfo [name: default]
2026-07-17 11:20:17.245 [main] INFO  [org.hibernate.orm.core] HHH000001: Hibernate ORM core version 7.2.12.Final
2026-07-17 11:20:17.698 [main] INFO  [o.s.o.j.p.SpringPersistenceUnitInfo] No LoadTimeWeaver setup: ignoring JPA class transformer
2026-07-17 11:20:17.745 [main] INFO  [com.zaxxer.hikari.HikariDataSource] HikariPool-1 - Starting...
2026-07-17 11:20:18.116 [main] INFO  [com.zaxxer.hikari.pool.HikariPool] HikariPool-1 - Added connection conn0: url=jdbc:h2:mem:gymcrm-test user=SA
2026-07-17 11:20:18.119 [main] INFO  [com.zaxxer.hikari.HikariDataSource] HikariPool-1 - Start completed.
2026-07-17 11:20:18.150 [main] WARN  [org.hibernate.orm.deprecation] HHH90000025: H2Dialect does not need to be specified explicitly using 'hibernate.dialect' (remove the property setting and it will be selected by default)
2026-07-17 11:20:18.181 [main] INFO  [o.hibernate.orm.connections.pooling] HHH10001005: Database info:
	Database JDBC URL [jdbc:h2:mem:gymcrm-test]
	Database driver: H2 JDBC Driver
	Database dialect: H2Dialect
	Database version: 2.4.240
	Default catalog/schema: GYMCRM-TEST/PUBLIC
	Autocommit mode: undefined/unknown
	Isolation level: READ_COMMITTED [default READ_COMMITTED]
	JDBC fetch size: 100
	Pool: DataSourceConnectionProvider
	Minimum pool size: undefined/unknown
	Maximum pool size: undefined/unknown
2026-07-17 11:20:19.418 [main] INFO  [org.hibernate.orm.core] HHH000489: No JTA platform available (set 'hibernate.transaction.jta.platform' to enable JTA platform integration)
2026-07-17 11:20:19.524 [main] INFO  [o.s.o.j.LocalContainerEntityManagerFactoryBean] Initialized JPA EntityManagerFactory for persistence unit 'default'
2026-07-17 11:20:19.632 [main] INFO  [o.s.d.j.r.q.QueryEnhancerFactories] Hibernate is in classpath; If applicable, HQL parser will be used.
2026-07-17 11:20:21.692 [main] WARN  [o.s.b.j.a.JpaBaseConfiguration$JpaWebConfiguration] spring.jpa.open-in-view is enabled by default. Therefore, database queries may be performed during view rendering. Explicitly configure spring.jpa.open-in-view to disable this warning
2026-07-17 11:20:22.532 [main] INFO  [o.s.b.a.e.web.EndpointLinksResolver] Exposing 2 endpoints beneath base path '/actuator'
2026-07-17 11:20:22.600 [main] INFO  [c.e.e.g.config.SwaggerAccessTest] Started SwaggerAccessTest in 8.445 seconds (process running for 14.265)
2026-07-17 11:20:22.690 [main] INFO  [o.s.b.t.m.w.SpringBootMockServletContext] Initializing Spring TestDispatcherServlet ''
2026-07-17 11:20:22.690 [main] INFO  [o.s.t.w.s.TestDispatcherServlet] Initializing Servlet ''
2026-07-17 11:20:22.691 [main] INFO  [o.s.t.w.s.TestDispatcherServlet] Completed initialization in 1 ms
2026-07-17 11:20:23.417 [main] INFO  [o.s.api.AbstractOpenApiResource] Init duration for springdoc-openapi is: 661 ms
2026-07-17 11:20:23.481 [main] INFO  [o.s.b.t.m.w.SpringBootMockServletContext] Initializing Spring TestDispatcherServlet ''
2026-07-17 11:20:23.481 [main] INFO  [o.s.t.w.s.TestDispatcherServlet] Initializing Servlet ''
2026-07-17 11:20:23.483 [main] INFO  [o.s.t.w.s.TestDispatcherServlet] Completed initialization in 1 ms
2026-07-17 11:20:23.506 [main] INFO  [o.s.t.c.s.AnnotationConfigContextLoaderUtils] Could not detect default configuration classes for test class [com.elioth.epam.gymcrm.GymCrmApiApplicationTests]: GymCrmApiApplicationTests does not declare any static, non-private, non-final, nested classes annotated with @Configuration.
2026-07-17 11:20:23.511 [main] INFO  [o.s.b.t.c.SpringBootTestContextBootstrapper] Found @SpringBootConfiguration com.elioth.epam.gymcrm.GymCrmApiApplication for test class com.elioth.epam.gymcrm.GymCrmApiApplicationTests
2026-07-17 11:20:23.512 [main] INFO  [o.s.t.c.s.AnnotationConfigContextLoaderUtils] Could not detect default configuration classes for test class [com.elioth.epam.gymcrm.GymCrmApiApplicationTests]: GymCrmApiApplicationTests does not declare any static, non-private, non-final, nested classes annotated with @Configuration.
2026-07-17 11:20:23.513 [main] INFO  [o.s.b.t.c.SpringBootTestContextBootstrapper] Found @SpringBootConfiguration com.elioth.epam.gymcrm.GymCrmApiApplication for test class com.elioth.epam.gymcrm.GymCrmApiApplicationTests
2026-07-17 11:20:23.541 [SpringApplicationShutdownHook] INFO  [o.s.o.j.LocalContainerEntityManagerFactoryBean] Closing JPA EntityManagerFactory for persistence unit 'default'
2026-07-17 11:20:23.684 [SpringApplicationShutdownHook] INFO  [com.zaxxer.hikari.HikariDataSource] HikariPool-1 - Shutdown initiated...
2026-07-17 11:20:23.688 [SpringApplicationShutdownHook] INFO  [com.zaxxer.hikari.HikariDataSource] HikariPool-1 - Shutdown completed.
2026-07-27 18:40:25.649 [background-preinit] INFO  [o.h.validator.internal.util.Version] HV000001: Hibernate Validator 9.0.1.Final
2026-07-27 18:40:25.701 [main] INFO  [c.e.e.g.config.SwaggerAccessTest] Starting SwaggerAccessTest using Java 21.0.12 with PID 49583 (started by aliothosa in /home/aliothosa/IdeaProjects/GYM-CRM/gym-crm-api)
2026-07-27 18:40:25.703 [main] INFO  [c.e.e.g.config.SwaggerAccessTest] The following 1 profile is active: "test"
2026-07-27 18:40:27.306 [main] INFO  [o.s.d.r.c.RepositoryConfigurationDelegate] Bootstrapping Spring Data JPA repositories in DEFAULT mode.
2026-07-27 18:40:27.376 [main] INFO  [o.s.d.r.c.RepositoryConfigurationDelegate] Finished Spring Data repository scanning in 56 ms. Found 5 JPA repository interfaces.
2026-07-27 18:40:28.200 [main] INFO  [org.hibernate.orm.jpa] HHH008540: Processing PersistenceUnitInfo [name: default]
2026-07-27 18:40:28.279 [main] INFO  [org.hibernate.orm.core] HHH000001: Hibernate ORM core version 7.2.12.Final
2026-07-27 18:40:28.667 [main] INFO  [o.s.o.j.p.SpringPersistenceUnitInfo] No LoadTimeWeaver setup: ignoring JPA class transformer
2026-07-27 18:40:28.711 [main] INFO  [com.zaxxer.hikari.HikariDataSource] HikariPool-1 - Starting...
2026-07-27 18:40:29.114 [main] INFO  [com.zaxxer.hikari.pool.HikariPool] HikariPool-1 - Added connection conn0: url=jdbc:h2:mem:gymcrm-test user=SA
2026-07-27 18:40:29.116 [main] INFO  [com.zaxxer.hikari.HikariDataSource] HikariPool-1 - Start completed.
2026-07-27 18:40:29.152 [main] WARN  [org.hibernate.orm.deprecation] HHH90000025: H2Dialect does not need to be specified explicitly using 'hibernate.dialect' (remove the property setting and it will be selected by default)
2026-07-27 18:40:29.187 [main] INFO  [o.hibernate.orm.connections.pooling] HHH10001005: Database info:
	Database JDBC URL [jdbc:h2:mem:gymcrm-test]
	Database driver: H2 JDBC Driver
	Database dialect: H2Dialect
	Database version: 2.4.240
	Default catalog/schema: GYMCRM-TEST/PUBLIC
	Autocommit mode: undefined/unknown
	Isolation level: READ_COMMITTED [default READ_COMMITTED]
	JDBC fetch size: 100
	Pool: DataSourceConnectionProvider
	Minimum pool size: undefined/unknown
	Maximum pool size: undefined/unknown
2026-07-27 18:40:30.407 [main] INFO  [org.hibernate.orm.core] HHH000489: No JTA platform available (set 'hibernate.transaction.jta.platform' to enable JTA platform integration)
2026-07-27 18:40:30.517 [main] INFO  [o.s.o.j.LocalContainerEntityManagerFactoryBean] Initialized JPA EntityManagerFactory for persistence unit 'default'
2026-07-27 18:40:30.621 [main] INFO  [o.s.d.j.r.q.QueryEnhancerFactories] Hibernate is in classpath; If applicable, HQL parser will be used.
2026-07-27 18:40:32.532 [main] INFO  [o.s.s.c.a.a.c.InitializeAuthenticationProviderBeanManagerConfigurer$InitializeAuthenticationProviderManagerConfigurer] Global AuthenticationManager configured with AuthenticationProvider bean with name daoAuthenticationProvider
2026-07-27 18:40:32.532 [main] WARN  [o.s.s.c.a.a.c.InitializeUserDetailsBeanManagerConfigurer$InitializeUserDetailsManagerConfigurer] Global AuthenticationManager configured with an AuthenticationProvider bean. UserDetailsService beans will not be used by Spring Security for automatically configuring username/password login. Consider removing the AuthenticationProvider bean. Alternatively, consider using the UserDetailsService in a manually instantiated DaoAuthenticationProvider. If the current configuration is intentional, to turn off this warning, increase the logging level of 'org.springframework.security.config.annotation.authentication.configuration.InitializeUserDetailsBeanManagerConfigurer' to ERROR
2026-07-27 18:40:32.666 [main] WARN  [o.s.b.j.a.JpaBaseConfiguration$JpaWebConfiguration] spring.jpa.open-in-view is enabled by default. Therefore, database queries may be performed during view rendering. Explicitly configure spring.jpa.open-in-view to disable this warning
2026-07-27 18:40:33.816 [main] INFO  [o.s.b.a.e.web.EndpointLinksResolver] Exposing 2 endpoints beneath base path '/actuator'
2026-07-27 18:40:33.891 [main] INFO  [c.e.e.g.config.SwaggerAccessTest] Started SwaggerAccessTest in 8.942 seconds (process running for 14.576)
2026-07-27 18:40:33.994 [main] INFO  [o.s.b.t.m.w.SpringBootMockServletContext] Initializing Spring TestDispatcherServlet ''
2026-07-27 18:40:33.994 [main] INFO  [o.s.t.w.s.TestDispatcherServlet] Initializing Servlet ''
2026-07-27 18:40:33.996 [main] INFO  [o.s.t.w.s.TestDispatcherServlet] Completed initialization in 2 ms
2026-07-27 18:40:34.691 [main] INFO  [o.s.api.AbstractOpenApiResource] Init duration for springdoc-openapi is: 620 ms
2026-07-27 18:40:34.763 [main] INFO  [o.s.b.t.m.w.SpringBootMockServletContext] Initializing Spring TestDispatcherServlet ''
2026-07-27 18:40:34.763 [main] INFO  [o.s.t.w.s.TestDispatcherServlet] Initializing Servlet ''
2026-07-27 18:40:34.764 [main] INFO  [o.s.t.w.s.TestDispatcherServlet] Completed initialization in 1 ms
2026-07-27 18:40:34.790 [main] INFO  [o.s.t.c.s.AnnotationConfigContextLoaderUtils] Could not detect default configuration classes for test class [com.elioth.epam.gymcrm.GymCrmApiApplicationTests]: GymCrmApiApplicationTests does not declare any static, non-private, non-final, nested classes annotated with @Configuration.
2026-07-27 18:40:34.795 [main] INFO  [o.s.b.t.c.SpringBootTestContextBootstrapper] Found @SpringBootConfiguration com.elioth.epam.gymcrm.GymCrmApiApplication for test class com.elioth.epam.gymcrm.GymCrmApiApplicationTests
2026-07-27 18:40:34.796 [main] INFO  [o.s.t.c.s.AnnotationConfigContextLoaderUtils] Could not detect default configuration classes for test class [com.elioth.epam.gymcrm.GymCrmApiApplicationTests]: GymCrmApiApplicationTests does not declare any static, non-private, non-final, nested classes annotated with @Configuration.
2026-07-27 18:40:34.797 [main] INFO  [o.s.b.t.c.SpringBootTestContextBootstrapper] Found @SpringBootConfiguration com.elioth.epam.gymcrm.GymCrmApiApplication for test class com.elioth.epam.gymcrm.GymCrmApiApplicationTests
2026-07-27 18:40:34.826 [SpringApplicationShutdownHook] INFO  [o.s.o.j.LocalContainerEntityManagerFactoryBean] Closing JPA EntityManagerFactory for persistence unit 'default'
2026-07-27 18:40:34.972 [SpringApplicationShutdownHook] INFO  [com.zaxxer.hikari.HikariDataSource] HikariPool-1 - Shutdown initiated...
2026-07-27 18:40:34.976 [SpringApplicationShutdownHook] INFO  [com.zaxxer.hikari.HikariDataSource] HikariPool-1 - Shutdown completed.
2026-07-27 18:41:48.826 [background-preinit] INFO  [o.h.validator.internal.util.Version] HV000001: Hibernate Validator 9.0.1.Final
2026-07-27 18:41:48.858 [main] INFO  [c.e.e.g.config.SwaggerAccessTest] Starting SwaggerAccessTest using Java 21.0.12 with PID 50736 (started by aliothosa in /home/aliothosa/IdeaProjects/GYM-CRM/gym-crm-api)
2026-07-27 18:41:48.859 [main] INFO  [c.e.e.g.config.SwaggerAccessTest] The following 1 profile is active: "test"
2026-07-27 18:41:50.293 [main] INFO  [o.s.d.r.c.RepositoryConfigurationDelegate] Bootstrapping Spring Data JPA repositories in DEFAULT mode.
2026-07-27 18:41:50.363 [main] INFO  [o.s.d.r.c.RepositoryConfigurationDelegate] Finished Spring Data repository scanning in 58 ms. Found 5 JPA repository interfaces.
2026-07-27 18:41:51.146 [main] INFO  [org.hibernate.orm.jpa] HHH008540: Processing PersistenceUnitInfo [name: default]
2026-07-27 18:41:51.239 [main] INFO  [org.hibernate.orm.core] HHH000001: Hibernate ORM core version 7.2.12.Final
2026-07-27 18:41:51.633 [main] INFO  [o.s.o.j.p.SpringPersistenceUnitInfo] No LoadTimeWeaver setup: ignoring JPA class transformer
2026-07-27 18:41:51.676 [main] INFO  [com.zaxxer.hikari.HikariDataSource] HikariPool-1 - Starting...
2026-07-27 18:41:52.043 [main] INFO  [com.zaxxer.hikari.pool.HikariPool] HikariPool-1 - Added connection conn0: url=jdbc:h2:mem:gymcrm-test user=SA
2026-07-27 18:41:52.047 [main] INFO  [com.zaxxer.hikari.HikariDataSource] HikariPool-1 - Start completed.
2026-07-27 18:41:52.081 [main] WARN  [org.hibernate.orm.deprecation] HHH90000025: H2Dialect does not need to be specified explicitly using 'hibernate.dialect' (remove the property setting and it will be selected by default)
2026-07-27 18:41:52.115 [main] INFO  [o.hibernate.orm.connections.pooling] HHH10001005: Database info:
	Database JDBC URL [jdbc:h2:mem:gymcrm-test]
	Database driver: H2 JDBC Driver
	Database dialect: H2Dialect
	Database version: 2.4.240
	Default catalog/schema: GYMCRM-TEST/PUBLIC
	Autocommit mode: undefined/unknown
	Isolation level: READ_COMMITTED [default READ_COMMITTED]
	JDBC fetch size: 100
	Pool: DataSourceConnectionProvider
	Minimum pool size: undefined/unknown
	Maximum pool size: undefined/unknown
2026-07-27 18:41:53.369 [main] INFO  [org.hibernate.orm.core] HHH000489: No JTA platform available (set 'hibernate.transaction.jta.platform' to enable JTA platform integration)
2026-07-27 18:41:53.468 [main] INFO  [o.s.o.j.LocalContainerEntityManagerFactoryBean] Initialized JPA EntityManagerFactory for persistence unit 'default'
2026-07-27 18:41:53.565 [main] INFO  [o.s.d.j.r.q.QueryEnhancerFactories] Hibernate is in classpath; If applicable, HQL parser will be used.
2026-07-27 18:41:55.698 [main] INFO  [o.s.s.c.a.a.c.InitializeAuthenticationProviderBeanManagerConfigurer$InitializeAuthenticationProviderManagerConfigurer] Global AuthenticationManager configured with AuthenticationProvider bean with name daoAuthenticationProvider
2026-07-27 18:41:55.698 [main] WARN  [o.s.s.c.a.a.c.InitializeUserDetailsBeanManagerConfigurer$InitializeUserDetailsManagerConfigurer] Global AuthenticationManager configured with an AuthenticationProvider bean. UserDetailsService beans will not be used by Spring Security for automatically configuring username/password login. Consider removing the AuthenticationProvider bean. Alternatively, consider using the UserDetailsService in a manually instantiated DaoAuthenticationProvider. If the current configuration is intentional, to turn off this warning, increase the logging level of 'org.springframework.security.config.annotation.authentication.configuration.InitializeUserDetailsBeanManagerConfigurer' to ERROR
2026-07-27 18:41:55.814 [main] WARN  [o.s.b.j.a.JpaBaseConfiguration$JpaWebConfiguration] spring.jpa.open-in-view is enabled by default. Therefore, database queries may be performed during view rendering. Explicitly configure spring.jpa.open-in-view to disable this warning
2026-07-27 18:41:57.010 [main] INFO  [o.s.b.a.e.web.EndpointLinksResolver] Exposing 2 endpoints beneath base path '/actuator'
2026-07-27 18:41:57.083 [main] INFO  [c.e.e.g.config.SwaggerAccessTest] Started SwaggerAccessTest in 8.873 seconds (process running for 14.887)
2026-07-27 18:41:57.172 [main] INFO  [o.s.b.t.m.w.SpringBootMockServletContext] Initializing Spring TestDispatcherServlet ''
2026-07-27 18:41:57.173 [main] INFO  [o.s.t.w.s.TestDispatcherServlet] Initializing Servlet ''
2026-07-27 18:41:57.174 [main] INFO  [o.s.t.w.s.TestDispatcherServlet] Completed initialization in 1 ms
2026-07-27 18:41:57.927 [main] INFO  [o.s.api.AbstractOpenApiResource] Init duration for springdoc-openapi is: 678 ms
2026-07-27 18:41:57.996 [main] INFO  [o.s.b.t.m.w.SpringBootMockServletContext] Initializing Spring TestDispatcherServlet ''
2026-07-27 18:41:57.996 [main] INFO  [o.s.t.w.s.TestDispatcherServlet] Initializing Servlet ''
2026-07-27 18:41:57.997 [main] INFO  [o.s.t.w.s.TestDispatcherServlet] Completed initialization in 1 ms
2026-07-27 18:41:58.024 [main] INFO  [o.s.t.c.s.AnnotationConfigContextLoaderUtils] Could not detect default configuration classes for test class [com.elioth.epam.gymcrm.GymCrmApiApplicationTests]: GymCrmApiApplicationTests does not declare any static, non-private, non-final, nested classes annotated with @Configuration.
2026-07-27 18:41:58.029 [main] INFO  [o.s.b.t.c.SpringBootTestContextBootstrapper] Found @SpringBootConfiguration com.elioth.epam.gymcrm.GymCrmApiApplication for test class com.elioth.epam.gymcrm.GymCrmApiApplicationTests
2026-07-27 18:41:58.031 [main] INFO  [o.s.t.c.s.AnnotationConfigContextLoaderUtils] Could not detect default configuration classes for test class [com.elioth.epam.gymcrm.GymCrmApiApplicationTests]: GymCrmApiApplicationTests does not declare any static, non-private, non-final, nested classes annotated with @Configuration.
2026-07-27 18:41:58.032 [main] INFO  [o.s.b.t.c.SpringBootTestContextBootstrapper] Found @SpringBootConfiguration com.elioth.epam.gymcrm.GymCrmApiApplication for test class com.elioth.epam.gymcrm.GymCrmApiApplicationTests
2026-07-27 18:41:58.055 [SpringApplicationShutdownHook] INFO  [o.s.o.j.LocalContainerEntityManagerFactoryBean] Closing JPA EntityManagerFactory for persistence unit 'default'
2026-07-27 18:41:58.193 [SpringApplicationShutdownHook] INFO  [com.zaxxer.hikari.HikariDataSource] HikariPool-1 - Shutdown initiated...
2026-07-27 18:41:58.195 [SpringApplicationShutdownHook] INFO  [com.zaxxer.hikari.HikariDataSource] HikariPool-1 - Shutdown completed.
2026-07-27 18:49:04.046 [background-preinit] INFO  [o.h.validator.internal.util.Version] HV000001: Hibernate Validator 9.0.1.Final
2026-07-27 18:49:04.157 [main] INFO  [c.e.e.g.c.JwtSecurityIntegrationTest] Starting JwtSecurityIntegrationTest using Java 21.0.12 with PID 54593 (started by aliothosa in /home/aliothosa/IdeaProjects/GYM-CRM/gym-crm-api)
2026-07-27 18:49:04.158 [main] INFO  [c.e.e.g.c.JwtSecurityIntegrationTest] The following 1 profile is active: "test"
2026-07-27 18:49:06.030 [main] INFO  [o.s.d.r.c.RepositoryConfigurationDelegate] Bootstrapping Spring Data JPA repositories in DEFAULT mode.
2026-07-27 18:49:06.112 [main] INFO  [o.s.d.r.c.RepositoryConfigurationDelegate] Finished Spring Data repository scanning in 66 ms. Found 5 JPA repository interfaces.
2026-07-27 18:49:06.980 [main] INFO  [org.hibernate.orm.jpa] HHH008540: Processing PersistenceUnitInfo [name: default]
2026-07-27 18:49:07.084 [main] INFO  [org.hibernate.orm.core] HHH000001: Hibernate ORM core version 7.2.12.Final
2026-07-27 18:49:07.568 [main] INFO  [o.s.o.j.p.SpringPersistenceUnitInfo] No LoadTimeWeaver setup: ignoring JPA class transformer
2026-07-27 18:49:07.625 [main] INFO  [com.zaxxer.hikari.HikariDataSource] HikariPool-1 - Starting...
2026-07-27 18:49:08.038 [main] INFO  [com.zaxxer.hikari.pool.HikariPool] HikariPool-1 - Added connection conn0: url=jdbc:h2:mem:gymcrm-test user=SA
2026-07-27 18:49:08.040 [main] INFO  [com.zaxxer.hikari.HikariDataSource] HikariPool-1 - Start completed.
2026-07-27 18:49:08.079 [main] WARN  [org.hibernate.orm.deprecation] HHH90000025: H2Dialect does not need to be specified explicitly using 'hibernate.dialect' (remove the property setting and it will be selected by default)
2026-07-27 18:49:08.117 [main] INFO  [o.hibernate.orm.connections.pooling] HHH10001005: Database info:
	Database JDBC URL [jdbc:h2:mem:gymcrm-test]
	Database driver: H2 JDBC Driver
	Database dialect: H2Dialect
	Database version: 2.4.240
	Default catalog/schema: GYMCRM-TEST/PUBLIC
	Autocommit mode: undefined/unknown
	Isolation level: READ_COMMITTED [default READ_COMMITTED]
	JDBC fetch size: 100
	Pool: DataSourceConnectionProvider
	Minimum pool size: undefined/unknown
	Maximum pool size: undefined/unknown
2026-07-27 18:49:09.418 [main] INFO  [org.hibernate.orm.core] HHH000489: No JTA platform available (set 'hibernate.transaction.jta.platform' to enable JTA platform integration)
2026-07-27 18:49:09.525 [main] INFO  [o.s.o.j.LocalContainerEntityManagerFactoryBean] Initialized JPA EntityManagerFactory for persistence unit 'default'
2026-07-27 18:49:09.593 [main] WARN  [o.s.w.c.s.GenericWebApplicationContext] Exception encountered during context initialization - cancelling refresh attempt: org.springframework.beans.factory.UnsatisfiedDependencyException: Error creating bean with name 'authenticationController' defined in file [/home/aliothosa/IdeaProjects/GYM-CRM/gym-crm-api/target/classes/com/elioth/epam/gymcrm/controller/AuthenticationController.class]: Unsatisfied dependency expressed through constructor parameter 0: Error creating bean with name 'authenticationManager' defined in class path resource [com/elioth/epam/gymcrm/config/ApiSecurityConfig.class]: Failed to instantiate [org.springframework.security.authentication.AuthenticationManager]: Factory method 'authenticationManager' threw exception with message: Error creating bean with name 'daoAuthenticationProvider' defined in class path resource [com/elioth/epam/gymcrm/config/ApiSecurityConfig.class]: Unsatisfied dependency expressed through method 'daoAuthenticationProvider' parameter 0: No qualifying bean of type 'org.springframework.security.core.userdetails.UserDetailsService' available: expected at least 1 bean which qualifies as autowire candidate. Dependency annotations: {}
2026-07-27 18:49:09.593 [main] INFO  [o.s.o.j.LocalContainerEntityManagerFactoryBean] Closing JPA EntityManagerFactory for persistence unit 'default'
2026-07-27 18:49:09.602 [main] INFO  [com.zaxxer.hikari.HikariDataSource] HikariPool-1 - Shutdown initiated...
2026-07-27 18:49:09.604 [main] INFO  [com.zaxxer.hikari.HikariDataSource] HikariPool-1 - Shutdown completed.
2026-07-27 18:49:09.622 [main] INFO  [o.s.b.a.l.ConditionEvaluationReportLogger] 

Error starting ApplicationContext. To display the condition evaluation report re-run your application with 'debug' enabled.
2026-07-27 18:49:09.659 [main] ERROR [o.s.b.d.LoggingFailureAnalysisReporter] 

***************************
APPLICATION FAILED TO START
***************************

Description:

Parameter 0 of method daoAuthenticationProvider in com.elioth.epam.gymcrm.config.ApiSecurityConfig required a bean of type 'org.springframework.security.core.userdetails.UserDetailsService' that could not be found.


Action:

Consider defining a bean of type 'org.springframework.security.core.userdetails.UserDetailsService' in your configuration.

2026-07-27 18:49:09.663 [main] WARN  [o.s.test.context.TestContextManager] Caught exception while allowing TestExecutionListener [org.springframework.test.context.web.ServletTestExecutionListener] to prepare test instance [com.elioth.epam.gymcrm.config.JwtSecurityIntegrationTest@45d12671]
java.lang.IllegalStateException: Failed to load ApplicationContext for [WebMergedContextConfiguration@82d0b87 testClass = com.elioth.epam.gymcrm.config.JwtSecurityIntegrationTest, locations = [], classes = [com.elioth.epam.gymcrm.GymCrmApiApplication], contextInitializerClasses = [], activeProfiles = ["test"], propertySourceDescriptors = [], propertySourceProperties = ["org.springframework.boot.test.context.SpringBootTestContextBootstrapper=true"], contextCustomizers = [org.springframework.boot.web.server.context.SpringBootTestRandomPortContextCustomizer@6e1ad658, org.springframework.boot.test.context.PropertyMappingContextCustomizer@0, org.springframework.boot.test.context.filter.ExcludeFilterContextCustomizer@73b3ce31, org.springframework.boot.test.json.DuplicateJsonObjectContextCustomizerFactory$DuplicateJsonObjectContextCustomizer@77e1dacd, org.springframework.boot.test.autoconfigure.OnFailureConditionReportContextCustomizerFactory$OnFailureConditionReportContextCustomizer@3bbc47c9, org.springframework.test.context.support.DynamicPropertiesContextCustomizer@0, org.springframework.boot.test.context.SpringBootTestAnnotation@8424acfe], resourceBasePath = "src/main/webapp", contextLoader = org.springframework.boot.test.context.SpringBootContextLoader, parent = null]
	at org.springframework.test.context.cache.DefaultCacheAwareContextLoaderDelegate.lambda$loadContext$0(DefaultCacheAwareContextLoaderDelegate.java:195)
	at org.springframework.test.context.cache.DefaultContextCache.put(DefaultContextCache.java:214)
	at org.springframework.test.context.cache.DefaultCacheAwareContextLoaderDelegate.loadContext(DefaultCacheAwareContextLoaderDelegate.java:160)
	at org.springframework.test.context.support.DefaultTestContext.getApplicationContext(DefaultTestContext.java:128)
	at org.springframework.test.context.web.ServletTestExecutionListener.setUpRequestContextIfNecessary(ServletTestExecutionListener.java:200)
	at org.springframework.test.context.web.ServletTestExecutionListener.prepareTestInstance(ServletTestExecutionListener.java:139)
	at org.springframework.test.context.TestContextManager.prepareTestInstance(TestContextManager.java:260)
	at org.springframework.test.context.junit.jupiter.SpringExtension.postProcessTestInstance(SpringExtension.java:242)
	at org.junit.jupiter.engine.descriptor.ClassBasedTestDescriptor.lambda$invokeTestInstancePostProcessors$1(ClassBasedTestDescriptor.java:423)
	at org.junit.jupiter.engine.descriptor.ClassBasedTestDescriptor.executeAndMaskThrowable(ClassBasedTestDescriptor.java:428)
	at org.junit.jupiter.engine.descriptor.ClassBasedTestDescriptor.lambda$invokeTestInstancePostProcessors$0(ClassBasedTestDescriptor.java:422)
	at java.base/java.util.stream.ForEachOps$ForEachOp$OfRef.accept(ForEachOps.java:184)
	at java.base/java.util.stream.ReferencePipeline$3$1.accept(ReferencePipeline.java:197)
	at java.base/java.util.stream.ReferencePipeline$2$1.accept(ReferencePipeline.java:179)
	at java.base/java.util.stream.ReferencePipeline$3$1.accept(ReferencePipeline.java:197)
	at java.base/java.util.ArrayList$ArrayListSpliterator.forEachRemaining(ArrayList.java:1708)
	at java.base/java.util.stream.AbstractPipeline.copyInto(AbstractPipeline.java:509)
	at java.base/java.util.stream.AbstractPipeline.wrapAndCopyInto(AbstractPipeline.java:499)
	at java.base/java.util.stream.ForEachOps$ForEachOp.evaluateSequential(ForEachOps.java:151)
	at java.base/java.util.stream.ForEachOps$ForEachOp$OfRef.evaluateSequential(ForEachOps.java:174)
	at java.base/java.util.stream.AbstractPipeline.evaluate(AbstractPipeline.java:234)
	at java.base/java.util.stream.ReferencePipeline.forEach(ReferencePipeline.java:596)
	at org.junit.jupiter.engine.descriptor.ClassBasedTestDescriptor.invokeTestInstancePostProcessors(ClassBasedTestDescriptor.java:422)
	at org.junit.jupiter.engine.descriptor.ClassBasedTestDescriptor.lambda$instantiateAndPostProcessTestInstance$0(ClassBasedTestDescriptor.java:334)
	at org.junit.platform.engine.support.hierarchical.ThrowableCollector.execute(ThrowableCollector.java:74)
	at org.junit.jupiter.engine.descriptor.ClassBasedTestDescriptor.instantiateAndPostProcessTestInstance(ClassBasedTestDescriptor.java:333)
	at org.junit.jupiter.engine.descriptor.ClassBasedTestDescriptor.lambda$testInstancesProvider$1(ClassBasedTestDescriptor.java:322)
	at java.base/java.util.Optional.orElseGet(Optional.java:364)
	at org.junit.jupiter.engine.descriptor.ClassBasedTestDescriptor.lambda$testInstancesProvider$0(ClassBasedTestDescriptor.java:321)
	at org.junit.jupiter.engine.execution.TestInstancesProvider.getTestInstances(TestInstancesProvider.java:27)
	at org.junit.jupiter.engine.descriptor.TestMethodTestDescriptor.lambda$prepare$0(TestMethodTestDescriptor.java:127)
	at org.junit.platform.engine.support.hierarchical.ThrowableCollector.execute(ThrowableCollector.java:74)
	at org.junit.jupiter.engine.descriptor.TestMethodTestDescriptor.prepare(TestMethodTestDescriptor.java:126)
	at org.junit.jupiter.engine.descriptor.TestMethodTestDescriptor.prepare(TestMethodTestDescriptor.java:70)
	at org.junit.platform.engine.support.hierarchical.NodeTestTask.lambda$prepare$0(NodeTestTask.java:144)
	at org.junit.platform.engine.support.hierarchical.ThrowableCollector.execute(ThrowableCollector.java:74)
	at org.junit.platform.engine.support.hierarchical.NodeTestTask.prepare(NodeTestTask.java:144)
	at org.junit.platform.engine.support.hierarchical.NodeTestTask.execute(NodeTestTask.java:110)
	at java.base/java.util.ArrayList.forEach(ArrayList.java:1596)
	at org.junit.platform.engine.support.hierarchical.SameThreadHierarchicalTestExecutorService.invokeAll(SameThreadHierarchicalTestExecutorService.java:42)
	at org.junit.platform.engine.support.hierarchical.NodeTestTask.lambda$executeRecursively$2(NodeTestTask.java:180)
	at org.junit.platform.engine.support.hierarchical.ThrowableCollector.execute(ThrowableCollector.java:74)
	at org.junit.platform.engine.support.hierarchical.NodeTestTask.lambda$executeRecursively$1(NodeTestTask.java:166)
	at org.junit.platform.engine.support.hierarchical.Node.around(Node.java:138)
	at org.junit.platform.engine.support.hierarchical.NodeTestTask.lambda$executeRecursively$0(NodeTestTask.java:164)
	at org.junit.platform.engine.support.hierarchical.ThrowableCollector.execute(ThrowableCollector.java:74)
	at org.junit.platform.engine.support.hierarchical.NodeTestTask.executeRecursively(NodeTestTask.java:163)
	at org.junit.platform.engine.support.hierarchical.NodeTestTask.execute(NodeTestTask.java:116)
	at java.base/java.util.ArrayList.forEach(ArrayList.java:1596)
	at org.junit.platform.engine.support.hierarchical.SameThreadHierarchicalTestExecutorService.invokeAll(SameThreadHierarchicalTestExecutorService.java:42)
	at org.junit.platform.engine.support.hierarchical.NodeTestTask.lambda$executeRecursively$2(NodeTestTask.java:180)
	at org.junit.platform.engine.support.hierarchical.ThrowableCollector.execute(ThrowableCollector.java:74)
	at org.junit.platform.engine.support.hierarchical.NodeTestTask.lambda$executeRecursively$1(NodeTestTask.java:166)
	at org.junit.platform.engine.support.hierarchical.Node.around(Node.java:138)
	at org.junit.platform.engine.support.hierarchical.NodeTestTask.lambda$executeRecursively$0(NodeTestTask.java:164)
	at org.junit.platform.engine.support.hierarchical.ThrowableCollector.execute(ThrowableCollector.java:74)
	at org.junit.platform.engine.support.hierarchical.NodeTestTask.executeRecursively(NodeTestTask.java:163)
	at org.junit.platform.engine.support.hierarchical.NodeTestTask.execute(NodeTestTask.java:116)
	at org.junit.platform.engine.support.hierarchical.SameThreadHierarchicalTestExecutorService.submit(SameThreadHierarchicalTestExecutorService.java:36)
	at org.junit.platform.engine.support.hierarchical.HierarchicalTestExecutor.execute(HierarchicalTestExecutor.java:52)
	at org.junit.platform.engine.support.hierarchical.HierarchicalTestEngine.execute(HierarchicalTestEngine.java:58)
	at org.junit.platform.launcher.core.EngineExecutionOrchestrator.executeEngine(EngineExecutionOrchestrator.java:246)
	at org.junit.platform.launcher.core.EngineExecutionOrchestrator.failOrExecuteEngine(EngineExecutionOrchestrator.java:218)
	at org.junit.platform.launcher.core.EngineExecutionOrchestrator.execute(EngineExecutionOrchestrator.java:179)
	at org.junit.platform.launcher.core.EngineExecutionOrchestrator.execute(EngineExecutionOrchestrator.java:108)
	at org.junit.platform.launcher.core.EngineExecutionOrchestrator.lambda$execute$0(EngineExecutionOrchestrator.java:66)
	at org.junit.platform.launcher.core.EngineExecutionOrchestrator.withInterceptedStreams(EngineExecutionOrchestrator.java:157)
	at org.junit.platform.launcher.core.EngineExecutionOrchestrator.execute(EngineExecutionOrchestrator.java:65)
	at org.junit.platform.launcher.core.DefaultLauncher.execute(DefaultLauncher.java:125)
	at org.junit.platform.launcher.core.DefaultLauncher.execute(DefaultLauncher.java:114)
	at org.junit.platform.launcher.core.DelegatingLauncher.execute(DelegatingLauncher.java:58)
	at org.junit.platform.launcher.core.InterceptingLauncher.lambda$execute$2(InterceptingLauncher.java:57)
	at org.junit.platform.launcher.core.ClasspathAlignmentCheckingLauncherInterceptor.intercept(ClasspathAlignmentCheckingLauncherInterceptor.java:25)
	at org.junit.platform.launcher.core.InterceptingLauncher.execute(InterceptingLauncher.java:56)
	at org.junit.platform.launcher.core.DelegatingLauncher.execute(DelegatingLauncher.java:58)
	at java.base/jdk.internal.reflect.DirectMethodHandleAccessor.invoke(DirectMethodHandleAccessor.java:103)
	at java.base/java.lang.reflect.Method.invoke(Method.java:580)
	at org.apache.maven.surefire.api.util.ReflectionUtils.invokeMethodWithArray(ReflectionUtils.java:125)
	at org.apache.maven.surefire.junitplatform.LauncherAdapter.executeWithCancellationToken(LauncherAdapter.java:68)
	at org.apache.maven.surefire.junitplatform.LauncherAdapter.execute(LauncherAdapter.java:54)
	at org.apache.maven.surefire.junitplatform.JUnitPlatformProvider.execute(JUnitPlatformProvider.java:203)
	at org.apache.maven.surefire.junitplatform.JUnitPlatformProvider.invokeAllTests(JUnitPlatformProvider.java:168)
	at org.apache.maven.surefire.junitplatform.JUnitPlatformProvider.invoke(JUnitPlatformProvider.java:136)
	at org.apache.maven.surefire.booter.ForkedBooter.runSuitesInProcess(ForkedBooter.java:385)
	at org.apache.maven.surefire.booter.ForkedBooter.execute(ForkedBooter.java:162)
	at org.apache.maven.surefire.booter.ForkedBooter.run(ForkedBooter.java:507)
	at org.apache.maven.surefire.booter.ForkedBooter.main(ForkedBooter.java:495)
Caused by: org.springframework.beans.factory.UnsatisfiedDependencyException: Error creating bean with name 'authenticationController' defined in file [/home/aliothosa/IdeaProjects/GYM-CRM/gym-crm-api/target/classes/com/elioth/epam/gymcrm/controller/AuthenticationController.class]: Unsatisfied dependency expressed through constructor parameter 0: Error creating bean with name 'authenticationManager' defined in class path resource [com/elioth/epam/gymcrm/config/ApiSecurityConfig.class]: Failed to instantiate [org.springframework.security.authentication.AuthenticationManager]: Factory method 'authenticationManager' threw exception with message: Error creating bean with name 'daoAuthenticationProvider' defined in class path resource [com/elioth/epam/gymcrm/config/ApiSecurityConfig.class]: Unsatisfied dependency expressed through method 'daoAuthenticationProvider' parameter 0: No qualifying bean of type 'org.springframework.security.core.userdetails.UserDetailsService' available: expected at least 1 bean which qualifies as autowire candidate. Dependency annotations: {}
	at org.springframework.beans.factory.support.ConstructorResolver.createArgumentArray(ConstructorResolver.java:804)
	at org.springframework.beans.factory.support.ConstructorResolver.autowireConstructor(ConstructorResolver.java:240)
	at org.springframework.beans.factory.support.AbstractAutowireCapableBeanFactory.autowireConstructor(AbstractAutowireCapableBeanFactory.java:1382)
	at org.springframework.beans.factory.support.AbstractAutowireCapableBeanFactory.createBeanInstance(AbstractAutowireCapableBeanFactory.java:1221)
	at org.springframework.beans.factory.support.AbstractAutowireCapableBeanFactory.doCreateBean(AbstractAutowireCapableBeanFactory.java:565)
	at org.springframework.beans.factory.support.AbstractAutowireCapableBeanFactory.createBean(AbstractAutowireCapableBeanFactory.java:525)
	at org.springframework.beans.factory.support.AbstractBeanFactory.lambda$doGetBean$0(AbstractBeanFactory.java:333)
	at org.springframework.beans.factory.support.DefaultSingletonBeanRegistry.getSingleton(DefaultSingletonBeanRegistry.java:371)
	at org.springframework.beans.factory.support.AbstractBeanFactory.doGetBean(AbstractBeanFactory.java:331)
	at org.springframework.beans.factory.support.AbstractBeanFactory.getBean(AbstractBeanFactory.java:196)
	at org.springframework.beans.factory.support.DefaultListableBeanFactory.instantiateSingleton(DefaultListableBeanFactory.java:1218)
	at org.springframework.beans.factory.support.DefaultListableBeanFactory.preInstantiateSingleton(DefaultListableBeanFactory.java:1184)
	at org.springframework.beans.factory.support.DefaultListableBeanFactory.preInstantiateSingletons(DefaultListableBeanFactory.java:1121)
	at org.springframework.context.support.AbstractApplicationContext.finishBeanFactoryInitialization(AbstractApplicationContext.java:994)
	at org.springframework.context.support.AbstractApplicationContext.refresh(AbstractApplicationContext.java:621)
	at org.springframework.boot.SpringApplication.refresh(SpringApplication.java:756)
	at org.springframework.boot.SpringApplication.refreshContext(SpringApplication.java:445)
	at org.springframework.boot.SpringApplication.run(SpringApplication.java:321)
	at org.springframework.boot.test.context.SpringBootContextLoader.lambda$loadContext$2(SpringBootContextLoader.java:155)
	at org.springframework.util.function.ThrowingSupplier.get(ThrowingSupplier.java:58)
	at org.springframework.util.function.ThrowingSupplier.get(ThrowingSupplier.java:46)
	at org.springframework.boot.SpringApplication.withHook(SpringApplication.java:1465)
	at org.springframework.boot.test.context.SpringBootContextLoader$ContextLoaderHook.run(SpringBootContextLoader.java:600)
	at org.springframework.boot.test.context.SpringBootContextLoader.loadContext(SpringBootContextLoader.java:155)
	at org.springframework.boot.test.context.SpringBootContextLoader.loadContext(SpringBootContextLoader.java:114)
	at org.springframework.test.context.cache.DefaultCacheAwareContextLoaderDelegate.loadContextInternal(DefaultCacheAwareContextLoaderDelegate.java:247)
	at org.springframework.test.context.cache.DefaultCacheAwareContextLoaderDelegate.lambda$loadContext$0(DefaultCacheAwareContextLoaderDelegate.java:167)
	... 86 common frames omitted
Caused by: org.springframework.beans.factory.BeanCreationException: Error creating bean with name 'authenticationManager' defined in class path resource [com/elioth/epam/gymcrm/config/ApiSecurityConfig.class]: Failed to instantiate [org.springframework.security.authentication.AuthenticationManager]: Factory method 'authenticationManager' threw exception with message: Error creating bean with name 'daoAuthenticationProvider' defined in class path resource [com/elioth/epam/gymcrm/config/ApiSecurityConfig.class]: Unsatisfied dependency expressed through method 'daoAuthenticationProvider' parameter 0: No qualifying bean of type 'org.springframework.security.core.userdetails.UserDetailsService' available: expected at least 1 bean which qualifies as autowire candidate. Dependency annotations: {}
	at org.springframework.beans.factory.support.ConstructorResolver.instantiate(ConstructorResolver.java:657)
	at org.springframework.beans.factory.support.ConstructorResolver.instantiateUsingFactoryMethod(ConstructorResolver.java:645)
	at org.springframework.beans.factory.support.AbstractAutowireCapableBeanFactory.instantiateUsingFactoryMethod(AbstractAutowireCapableBeanFactory.java:1362)
	at org.springframework.beans.factory.support.AbstractAutowireCapableBeanFactory.createBeanInstance(AbstractAutowireCapableBeanFactory.java:1194)
	at org.springframework.beans.factory.support.AbstractAutowireCapableBeanFactory.doCreateBean(AbstractAutowireCapableBeanFactory.java:565)
	at org.springframework.beans.factory.support.AbstractAutowireCapableBeanFactory.createBean(AbstractAutowireCapableBeanFactory.java:525)
	at org.springframework.beans.factory.support.AbstractBeanFactory.lambda$doGetBean$0(AbstractBeanFactory.java:333)
	at org.springframework.beans.factory.support.DefaultSingletonBeanRegistry.getSingleton(DefaultSingletonBeanRegistry.java:371)
	at org.springframework.beans.factory.support.AbstractBeanFactory.doGetBean(AbstractBeanFactory.java:331)
	at org.springframework.beans.factory.support.AbstractBeanFactory.getBean(AbstractBeanFactory.java:201)
	at org.springframework.beans.factory.support.DefaultListableBeanFactory.resolveBean(DefaultListableBeanFactory.java:1225)
	at org.springframework.beans.factory.support.DefaultListableBeanFactory.doResolveDependency(DefaultListableBeanFactory.java:1704)
	at org.springframework.beans.factory.support.DefaultListableBeanFactory.resolveDependency(DefaultListableBeanFactory.java:1651)
	at org.springframework.beans.factory.support.ConstructorResolver.resolveAutowiredArgument(ConstructorResolver.java:912)
	at org.springframework.beans.factory.support.ConstructorResolver.createArgumentArray(ConstructorResolver.java:791)
	... 112 common frames omitted
Caused by: org.springframework.beans.BeanInstantiationException: Failed to instantiate [org.springframework.security.authentication.AuthenticationManager]: Factory method 'authenticationManager' threw exception with message: Error creating bean with name 'daoAuthenticationProvider' defined in class path resource [com/elioth/epam/gymcrm/config/ApiSecurityConfig.class]: Unsatisfied dependency expressed through method 'daoAuthenticationProvider' parameter 0: No qualifying bean of type 'org.springframework.security.core.userdetails.UserDetailsService' available: expected at least 1 bean which qualifies as autowire candidate. Dependency annotations: {}
	at org.springframework.beans.factory.support.SimpleInstantiationStrategy.lambda$instantiate$0(SimpleInstantiationStrategy.java:183)
	at org.springframework.beans.factory.support.SimpleInstantiationStrategy.instantiateWithFactoryMethod(SimpleInstantiationStrategy.java:72)
	at org.springframework.beans.factory.support.SimpleInstantiationStrategy.instantiate(SimpleInstantiationStrategy.java:152)
	at org.springframework.beans.factory.support.ConstructorResolver.instantiate(ConstructorResolver.java:653)
	... 126 common frames omitted
Caused by: org.springframework.beans.factory.UnsatisfiedDependencyException: Error creating bean with name 'daoAuthenticationProvider' defined in class path resource [com/elioth/epam/gymcrm/config/ApiSecurityConfig.class]: Unsatisfied dependency expressed through method 'daoAuthenticationProvider' parameter 0: No qualifying bean of type 'org.springframework.security.core.userdetails.UserDetailsService' available: expected at least 1 bean which qualifies as autowire candidate. Dependency annotations: {}
	at org.springframework.beans.factory.support.ConstructorResolver.createArgumentArray(ConstructorResolver.java:804)
	at org.springframework.beans.factory.support.ConstructorResolver.instantiateUsingFactoryMethod(ConstructorResolver.java:546)
	at org.springframework.beans.factory.support.AbstractAutowireCapableBeanFactory.instantiateUsingFactoryMethod(AbstractAutowireCapableBeanFactory.java:1362)
	at org.springframework.beans.factory.support.AbstractAutowireCapableBeanFactory.createBeanInstance(AbstractAutowireCapableBeanFactory.java:1194)
	at org.springframework.beans.factory.support.AbstractAutowireCapableBeanFactory.doCreateBean(AbstractAutowireCapableBeanFactory.java:565)
	at org.springframework.beans.factory.support.AbstractAutowireCapableBeanFactory.createBean(AbstractAutowireCapableBeanFactory.java:525)
	at org.springframework.beans.factory.support.AbstractBeanFactory.lambda$doGetBean$0(AbstractBeanFactory.java:333)
	at org.springframework.beans.factory.support.DefaultSingletonBeanRegistry.getSingleton(DefaultSingletonBeanRegistry.java:371)
	at org.springframework.beans.factory.support.AbstractBeanFactory.doGetBean(AbstractBeanFactory.java:331)
	at org.springframework.beans.factory.support.AbstractBeanFactory.getBean(AbstractBeanFactory.java:201)
	at org.springframework.context.support.AbstractApplicationContext.getBean(AbstractApplicationContext.java:1305)
	at org.springframework.security.config.annotation.authentication.configuration.InitializeAuthenticationProviderBeanManagerConfigurer$InitializeAuthenticationProviderManagerConfigurer.configure(InitializeAuthenticationProviderBeanManagerConfigurer.java:78)
	at org.springframework.security.config.annotation.authentication.configuration.InitializeAuthenticationProviderBeanManagerConfigurer$InitializeAuthenticationProviderManagerConfigurer.configure(InitializeAuthenticationProviderBeanManagerConfigurer.java:56)
	at org.springframework.security.config.annotation.AbstractConfiguredSecurityBuilder.configure(AbstractConfiguredSecurityBuilder.java:386)
	at org.springframework.security.config.annotation.AbstractConfiguredSecurityBuilder.doBuild(AbstractConfiguredSecurityBuilder.java:336)
	at org.springframework.security.config.annotation.AbstractSecurityBuilder.build(AbstractSecurityBuilder.java:38)
	at org.springframework.security.config.annotation.authentication.configuration.AuthenticationConfiguration.getAuthenticationManager(AuthenticationConfiguration.java:121)
	at com.elioth.epam.gymcrm.config.ApiSecurityConfig.authenticationManager(ApiSecurityConfig.java:38)
	at com.elioth.epam.gymcrm.config.ApiSecurityConfig$$SpringCGLIB$$0.CGLIB$authenticationManager$2(<generated>)
	at com.elioth.epam.gymcrm.config.ApiSecurityConfig$$SpringCGLIB$$FastClass$$1.invoke(<generated>)
	at org.springframework.cglib.proxy.MethodProxy.invokeSuper(MethodProxy.java:258)
	at org.springframework.context.annotation.ConfigurationClassEnhancer$BeanMethodInterceptor.intercept(ConfigurationClassEnhancer.java:398)
	at com.elioth.epam.gymcrm.config.ApiSecurityConfig$$SpringCGLIB$$0.authenticationManager(<generated>)
	at java.base/jdk.internal.reflect.DirectMethodHandleAccessor.invoke(DirectMethodHandleAccessor.java:103)
	at java.base/java.lang.reflect.Method.invoke(Method.java:580)
	at org.springframework.beans.factory.support.SimpleInstantiationStrategy.lambda$instantiate$0(SimpleInstantiationStrategy.java:155)
	... 129 common frames omitted
Caused by: org.springframework.beans.factory.NoSuchBeanDefinitionException: No qualifying bean of type 'org.springframework.security.core.userdetails.UserDetailsService' available: expected at least 1 bean which qualifies as autowire candidate. Dependency annotations: {}
	at org.springframework.beans.factory.support.DefaultListableBeanFactory.raiseNoMatchingBeanFound(DefaultListableBeanFactory.java:2297)
	at org.springframework.beans.factory.support.DefaultListableBeanFactory.doResolveDependency(DefaultListableBeanFactory.java:1725)
	at org.springframework.beans.factory.support.DefaultListableBeanFactory.resolveDependency(DefaultListableBeanFactory.java:1651)
	at org.springframework.beans.factory.support.ConstructorResolver.resolveAutowiredArgument(ConstructorResolver.java:912)
	at org.springframework.beans.factory.support.ConstructorResolver.createArgumentArray(ConstructorResolver.java:791)
	... 154 common frames omitted
2026-07-27 18:49:09.671 [main] WARN  [o.s.test.context.TestContextManager] Caught exception while allowing TestExecutionListener [org.springframework.test.context.web.ServletTestExecutionListener] to prepare test instance [com.elioth.epam.gymcrm.config.JwtSecurityIntegrationTest@73328c29]
java.lang.IllegalStateException: ApplicationContext failure threshold (1) exceeded: skipping repeated attempt to load context for [WebMergedContextConfiguration@82d0b87 testClass = com.elioth.epam.gymcrm.config.JwtSecurityIntegrationTest, locations = [], classes = [com.elioth.epam.gymcrm.GymCrmApiApplication], contextInitializerClasses = [], activeProfiles = ["test"], propertySourceDescriptors = [], propertySourceProperties = ["org.springframework.boot.test.context.SpringBootTestContextBootstrapper=true"], contextCustomizers = [org.springframework.boot.web.server.context.SpringBootTestRandomPortContextCustomizer@6e1ad658, org.springframework.boot.test.context.PropertyMappingContextCustomizer@0, org.springframework.boot.test.context.filter.ExcludeFilterContextCustomizer@73b3ce31, org.springframework.boot.test.json.DuplicateJsonObjectContextCustomizerFactory$DuplicateJsonObjectContextCustomizer@77e1dacd, org.springframework.boot.test.autoconfigure.OnFailureConditionReportContextCustomizerFactory$OnFailureConditionReportContextCustomizer@3bbc47c9, org.springframework.test.context.support.DynamicPropertiesContextCustomizer@0, org.springframework.boot.test.context.SpringBootTestAnnotation@8424acfe], resourceBasePath = "src/main/webapp", contextLoader = org.springframework.boot.test.context.SpringBootContextLoader, parent = null]
	at org.springframework.test.context.cache.DefaultCacheAwareContextLoaderDelegate.loadContext(DefaultCacheAwareContextLoaderDelegate.java:157)
	at org.springframework.test.context.support.DefaultTestContext.getApplicationContext(DefaultTestContext.java:128)
	at org.springframework.test.context.web.ServletTestExecutionListener.setUpRequestContextIfNecessary(ServletTestExecutionListener.java:200)
	at org.springframework.test.context.web.ServletTestExecutionListener.prepareTestInstance(ServletTestExecutionListener.java:139)
	at org.springframework.test.context.TestContextManager.prepareTestInstance(TestContextManager.java:260)
	at org.springframework.test.context.junit.jupiter.SpringExtension.postProcessTestInstance(SpringExtension.java:242)
	at org.junit.jupiter.engine.descriptor.ClassBasedTestDescriptor.lambda$invokeTestInstancePostProcessors$1(ClassBasedTestDescriptor.java:423)
	at org.junit.jupiter.engine.descriptor.ClassBasedTestDescriptor.executeAndMaskThrowable(ClassBasedTestDescriptor.java:428)
	at org.junit.jupiter.engine.descriptor.ClassBasedTestDescriptor.lambda$invokeTestInstancePostProcessors$0(ClassBasedTestDescriptor.java:422)
	at java.base/java.util.stream.ForEachOps$ForEachOp$OfRef.accept(ForEachOps.java:184)
	at java.base/java.util.stream.ReferencePipeline$3$1.accept(ReferencePipeline.java:197)
	at java.base/java.util.stream.ReferencePipeline$2$1.accept(ReferencePipeline.java:179)
	at java.base/java.util.stream.ReferencePipeline$3$1.accept(ReferencePipeline.java:197)
	at java.base/java.util.ArrayList$ArrayListSpliterator.forEachRemaining(ArrayList.java:1708)
	at java.base/java.util.stream.AbstractPipeline.copyInto(AbstractPipeline.java:509)
	at java.base/java.util.stream.AbstractPipeline.wrapAndCopyInto(AbstractPipeline.java:499)
	at java.base/java.util.stream.ForEachOps$ForEachOp.evaluateSequential(ForEachOps.java:151)
	at java.base/java.util.stream.ForEachOps$ForEachOp$OfRef.evaluateSequential(ForEachOps.java:174)
	at java.base/java.util.stream.AbstractPipeline.evaluate(AbstractPipeline.java:234)
	at java.base/java.util.stream.ReferencePipeline.forEach(ReferencePipeline.java:596)
	at org.junit.jupiter.engine.descriptor.ClassBasedTestDescriptor.invokeTestInstancePostProcessors(ClassBasedTestDescriptor.java:422)
	at org.junit.jupiter.engine.descriptor.ClassBasedTestDescriptor.lambda$instantiateAndPostProcessTestInstance$0(ClassBasedTestDescriptor.java:334)
	at org.junit.platform.engine.support.hierarchical.ThrowableCollector.execute(ThrowableCollector.java:74)
	at org.junit.jupiter.engine.descriptor.ClassBasedTestDescriptor.instantiateAndPostProcessTestInstance(ClassBasedTestDescriptor.java:333)
	at org.junit.jupiter.engine.descriptor.ClassBasedTestDescriptor.lambda$testInstancesProvider$1(ClassBasedTestDescriptor.java:322)
	at java.base/java.util.Optional.orElseGet(Optional.java:364)
	at org.junit.jupiter.engine.descriptor.ClassBasedTestDescriptor.lambda$testInstancesProvider$0(ClassBasedTestDescriptor.java:321)
	at org.junit.jupiter.engine.execution.TestInstancesProvider.getTestInstances(TestInstancesProvider.java:27)
	at org.junit.jupiter.engine.descriptor.TestMethodTestDescriptor.lambda$prepare$0(TestMethodTestDescriptor.java:127)
	at org.junit.platform.engine.support.hierarchical.ThrowableCollector.execute(ThrowableCollector.java:74)
	at org.junit.jupiter.engine.descriptor.TestMethodTestDescriptor.prepare(TestMethodTestDescriptor.java:126)
	at org.junit.jupiter.engine.descriptor.TestMethodTestDescriptor.prepare(TestMethodTestDescriptor.java:70)
	at org.junit.platform.engine.support.hierarchical.NodeTestTask.lambda$prepare$0(NodeTestTask.java:144)
	at org.junit.platform.engine.support.hierarchical.ThrowableCollector.execute(ThrowableCollector.java:74)
	at org.junit.platform.engine.support.hierarchical.NodeTestTask.prepare(NodeTestTask.java:144)
	at org.junit.platform.engine.support.hierarchical.NodeTestTask.execute(NodeTestTask.java:110)
	at java.base/java.util.ArrayList.forEach(ArrayList.java:1596)
	at org.junit.platform.engine.support.hierarchical.SameThreadHierarchicalTestExecutorService.invokeAll(SameThreadHierarchicalTestExecutorService.java:42)
	at org.junit.platform.engine.support.hierarchical.NodeTestTask.lambda$executeRecursively$2(NodeTestTask.java:180)
	at org.junit.platform.engine.support.hierarchical.ThrowableCollector.execute(ThrowableCollector.java:74)
	at org.junit.platform.engine.support.hierarchical.NodeTestTask.lambda$executeRecursively$1(NodeTestTask.java:166)
	at org.junit.platform.engine.support.hierarchical.Node.around(Node.java:138)
	at org.junit.platform.engine.support.hierarchical.NodeTestTask.lambda$executeRecursively$0(NodeTestTask.java:164)
	at org.junit.platform.engine.support.hierarchical.ThrowableCollector.execute(ThrowableCollector.java:74)
	at org.junit.platform.engine.support.hierarchical.NodeTestTask.executeRecursively(NodeTestTask.java:163)
	at org.junit.platform.engine.support.hierarchical.NodeTestTask.execute(NodeTestTask.java:116)
	at java.base/java.util.ArrayList.forEach(ArrayList.java:1596)
	at org.junit.platform.engine.support.hierarchical.SameThreadHierarchicalTestExecutorService.invokeAll(SameThreadHierarchicalTestExecutorService.java:42)
	at org.junit.platform.engine.support.hierarchical.NodeTestTask.lambda$executeRecursively$2(NodeTestTask.java:180)
	at org.junit.platform.engine.support.hierarchical.ThrowableCollector.execute(ThrowableCollector.java:74)
	at org.junit.platform.engine.support.hierarchical.NodeTestTask.lambda$executeRecursively$1(NodeTestTask.java:166)
	at org.junit.platform.engine.support.hierarchical.Node.around(Node.java:138)
	at org.junit.platform.engine.support.hierarchical.NodeTestTask.lambda$executeRecursively$0(NodeTestTask.java:164)
	at org.junit.platform.engine.support.hierarchical.ThrowableCollector.execute(ThrowableCollector.java:74)
	at org.junit.platform.engine.support.hierarchical.NodeTestTask.executeRecursively(NodeTestTask.java:163)
	at org.junit.platform.engine.support.hierarchical.NodeTestTask.execute(NodeTestTask.java:116)
	at org.junit.platform.engine.support.hierarchical.SameThreadHierarchicalTestExecutorService.submit(SameThreadHierarchicalTestExecutorService.java:36)
	at org.junit.platform.engine.support.hierarchical.HierarchicalTestExecutor.execute(HierarchicalTestExecutor.java:52)
	at org.junit.platform.engine.support.hierarchical.HierarchicalTestEngine.execute(HierarchicalTestEngine.java:58)
	at org.junit.platform.launcher.core.EngineExecutionOrchestrator.executeEngine(EngineExecutionOrchestrator.java:246)
	at org.junit.platform.launcher.core.EngineExecutionOrchestrator.failOrExecuteEngine(EngineExecutionOrchestrator.java:218)
	at org.junit.platform.launcher.core.EngineExecutionOrchestrator.execute(EngineExecutionOrchestrator.java:179)
	at org.junit.platform.launcher.core.EngineExecutionOrchestrator.execute(EngineExecutionOrchestrator.java:108)
	at org.junit.platform.launcher.core.EngineExecutionOrchestrator.lambda$execute$0(EngineExecutionOrchestrator.java:66)
	at org.junit.platform.launcher.core.EngineExecutionOrchestrator.withInterceptedStreams(EngineExecutionOrchestrator.java:157)
	at org.junit.platform.launcher.core.EngineExecutionOrchestrator.execute(EngineExecutionOrchestrator.java:65)
	at org.junit.platform.launcher.core.DefaultLauncher.execute(DefaultLauncher.java:125)
	at org.junit.platform.launcher.core.DefaultLauncher.execute(DefaultLauncher.java:114)
	at org.junit.platform.launcher.core.DelegatingLauncher.execute(DelegatingLauncher.java:58)
	at org.junit.platform.launcher.core.InterceptingLauncher.lambda$execute$2(InterceptingLauncher.java:57)
	at org.junit.platform.launcher.core.ClasspathAlignmentCheckingLauncherInterceptor.intercept(ClasspathAlignmentCheckingLauncherInterceptor.java:25)
	at org.junit.platform.launcher.core.InterceptingLauncher.execute(InterceptingLauncher.java:56)
	at org.junit.platform.launcher.core.DelegatingLauncher.execute(DelegatingLauncher.java:58)
	at java.base/jdk.internal.reflect.DirectMethodHandleAccessor.invoke(DirectMethodHandleAccessor.java:103)
	at java.base/java.lang.reflect.Method.invoke(Method.java:580)
	at org.apache.maven.surefire.api.util.ReflectionUtils.invokeMethodWithArray(ReflectionUtils.java:125)
	at org.apache.maven.surefire.junitplatform.LauncherAdapter.executeWithCancellationToken(LauncherAdapter.java:68)
	at org.apache.maven.surefire.junitplatform.LauncherAdapter.execute(LauncherAdapter.java:54)
	at org.apache.maven.surefire.junitplatform.JUnitPlatformProvider.execute(JUnitPlatformProvider.java:203)
	at org.apache.maven.surefire.junitplatform.JUnitPlatformProvider.invokeAllTests(JUnitPlatformProvider.java:168)
	at org.apache.maven.surefire.junitplatform.JUnitPlatformProvider.invoke(JUnitPlatformProvider.java:136)
	at org.apache.maven.surefire.booter.ForkedBooter.runSuitesInProcess(ForkedBooter.java:385)
	at org.apache.maven.surefire.booter.ForkedBooter.execute(ForkedBooter.java:162)
	at org.apache.maven.surefire.booter.ForkedBooter.run(ForkedBooter.java:507)
	at org.apache.maven.surefire.booter.ForkedBooter.main(ForkedBooter.java:495)
2026-07-27 18:49:09.673 [main] WARN  [o.s.test.context.TestContextManager] Caught exception while allowing TestExecutionListener [org.springframework.test.context.web.ServletTestExecutionListener] to prepare test instance [com.elioth.epam.gymcrm.config.JwtSecurityIntegrationTest@53e44718]
java.lang.IllegalStateException: ApplicationContext failure threshold (1) exceeded: skipping repeated attempt to load context for [WebMergedContextConfiguration@82d0b87 testClass = com.elioth.epam.gymcrm.config.JwtSecurityIntegrationTest, locations = [], classes = [com.elioth.epam.gymcrm.GymCrmApiApplication], contextInitializerClasses = [], activeProfiles = ["test"], propertySourceDescriptors = [], propertySourceProperties = ["org.springframework.boot.test.context.SpringBootTestContextBootstrapper=true"], contextCustomizers = [org.springframework.boot.web.server.context.SpringBootTestRandomPortContextCustomizer@6e1ad658, org.springframework.boot.test.context.PropertyMappingContextCustomizer@0, org.springframework.boot.test.context.filter.ExcludeFilterContextCustomizer@73b3ce31, org.springframework.boot.test.json.DuplicateJsonObjectContextCustomizerFactory$DuplicateJsonObjectContextCustomizer@77e1dacd, org.springframework.boot.test.autoconfigure.OnFailureConditionReportContextCustomizerFactory$OnFailureConditionReportContextCustomizer@3bbc47c9, org.springframework.test.context.support.DynamicPropertiesContextCustomizer@0, org.springframework.boot.test.context.SpringBootTestAnnotation@8424acfe], resourceBasePath = "src/main/webapp", contextLoader = org.springframework.boot.test.context.SpringBootContextLoader, parent = null]
	at org.springframework.test.context.cache.DefaultCacheAwareContextLoaderDelegate.loadContext(DefaultCacheAwareContextLoaderDelegate.java:157)
	at org.springframework.test.context.support.DefaultTestContext.getApplicationContext(DefaultTestContext.java:128)
	at org.springframework.test.context.web.ServletTestExecutionListener.setUpRequestContextIfNecessary(ServletTestExecutionListener.java:200)
	at org.springframework.test.context.web.ServletTestExecutionListener.prepareTestInstance(ServletTestExecutionListener.java:139)
	at org.springframework.test.context.TestContextManager.prepareTestInstance(TestContextManager.java:260)
	at org.springframework.test.context.junit.jupiter.SpringExtension.postProcessTestInstance(SpringExtension.java:242)
	at org.junit.jupiter.engine.descriptor.ClassBasedTestDescriptor.lambda$invokeTestInstancePostProcessors$1(ClassBasedTestDescriptor.java:423)
	at org.junit.jupiter.engine.descriptor.ClassBasedTestDescriptor.executeAndMaskThrowable(ClassBasedTestDescriptor.java:428)
	at org.junit.jupiter.engine.descriptor.ClassBasedTestDescriptor.lambda$invokeTestInstancePostProcessors$0(ClassBasedTestDescriptor.java:422)
	at java.base/java.util.stream.ForEachOps$ForEachOp$OfRef.accept(ForEachOps.java:184)
	at java.base/java.util.stream.ReferencePipeline$3$1.accept(ReferencePipeline.java:197)
	at java.base/java.util.stream.ReferencePipeline$2$1.accept(ReferencePipeline.java:179)
	at java.base/java.util.stream.ReferencePipeline$3$1.accept(ReferencePipeline.java:197)
	at java.base/java.util.ArrayList$ArrayListSpliterator.forEachRemaining(ArrayList.java:1708)
	at java.base/java.util.stream.AbstractPipeline.copyInto(AbstractPipeline.java:509)
	at java.base/java.util.stream.AbstractPipeline.wrapAndCopyInto(AbstractPipeline.java:499)
	at java.base/java.util.stream.ForEachOps$ForEachOp.evaluateSequential(ForEachOps.java:151)
	at java.base/java.util.stream.ForEachOps$ForEachOp$OfRef.evaluateSequential(ForEachOps.java:174)
	at java.base/java.util.stream.AbstractPipeline.evaluate(AbstractPipeline.java:234)
	at java.base/java.util.stream.ReferencePipeline.forEach(ReferencePipeline.java:596)
	at org.junit.jupiter.engine.descriptor.ClassBasedTestDescriptor.invokeTestInstancePostProcessors(ClassBasedTestDescriptor.java:422)
	at org.junit.jupiter.engine.descriptor.ClassBasedTestDescriptor.lambda$instantiateAndPostProcessTestInstance$0(ClassBasedTestDescriptor.java:334)
	at org.junit.platform.engine.support.hierarchical.ThrowableCollector.execute(ThrowableCollector.java:74)
	at org.junit.jupiter.engine.descriptor.ClassBasedTestDescriptor.instantiateAndPostProcessTestInstance(ClassBasedTestDescriptor.java:333)
	at org.junit.jupiter.engine.descriptor.ClassBasedTestDescriptor.lambda$testInstancesProvider$1(ClassBasedTestDescriptor.java:322)
	at java.base/java.util.Optional.orElseGet(Optional.java:364)
	at org.junit.jupiter.engine.descriptor.ClassBasedTestDescriptor.lambda$testInstancesProvider$0(ClassBasedTestDescriptor.java:321)
	at org.junit.jupiter.engine.execution.TestInstancesProvider.getTestInstances(TestInstancesProvider.java:27)
	at org.junit.jupiter.engine.descriptor.TestMethodTestDescriptor.lambda$prepare$0(TestMethodTestDescriptor.java:127)
	at org.junit.platform.engine.support.hierarchical.ThrowableCollector.execute(ThrowableCollector.java:74)
	at org.junit.jupiter.engine.descriptor.TestMethodTestDescriptor.prepare(TestMethodTestDescriptor.java:126)
	at org.junit.jupiter.engine.descriptor.TestMethodTestDescriptor.prepare(TestMethodTestDescriptor.java:70)
	at org.junit.platform.engine.support.hierarchical.NodeTestTask.lambda$prepare$0(NodeTestTask.java:144)
	at org.junit.platform.engine.support.hierarchical.ThrowableCollector.execute(ThrowableCollector.java:74)
	at org.junit.platform.engine.support.hierarchical.NodeTestTask.prepare(NodeTestTask.java:144)
	at org.junit.platform.engine.support.hierarchical.NodeTestTask.execute(NodeTestTask.java:110)
	at java.base/java.util.ArrayList.forEach(ArrayList.java:1596)
	at org.junit.platform.engine.support.hierarchical.SameThreadHierarchicalTestExecutorService.invokeAll(SameThreadHierarchicalTestExecutorService.java:42)
	at org.junit.platform.engine.support.hierarchical.NodeTestTask.lambda$executeRecursively$2(NodeTestTask.java:180)
	at org.junit.platform.engine.support.hierarchical.ThrowableCollector.execute(ThrowableCollector.java:74)
	at org.junit.platform.engine.support.hierarchical.NodeTestTask.lambda$executeRecursively$1(NodeTestTask.java:166)
	at org.junit.platform.engine.support.hierarchical.Node.around(Node.java:138)
	at org.junit.platform.engine.support.hierarchical.NodeTestTask.lambda$executeRecursively$0(NodeTestTask.java:164)
	at org.junit.platform.engine.support.hierarchical.ThrowableCollector.execute(ThrowableCollector.java:74)
	at org.junit.platform.engine.support.hierarchical.NodeTestTask.executeRecursively(NodeTestTask.java:163)
	at org.junit.platform.engine.support.hierarchical.NodeTestTask.execute(NodeTestTask.java:116)
	at java.base/java.util.ArrayList.forEach(ArrayList.java:1596)
	at org.junit.platform.engine.support.hierarchical.SameThreadHierarchicalTestExecutorService.invokeAll(SameThreadHierarchicalTestExecutorService.java:42)
	at org.junit.platform.engine.support.hierarchical.NodeTestTask.lambda$executeRecursively$2(NodeTestTask.java:180)
	at org.junit.platform.engine.support.hierarchical.ThrowableCollector.execute(ThrowableCollector.java:74)
	at org.junit.platform.engine.support.hierarchical.NodeTestTask.lambda$executeRecursively$1(NodeTestTask.java:166)
	at org.junit.platform.engine.support.hierarchical.Node.around(Node.java:138)
	at org.junit.platform.engine.support.hierarchical.NodeTestTask.lambda$executeRecursively$0(NodeTestTask.java:164)
	at org.junit.platform.engine.support.hierarchical.ThrowableCollector.execute(ThrowableCollector.java:74)
	at org.junit.platform.engine.support.hierarchical.NodeTestTask.executeRecursively(NodeTestTask.java:163)
	at org.junit.platform.engine.support.hierarchical.NodeTestTask.execute(NodeTestTask.java:116)
	at org.junit.platform.engine.support.hierarchical.SameThreadHierarchicalTestExecutorService.submit(SameThreadHierarchicalTestExecutorService.java:36)
	at org.junit.platform.engine.support.hierarchical.HierarchicalTestExecutor.execute(HierarchicalTestExecutor.java:52)
	at org.junit.platform.engine.support.hierarchical.HierarchicalTestEngine.execute(HierarchicalTestEngine.java:58)
	at org.junit.platform.launcher.core.EngineExecutionOrchestrator.executeEngine(EngineExecutionOrchestrator.java:246)
	at org.junit.platform.launcher.core.EngineExecutionOrchestrator.failOrExecuteEngine(EngineExecutionOrchestrator.java:218)
	at org.junit.platform.launcher.core.EngineExecutionOrchestrator.execute(EngineExecutionOrchestrator.java:179)
	at org.junit.platform.launcher.core.EngineExecutionOrchestrator.execute(EngineExecutionOrchestrator.java:108)
	at org.junit.platform.launcher.core.EngineExecutionOrchestrator.lambda$execute$0(EngineExecutionOrchestrator.java:66)
	at org.junit.platform.launcher.core.EngineExecutionOrchestrator.withInterceptedStreams(EngineExecutionOrchestrator.java:157)
	at org.junit.platform.launcher.core.EngineExecutionOrchestrator.execute(EngineExecutionOrchestrator.java:65)
	at org.junit.platform.launcher.core.DefaultLauncher.execute(DefaultLauncher.java:125)
	at org.junit.platform.launcher.core.DefaultLauncher.execute(DefaultLauncher.java:114)
	at org.junit.platform.launcher.core.DelegatingLauncher.execute(DelegatingLauncher.java:58)
	at org.junit.platform.launcher.core.InterceptingLauncher.lambda$execute$2(InterceptingLauncher.java:57)
	at org.junit.platform.launcher.core.ClasspathAlignmentCheckingLauncherInterceptor.intercept(ClasspathAlignmentCheckingLauncherInterceptor.java:25)
	at org.junit.platform.launcher.core.InterceptingLauncher.execute(InterceptingLauncher.java:56)
	at org.junit.platform.launcher.core.DelegatingLauncher.execute(DelegatingLauncher.java:58)
	at java.base/jdk.internal.reflect.DirectMethodHandleAccessor.invoke(DirectMethodHandleAccessor.java:103)
	at java.base/java.lang.reflect.Method.invoke(Method.java:580)
	at org.apache.maven.surefire.api.util.ReflectionUtils.invokeMethodWithArray(ReflectionUtils.java:125)
	at org.apache.maven.surefire.junitplatform.LauncherAdapter.executeWithCancellationToken(LauncherAdapter.java:68)
	at org.apache.maven.surefire.junitplatform.LauncherAdapter.execute(LauncherAdapter.java:54)
	at org.apache.maven.surefire.junitplatform.JUnitPlatformProvider.execute(JUnitPlatformProvider.java:203)
	at org.apache.maven.surefire.junitplatform.JUnitPlatformProvider.invokeAllTests(JUnitPlatformProvider.java:168)
	at org.apache.maven.surefire.junitplatform.JUnitPlatformProvider.invoke(JUnitPlatformProvider.java:136)
	at org.apache.maven.surefire.booter.ForkedBooter.runSuitesInProcess(ForkedBooter.java:385)
	at org.apache.maven.surefire.booter.ForkedBooter.execute(ForkedBooter.java:162)
	at org.apache.maven.surefire.booter.ForkedBooter.run(ForkedBooter.java:507)
	at org.apache.maven.surefire.booter.ForkedBooter.main(ForkedBooter.java:495)
2026-07-27 18:49:09.679 [main] INFO  [o.s.t.c.s.AnnotationConfigContextLoaderUtils] Could not detect default configuration classes for test class [com.elioth.epam.gymcrm.config.SwaggerAccessTest]: SwaggerAccessTest does not declare any static, non-private, non-final, nested classes annotated with @Configuration.
2026-07-27 18:49:09.681 [main] INFO  [o.s.b.t.c.SpringBootTestContextBootstrapper] Found @SpringBootConfiguration com.elioth.epam.gymcrm.GymCrmApiApplication for test class com.elioth.epam.gymcrm.config.SwaggerAccessTest
2026-07-27 18:49:09.681 [main] INFO  [o.s.t.c.s.AnnotationConfigContextLoaderUtils] Could not detect default configuration classes for test class [com.elioth.epam.gymcrm.config.SwaggerAccessTest]: SwaggerAccessTest does not declare any static, non-private, non-final, nested classes annotated with @Configuration.
2026-07-27 18:49:09.683 [main] INFO  [o.s.b.t.c.SpringBootTestContextBootstrapper] Found @SpringBootConfiguration com.elioth.epam.gymcrm.GymCrmApiApplication for test class com.elioth.epam.gymcrm.config.SwaggerAccessTest
2026-07-27 18:49:09.685 [main] WARN  [o.s.test.context.TestContextManager] Caught exception while allowing TestExecutionListener [org.springframework.test.context.web.ServletTestExecutionListener] to prepare test instance [com.elioth.epam.gymcrm.config.SwaggerAccessTest@2c8a80ec]
java.lang.IllegalStateException: ApplicationContext failure threshold (1) exceeded: skipping repeated attempt to load context for [WebMergedContextConfiguration@35af2487 testClass = com.elioth.epam.gymcrm.config.SwaggerAccessTest, locations = [], classes = [com.elioth.epam.gymcrm.GymCrmApiApplication], contextInitializerClasses = [], activeProfiles = ["test"], propertySourceDescriptors = [], propertySourceProperties = ["org.springframework.boot.test.context.SpringBootTestContextBootstrapper=true"], contextCustomizers = [org.springframework.boot.web.server.context.SpringBootTestRandomPortContextCustomizer@6e1ad658, org.springframework.boot.test.context.PropertyMappingContextCustomizer@0, org.springframework.boot.test.context.filter.ExcludeFilterContextCustomizer@73b3ce31, org.springframework.boot.test.json.DuplicateJsonObjectContextCustomizerFactory$DuplicateJsonObjectContextCustomizer@77e1dacd, org.springframework.boot.test.autoconfigure.OnFailureConditionReportContextCustomizerFactory$OnFailureConditionReportContextCustomizer@3bbc47c9, org.springframework.test.context.support.DynamicPropertiesContextCustomizer@0, org.springframework.boot.test.context.SpringBootTestAnnotation@8424acfe], resourceBasePath = "src/main/webapp", contextLoader = org.springframework.boot.test.context.SpringBootContextLoader, parent = null]
	at org.springframework.test.context.cache.DefaultCacheAwareContextLoaderDelegate.loadContext(DefaultCacheAwareContextLoaderDelegate.java:157)
	at org.springframework.test.context.support.DefaultTestContext.getApplicationContext(DefaultTestContext.java:128)
	at org.springframework.test.context.web.ServletTestExecutionListener.setUpRequestContextIfNecessary(ServletTestExecutionListener.java:200)
	at org.springframework.test.context.web.ServletTestExecutionListener.prepareTestInstance(ServletTestExecutionListener.java:139)
	at org.springframework.test.context.TestContextManager.prepareTestInstance(TestContextManager.java:260)
	at org.springframework.test.context.junit.jupiter.SpringExtension.postProcessTestInstance(SpringExtension.java:242)
	at org.junit.jupiter.engine.descriptor.ClassBasedTestDescriptor.lambda$invokeTestInstancePostProcessors$1(ClassBasedTestDescriptor.java:423)
	at org.junit.jupiter.engine.descriptor.ClassBasedTestDescriptor.executeAndMaskThrowable(ClassBasedTestDescriptor.java:428)
	at org.junit.jupiter.engine.descriptor.ClassBasedTestDescriptor.lambda$invokeTestInstancePostProcessors$0(ClassBasedTestDescriptor.java:422)
	at java.base/java.util.stream.ForEachOps$ForEachOp$OfRef.accept(ForEachOps.java:184)
	at java.base/java.util.stream.ReferencePipeline$3$1.accept(ReferencePipeline.java:197)
	at java.base/java.util.stream.ReferencePipeline$2$1.accept(ReferencePipeline.java:179)
	at java.base/java.util.stream.ReferencePipeline$3$1.accept(ReferencePipeline.java:197)
	at java.base/java.util.ArrayList$ArrayListSpliterator.forEachRemaining(ArrayList.java:1708)
	at java.base/java.util.stream.AbstractPipeline.copyInto(AbstractPipeline.java:509)
	at java.base/java.util.stream.AbstractPipeline.wrapAndCopyInto(AbstractPipeline.java:499)
	at java.base/java.util.stream.ForEachOps$ForEachOp.evaluateSequential(ForEachOps.java:151)
	at java.base/java.util.stream.ForEachOps$ForEachOp$OfRef.evaluateSequential(ForEachOps.java:174)
	at java.base/java.util.stream.AbstractPipeline.evaluate(AbstractPipeline.java:234)
	at java.base/java.util.stream.ReferencePipeline.forEach(ReferencePipeline.java:596)
	at org.junit.jupiter.engine.descriptor.ClassBasedTestDescriptor.invokeTestInstancePostProcessors(ClassBasedTestDescriptor.java:422)
	at org.junit.jupiter.engine.descriptor.ClassBasedTestDescriptor.lambda$instantiateAndPostProcessTestInstance$0(ClassBasedTestDescriptor.java:334)
	at org.junit.platform.engine.support.hierarchical.ThrowableCollector.execute(ThrowableCollector.java:74)
	at org.junit.jupiter.engine.descriptor.ClassBasedTestDescriptor.instantiateAndPostProcessTestInstance(ClassBasedTestDescriptor.java:333)
	at org.junit.jupiter.engine.descriptor.ClassBasedTestDescriptor.lambda$testInstancesProvider$1(ClassBasedTestDescriptor.java:322)
	at java.base/java.util.Optional.orElseGet(Optional.java:364)
	at org.junit.jupiter.engine.descriptor.ClassBasedTestDescriptor.lambda$testInstancesProvider$0(ClassBasedTestDescriptor.java:321)
	at org.junit.jupiter.engine.execution.TestInstancesProvider.getTestInstances(TestInstancesProvider.java:27)
	at org.junit.jupiter.engine.descriptor.TestMethodTestDescriptor.lambda$prepare$0(TestMethodTestDescriptor.java:127)
	at org.junit.platform.engine.support.hierarchical.ThrowableCollector.execute(ThrowableCollector.java:74)
	at org.junit.jupiter.engine.descriptor.TestMethodTestDescriptor.prepare(TestMethodTestDescriptor.java:126)
	at org.junit.jupiter.engine.descriptor.TestMethodTestDescriptor.prepare(TestMethodTestDescriptor.java:70)
	at org.junit.platform.engine.support.hierarchical.NodeTestTask.lambda$prepare$0(NodeTestTask.java:144)
	at org.junit.platform.engine.support.hierarchical.ThrowableCollector.execute(ThrowableCollector.java:74)
	at org.junit.platform.engine.support.hierarchical.NodeTestTask.prepare(NodeTestTask.java:144)
	at org.junit.platform.engine.support.hierarchical.NodeTestTask.execute(NodeTestTask.java:110)
	at java.base/java.util.ArrayList.forEach(ArrayList.java:1596)
	at org.junit.platform.engine.support.hierarchical.SameThreadHierarchicalTestExecutorService.invokeAll(SameThreadHierarchicalTestExecutorService.java:42)
	at org.junit.platform.engine.support.hierarchical.NodeTestTask.lambda$executeRecursively$2(NodeTestTask.java:180)
	at org.junit.platform.engine.support.hierarchical.ThrowableCollector.execute(ThrowableCollector.java:74)
	at org.junit.platform.engine.support.hierarchical.NodeTestTask.lambda$executeRecursively$1(NodeTestTask.java:166)
	at org.junit.platform.engine.support.hierarchical.Node.around(Node.java:138)
	at org.junit.platform.engine.support.hierarchical.NodeTestTask.lambda$executeRecursively$0(NodeTestTask.java:164)
	at org.junit.platform.engine.support.hierarchical.ThrowableCollector.execute(ThrowableCollector.java:74)
	at org.junit.platform.engine.support.hierarchical.NodeTestTask.executeRecursively(NodeTestTask.java:163)
	at org.junit.platform.engine.support.hierarchical.NodeTestTask.execute(NodeTestTask.java:116)
	at java.base/java.util.ArrayList.forEach(ArrayList.java:1596)
	at org.junit.platform.engine.support.hierarchical.SameThreadHierarchicalTestExecutorService.invokeAll(SameThreadHierarchicalTestExecutorService.java:42)
	at org.junit.platform.engine.support.hierarchical.NodeTestTask.lambda$executeRecursively$2(NodeTestTask.java:180)
	at org.junit.platform.engine.support.hierarchical.ThrowableCollector.execute(ThrowableCollector.java:74)
	at org.junit.platform.engine.support.hierarchical.NodeTestTask.lambda$executeRecursively$1(NodeTestTask.java:166)
	at org.junit.platform.engine.support.hierarchical.Node.around(Node.java:138)
	at org.junit.platform.engine.support.hierarchical.NodeTestTask.lambda$executeRecursively$0(NodeTestTask.java:164)
	at org.junit.platform.engine.support.hierarchical.ThrowableCollector.execute(ThrowableCollector.java:74)
	at org.junit.platform.engine.support.hierarchical.NodeTestTask.executeRecursively(NodeTestTask.java:163)
	at org.junit.platform.engine.support.hierarchical.NodeTestTask.execute(NodeTestTask.java:116)
	at org.junit.platform.engine.support.hierarchical.SameThreadHierarchicalTestExecutorService.submit(SameThreadHierarchicalTestExecutorService.java:36)
	at org.junit.platform.engine.support.hierarchical.HierarchicalTestExecutor.execute(HierarchicalTestExecutor.java:52)
	at org.junit.platform.engine.support.hierarchical.HierarchicalTestEngine.execute(HierarchicalTestEngine.java:58)
	at org.junit.platform.launcher.core.EngineExecutionOrchestrator.executeEngine(EngineExecutionOrchestrator.java:246)
	at org.junit.platform.launcher.core.EngineExecutionOrchestrator.failOrExecuteEngine(EngineExecutionOrchestrator.java:218)
	at org.junit.platform.launcher.core.EngineExecutionOrchestrator.execute(EngineExecutionOrchestrator.java:179)
	at org.junit.platform.launcher.core.EngineExecutionOrchestrator.execute(EngineExecutionOrchestrator.java:108)
	at org.junit.platform.launcher.core.EngineExecutionOrchestrator.lambda$execute$0(EngineExecutionOrchestrator.java:66)
	at org.junit.platform.launcher.core.EngineExecutionOrchestrator.withInterceptedStreams(EngineExecutionOrchestrator.java:157)
	at org.junit.platform.launcher.core.EngineExecutionOrchestrator.execute(EngineExecutionOrchestrator.java:65)
	at org.junit.platform.launcher.core.DefaultLauncher.execute(DefaultLauncher.java:125)
	at org.junit.platform.launcher.core.DefaultLauncher.execute(DefaultLauncher.java:114)
	at org.junit.platform.launcher.core.DelegatingLauncher.execute(DelegatingLauncher.java:58)
	at org.junit.platform.launcher.core.InterceptingLauncher.lambda$execute$2(InterceptingLauncher.java:57)
	at org.junit.platform.launcher.core.ClasspathAlignmentCheckingLauncherInterceptor.intercept(ClasspathAlignmentCheckingLauncherInterceptor.java:25)
	at org.junit.platform.launcher.core.InterceptingLauncher.execute(InterceptingLauncher.java:56)
	at org.junit.platform.launcher.core.DelegatingLauncher.execute(DelegatingLauncher.java:58)
	at java.base/jdk.internal.reflect.DirectMethodHandleAccessor.invoke(DirectMethodHandleAccessor.java:103)
	at java.base/java.lang.reflect.Method.invoke(Method.java:580)
	at org.apache.maven.surefire.api.util.ReflectionUtils.invokeMethodWithArray(ReflectionUtils.java:125)
	at org.apache.maven.surefire.junitplatform.LauncherAdapter.executeWithCancellationToken(LauncherAdapter.java:68)
	at org.apache.maven.surefire.junitplatform.LauncherAdapter.execute(LauncherAdapter.java:54)
	at org.apache.maven.surefire.junitplatform.JUnitPlatformProvider.execute(JUnitPlatformProvider.java:203)
	at org.apache.maven.surefire.junitplatform.JUnitPlatformProvider.invokeAllTests(JUnitPlatformProvider.java:168)
	at org.apache.maven.surefire.junitplatform.JUnitPlatformProvider.invoke(JUnitPlatformProvider.java:136)
	at org.apache.maven.surefire.booter.ForkedBooter.runSuitesInProcess(ForkedBooter.java:385)
	at org.apache.maven.surefire.booter.ForkedBooter.execute(ForkedBooter.java:162)
	at org.apache.maven.surefire.booter.ForkedBooter.run(ForkedBooter.java:507)
	at org.apache.maven.surefire.booter.ForkedBooter.main(ForkedBooter.java:495)
2026-07-27 18:49:09.687 [main] WARN  [o.s.test.context.TestContextManager] Caught exception while allowing TestExecutionListener [org.springframework.test.context.web.ServletTestExecutionListener] to prepare test instance [com.elioth.epam.gymcrm.config.SwaggerAccessTest@26174f13]
java.lang.IllegalStateException: ApplicationContext failure threshold (1) exceeded: skipping repeated attempt to load context for [WebMergedContextConfiguration@35af2487 testClass = com.elioth.epam.gymcrm.config.SwaggerAccessTest, locations = [], classes = [com.elioth.epam.gymcrm.GymCrmApiApplication], contextInitializerClasses = [], activeProfiles = ["test"], propertySourceDescriptors = [], propertySourceProperties = ["org.springframework.boot.test.context.SpringBootTestContextBootstrapper=true"], contextCustomizers = [org.springframework.boot.web.server.context.SpringBootTestRandomPortContextCustomizer@6e1ad658, org.springframework.boot.test.context.PropertyMappingContextCustomizer@0, org.springframework.boot.test.context.filter.ExcludeFilterContextCustomizer@73b3ce31, org.springframework.boot.test.json.DuplicateJsonObjectContextCustomizerFactory$DuplicateJsonObjectContextCustomizer@77e1dacd, org.springframework.boot.test.autoconfigure.OnFailureConditionReportContextCustomizerFactory$OnFailureConditionReportContextCustomizer@3bbc47c9, org.springframework.test.context.support.DynamicPropertiesContextCustomizer@0, org.springframework.boot.test.context.SpringBootTestAnnotation@8424acfe], resourceBasePath = "src/main/webapp", contextLoader = org.springframework.boot.test.context.SpringBootContextLoader, parent = null]
	at org.springframework.test.context.cache.DefaultCacheAwareContextLoaderDelegate.loadContext(DefaultCacheAwareContextLoaderDelegate.java:157)
	at org.springframework.test.context.support.DefaultTestContext.getApplicationContext(DefaultTestContext.java:128)
	at org.springframework.test.context.web.ServletTestExecutionListener.setUpRequestContextIfNecessary(ServletTestExecutionListener.java:200)
	at org.springframework.test.context.web.ServletTestExecutionListener.prepareTestInstance(ServletTestExecutionListener.java:139)
	at org.springframework.test.context.TestContextManager.prepareTestInstance(TestContextManager.java:260)
	at org.springframework.test.context.junit.jupiter.SpringExtension.postProcessTestInstance(SpringExtension.java:242)
	at org.junit.jupiter.engine.descriptor.ClassBasedTestDescriptor.lambda$invokeTestInstancePostProcessors$1(ClassBasedTestDescriptor.java:423)
	at org.junit.jupiter.engine.descriptor.ClassBasedTestDescriptor.executeAndMaskThrowable(ClassBasedTestDescriptor.java:428)
	at org.junit.jupiter.engine.descriptor.ClassBasedTestDescriptor.lambda$invokeTestInstancePostProcessors$0(ClassBasedTestDescriptor.java:422)
	at java.base/java.util.stream.ForEachOps$ForEachOp$OfRef.accept(ForEachOps.java:184)
	at java.base/java.util.stream.ReferencePipeline$3$1.accept(ReferencePipeline.java:197)
	at java.base/java.util.stream.ReferencePipeline$2$1.accept(ReferencePipeline.java:179)
	at java.base/java.util.stream.ReferencePipeline$3$1.accept(ReferencePipeline.java:197)
	at java.base/java.util.ArrayList$ArrayListSpliterator.forEachRemaining(ArrayList.java:1708)
	at java.base/java.util.stream.AbstractPipeline.copyInto(AbstractPipeline.java:509)
	at java.base/java.util.stream.AbstractPipeline.wrapAndCopyInto(AbstractPipeline.java:499)
	at java.base/java.util.stream.ForEachOps$ForEachOp.evaluateSequential(ForEachOps.java:151)
	at java.base/java.util.stream.ForEachOps$ForEachOp$OfRef.evaluateSequential(ForEachOps.java:174)
	at java.base/java.util.stream.AbstractPipeline.evaluate(AbstractPipeline.java:234)
	at java.base/java.util.stream.ReferencePipeline.forEach(ReferencePipeline.java:596)
	at org.junit.jupiter.engine.descriptor.ClassBasedTestDescriptor.invokeTestInstancePostProcessors(ClassBasedTestDescriptor.java:422)
	at org.junit.jupiter.engine.descriptor.ClassBasedTestDescriptor.lambda$instantiateAndPostProcessTestInstance$0(ClassBasedTestDescriptor.java:334)
	at org.junit.platform.engine.support.hierarchical.ThrowableCollector.execute(ThrowableCollector.java:74)
	at org.junit.jupiter.engine.descriptor.ClassBasedTestDescriptor.instantiateAndPostProcessTestInstance(ClassBasedTestDescriptor.java:333)
	at org.junit.jupiter.engine.descriptor.ClassBasedTestDescriptor.lambda$testInstancesProvider$1(ClassBasedTestDescriptor.java:322)
	at java.base/java.util.Optional.orElseGet(Optional.java:364)
	at org.junit.jupiter.engine.descriptor.ClassBasedTestDescriptor.lambda$testInstancesProvider$0(ClassBasedTestDescriptor.java:321)
	at org.junit.jupiter.engine.execution.TestInstancesProvider.getTestInstances(TestInstancesProvider.java:27)
	at org.junit.jupiter.engine.descriptor.TestMethodTestDescriptor.lambda$prepare$0(TestMethodTestDescriptor.java:127)
	at org.junit.platform.engine.support.hierarchical.ThrowableCollector.execute(ThrowableCollector.java:74)
	at org.junit.jupiter.engine.descriptor.TestMethodTestDescriptor.prepare(TestMethodTestDescriptor.java:126)
	at org.junit.jupiter.engine.descriptor.TestMethodTestDescriptor.prepare(TestMethodTestDescriptor.java:70)
	at org.junit.platform.engine.support.hierarchical.NodeTestTask.lambda$prepare$0(NodeTestTask.java:144)
	at org.junit.platform.engine.support.hierarchical.ThrowableCollector.execute(ThrowableCollector.java:74)
	at org.junit.platform.engine.support.hierarchical.NodeTestTask.prepare(NodeTestTask.java:144)
	at org.junit.platform.engine.support.hierarchical.NodeTestTask.execute(NodeTestTask.java:110)
	at java.base/java.util.ArrayList.forEach(ArrayList.java:1596)
	at org.junit.platform.engine.support.hierarchical.SameThreadHierarchicalTestExecutorService.invokeAll(SameThreadHierarchicalTestExecutorService.java:42)
	at org.junit.platform.engine.support.hierarchical.NodeTestTask.lambda$executeRecursively$2(NodeTestTask.java:180)
	at org.junit.platform.engine.support.hierarchical.ThrowableCollector.execute(ThrowableCollector.java:74)
	at org.junit.platform.engine.support.hierarchical.NodeTestTask.lambda$executeRecursively$1(NodeTestTask.java:166)
	at org.junit.platform.engine.support.hierarchical.Node.around(Node.java:138)
	at org.junit.platform.engine.support.hierarchical.NodeTestTask.lambda$executeRecursively$0(NodeTestTask.java:164)
	at org.junit.platform.engine.support.hierarchical.ThrowableCollector.execute(ThrowableCollector.java:74)
	at org.junit.platform.engine.support.hierarchical.NodeTestTask.executeRecursively(NodeTestTask.java:163)
	at org.junit.platform.engine.support.hierarchical.NodeTestTask.execute(NodeTestTask.java:116)
	at java.base/java.util.ArrayList.forEach(ArrayList.java:1596)
	at org.junit.platform.engine.support.hierarchical.SameThreadHierarchicalTestExecutorService.invokeAll(SameThreadHierarchicalTestExecutorService.java:42)
	at org.junit.platform.engine.support.hierarchical.NodeTestTask.lambda$executeRecursively$2(NodeTestTask.java:180)
	at org.junit.platform.engine.support.hierarchical.ThrowableCollector.execute(ThrowableCollector.java:74)
	at org.junit.platform.engine.support.hierarchical.NodeTestTask.lambda$executeRecursively$1(NodeTestTask.java:166)
	at org.junit.platform.engine.support.hierarchical.Node.around(Node.java:138)
	at org.junit.platform.engine.support.hierarchical.NodeTestTask.lambda$executeRecursively$0(NodeTestTask.java:164)
	at org.junit.platform.engine.support.hierarchical.ThrowableCollector.execute(ThrowableCollector.java:74)
	at org.junit.platform.engine.support.hierarchical.NodeTestTask.executeRecursively(NodeTestTask.java:163)
	at org.junit.platform.engine.support.hierarchical.NodeTestTask.execute(NodeTestTask.java:116)
	at org.junit.platform.engine.support.hierarchical.SameThreadHierarchicalTestExecutorService.submit(SameThreadHierarchicalTestExecutorService.java:36)
	at org.junit.platform.engine.support.hierarchical.HierarchicalTestExecutor.execute(HierarchicalTestExecutor.java:52)
	at org.junit.platform.engine.support.hierarchical.HierarchicalTestEngine.execute(HierarchicalTestEngine.java:58)
	at org.junit.platform.launcher.core.EngineExecutionOrchestrator.executeEngine(EngineExecutionOrchestrator.java:246)
	at org.junit.platform.launcher.core.EngineExecutionOrchestrator.failOrExecuteEngine(EngineExecutionOrchestrator.java:218)
	at org.junit.platform.launcher.core.EngineExecutionOrchestrator.execute(EngineExecutionOrchestrator.java:179)
	at org.junit.platform.launcher.core.EngineExecutionOrchestrator.execute(EngineExecutionOrchestrator.java:108)
	at org.junit.platform.launcher.core.EngineExecutionOrchestrator.lambda$execute$0(EngineExecutionOrchestrator.java:66)
	at org.junit.platform.launcher.core.EngineExecutionOrchestrator.withInterceptedStreams(EngineExecutionOrchestrator.java:157)
	at org.junit.platform.launcher.core.EngineExecutionOrchestrator.execute(EngineExecutionOrchestrator.java:65)
	at org.junit.platform.launcher.core.DefaultLauncher.execute(DefaultLauncher.java:125)
	at org.junit.platform.launcher.core.DefaultLauncher.execute(DefaultLauncher.java:114)
	at org.junit.platform.launcher.core.DelegatingLauncher.execute(DelegatingLauncher.java:58)
	at org.junit.platform.launcher.core.InterceptingLauncher.lambda$execute$2(InterceptingLauncher.java:57)
	at org.junit.platform.launcher.core.ClasspathAlignmentCheckingLauncherInterceptor.intercept(ClasspathAlignmentCheckingLauncherInterceptor.java:25)
	at org.junit.platform.launcher.core.InterceptingLauncher.execute(InterceptingLauncher.java:56)
	at org.junit.platform.launcher.core.DelegatingLauncher.execute(DelegatingLauncher.java:58)
	at java.base/jdk.internal.reflect.DirectMethodHandleAccessor.invoke(DirectMethodHandleAccessor.java:103)
	at java.base/java.lang.reflect.Method.invoke(Method.java:580)
	at org.apache.maven.surefire.api.util.ReflectionUtils.invokeMethodWithArray(ReflectionUtils.java:125)
	at org.apache.maven.surefire.junitplatform.LauncherAdapter.executeWithCancellationToken(LauncherAdapter.java:68)
	at org.apache.maven.surefire.junitplatform.LauncherAdapter.execute(LauncherAdapter.java:54)
	at org.apache.maven.surefire.junitplatform.JUnitPlatformProvider.execute(JUnitPlatformProvider.java:203)
	at org.apache.maven.surefire.junitplatform.JUnitPlatformProvider.invokeAllTests(JUnitPlatformProvider.java:168)
	at org.apache.maven.surefire.junitplatform.JUnitPlatformProvider.invoke(JUnitPlatformProvider.java:136)
	at org.apache.maven.surefire.booter.ForkedBooter.runSuitesInProcess(ForkedBooter.java:385)
	at org.apache.maven.surefire.booter.ForkedBooter.execute(ForkedBooter.java:162)
	at org.apache.maven.surefire.booter.ForkedBooter.run(ForkedBooter.java:507)
	at org.apache.maven.surefire.booter.ForkedBooter.main(ForkedBooter.java:495)
2026-07-27 18:49:09.693 [main] INFO  [o.s.t.c.s.AnnotationConfigContextLoaderUtils] Could not detect default configuration classes for test class [com.elioth.epam.gymcrm.GymCrmApiApplicationTests]: GymCrmApiApplicationTests does not declare any static, non-private, non-final, nested classes annotated with @Configuration.
2026-07-27 18:49:09.698 [main] INFO  [o.s.b.t.c.SpringBootTestContextBootstrapper] Found @SpringBootConfiguration com.elioth.epam.gymcrm.GymCrmApiApplication for test class com.elioth.epam.gymcrm.GymCrmApiApplicationTests
2026-07-27 18:49:09.699 [main] INFO  [o.s.t.c.s.AnnotationConfigContextLoaderUtils] Could not detect default configuration classes for test class [com.elioth.epam.gymcrm.GymCrmApiApplicationTests]: GymCrmApiApplicationTests does not declare any static, non-private, non-final, nested classes annotated with @Configuration.
2026-07-27 18:49:09.701 [main] INFO  [o.s.b.t.c.SpringBootTestContextBootstrapper] Found @SpringBootConfiguration com.elioth.epam.gymcrm.GymCrmApiApplication for test class com.elioth.epam.gymcrm.GymCrmApiApplicationTests
2026-07-27 18:49:09.703 [main] WARN  [o.s.test.context.TestContextManager] Caught exception while allowing TestExecutionListener [org.springframework.test.context.web.ServletTestExecutionListener] to prepare test instance [com.elioth.epam.gymcrm.GymCrmApiApplicationTests@567fd3cd]
java.lang.IllegalStateException: ApplicationContext failure threshold (1) exceeded: skipping repeated attempt to load context for [WebMergedContextConfiguration@7e051d8e testClass = com.elioth.epam.gymcrm.GymCrmApiApplicationTests, locations = [], classes = [com.elioth.epam.gymcrm.GymCrmApiApplication], contextInitializerClasses = [], activeProfiles = ["test"], propertySourceDescriptors = [], propertySourceProperties = ["org.springframework.boot.test.context.SpringBootTestContextBootstrapper=true"], contextCustomizers = [org.springframework.boot.web.server.context.SpringBootTestRandomPortContextCustomizer@6e1ad658, org.springframework.boot.test.context.PropertyMappingContextCustomizer@0, org.springframework.boot.test.context.filter.ExcludeFilterContextCustomizer@73b3ce31, org.springframework.boot.test.json.DuplicateJsonObjectContextCustomizerFactory$DuplicateJsonObjectContextCustomizer@77e1dacd, org.springframework.boot.test.autoconfigure.OnFailureConditionReportContextCustomizerFactory$OnFailureConditionReportContextCustomizer@3bbc47c9, org.springframework.test.context.support.DynamicPropertiesContextCustomizer@0, org.springframework.boot.test.context.SpringBootTestAnnotation@8424acfe], resourceBasePath = "src/main/webapp", contextLoader = org.springframework.boot.test.context.SpringBootContextLoader, parent = null]
	at org.springframework.test.context.cache.DefaultCacheAwareContextLoaderDelegate.loadContext(DefaultCacheAwareContextLoaderDelegate.java:157)
	at org.springframework.test.context.support.DefaultTestContext.getApplicationContext(DefaultTestContext.java:128)
	at org.springframework.test.context.web.ServletTestExecutionListener.setUpRequestContextIfNecessary(ServletTestExecutionListener.java:200)
	at org.springframework.test.context.web.ServletTestExecutionListener.prepareTestInstance(ServletTestExecutionListener.java:139)
	at org.springframework.test.context.TestContextManager.prepareTestInstance(TestContextManager.java:260)
	at org.springframework.test.context.junit.jupiter.SpringExtension.postProcessTestInstance(SpringExtension.java:242)
	at org.junit.jupiter.engine.descriptor.ClassBasedTestDescriptor.lambda$invokeTestInstancePostProcessors$1(ClassBasedTestDescriptor.java:423)
	at org.junit.jupiter.engine.descriptor.ClassBasedTestDescriptor.executeAndMaskThrowable(ClassBasedTestDescriptor.java:428)
	at org.junit.jupiter.engine.descriptor.ClassBasedTestDescriptor.lambda$invokeTestInstancePostProcessors$0(ClassBasedTestDescriptor.java:422)
	at java.base/java.util.stream.ForEachOps$ForEachOp$OfRef.accept(ForEachOps.java:184)
	at java.base/java.util.stream.ReferencePipeline$3$1.accept(ReferencePipeline.java:197)
	at java.base/java.util.stream.ReferencePipeline$2$1.accept(ReferencePipeline.java:179)
	at java.base/java.util.stream.ReferencePipeline$3$1.accept(ReferencePipeline.java:197)
	at java.base/java.util.ArrayList$ArrayListSpliterator.forEachRemaining(ArrayList.java:1708)
	at java.base/java.util.stream.AbstractPipeline.copyInto(AbstractPipeline.java:509)
	at java.base/java.util.stream.AbstractPipeline.wrapAndCopyInto(AbstractPipeline.java:499)
	at java.base/java.util.stream.ForEachOps$ForEachOp.evaluateSequential(ForEachOps.java:151)
	at java.base/java.util.stream.ForEachOps$ForEachOp$OfRef.evaluateSequential(ForEachOps.java:174)
	at java.base/java.util.stream.AbstractPipeline.evaluate(AbstractPipeline.java:234)
	at java.base/java.util.stream.ReferencePipeline.forEach(ReferencePipeline.java:596)
	at org.junit.jupiter.engine.descriptor.ClassBasedTestDescriptor.invokeTestInstancePostProcessors(ClassBasedTestDescriptor.java:422)
	at org.junit.jupiter.engine.descriptor.ClassBasedTestDescriptor.lambda$instantiateAndPostProcessTestInstance$0(ClassBasedTestDescriptor.java:334)
	at org.junit.platform.engine.support.hierarchical.ThrowableCollector.execute(ThrowableCollector.java:74)
	at org.junit.jupiter.engine.descriptor.ClassBasedTestDescriptor.instantiateAndPostProcessTestInstance(ClassBasedTestDescriptor.java:333)
	at org.junit.jupiter.engine.descriptor.ClassBasedTestDescriptor.lambda$testInstancesProvider$1(ClassBasedTestDescriptor.java:322)
	at java.base/java.util.Optional.orElseGet(Optional.java:364)
	at org.junit.jupiter.engine.descriptor.ClassBasedTestDescriptor.lambda$testInstancesProvider$0(ClassBasedTestDescriptor.java:321)
	at org.junit.jupiter.engine.execution.TestInstancesProvider.getTestInstances(TestInstancesProvider.java:27)
	at org.junit.jupiter.engine.descriptor.TestMethodTestDescriptor.lambda$prepare$0(TestMethodTestDescriptor.java:127)
	at org.junit.platform.engine.support.hierarchical.ThrowableCollector.execute(ThrowableCollector.java:74)
	at org.junit.jupiter.engine.descriptor.TestMethodTestDescriptor.prepare(TestMethodTestDescriptor.java:126)
	at org.junit.jupiter.engine.descriptor.TestMethodTestDescriptor.prepare(TestMethodTestDescriptor.java:70)
	at org.junit.platform.engine.support.hierarchical.NodeTestTask.lambda$prepare$0(NodeTestTask.java:144)
	at org.junit.platform.engine.support.hierarchical.ThrowableCollector.execute(ThrowableCollector.java:74)
	at org.junit.platform.engine.support.hierarchical.NodeTestTask.prepare(NodeTestTask.java:144)
	at org.junit.platform.engine.support.hierarchical.NodeTestTask.execute(NodeTestTask.java:110)
	at java.base/java.util.ArrayList.forEach(ArrayList.java:1596)
	at org.junit.platform.engine.support.hierarchical.SameThreadHierarchicalTestExecutorService.invokeAll(SameThreadHierarchicalTestExecutorService.java:42)
	at org.junit.platform.engine.support.hierarchical.NodeTestTask.lambda$executeRecursively$2(NodeTestTask.java:180)
	at org.junit.platform.engine.support.hierarchical.ThrowableCollector.execute(ThrowableCollector.java:74)
	at org.junit.platform.engine.support.hierarchical.NodeTestTask.lambda$executeRecursively$1(NodeTestTask.java:166)
	at org.junit.platform.engine.support.hierarchical.Node.around(Node.java:138)
	at org.junit.platform.engine.support.hierarchical.NodeTestTask.lambda$executeRecursively$0(NodeTestTask.java:164)
	at org.junit.platform.engine.support.hierarchical.ThrowableCollector.execute(ThrowableCollector.java:74)
	at org.junit.platform.engine.support.hierarchical.NodeTestTask.executeRecursively(NodeTestTask.java:163)
	at org.junit.platform.engine.support.hierarchical.NodeTestTask.execute(NodeTestTask.java:116)
	at java.base/java.util.ArrayList.forEach(ArrayList.java:1596)
	at org.junit.platform.engine.support.hierarchical.SameThreadHierarchicalTestExecutorService.invokeAll(SameThreadHierarchicalTestExecutorService.java:42)
	at org.junit.platform.engine.support.hierarchical.NodeTestTask.lambda$executeRecursively$2(NodeTestTask.java:180)
	at org.junit.platform.engine.support.hierarchical.ThrowableCollector.execute(ThrowableCollector.java:74)
	at org.junit.platform.engine.support.hierarchical.NodeTestTask.lambda$executeRecursively$1(NodeTestTask.java:166)
	at org.junit.platform.engine.support.hierarchical.Node.around(Node.java:138)
	at org.junit.platform.engine.support.hierarchical.NodeTestTask.lambda$executeRecursively$0(NodeTestTask.java:164)
	at org.junit.platform.engine.support.hierarchical.ThrowableCollector.execute(ThrowableCollector.java:74)
	at org.junit.platform.engine.support.hierarchical.NodeTestTask.executeRecursively(NodeTestTask.java:163)
	at org.junit.platform.engine.support.hierarchical.NodeTestTask.execute(NodeTestTask.java:116)
	at org.junit.platform.engine.support.hierarchical.SameThreadHierarchicalTestExecutorService.submit(SameThreadHierarchicalTestExecutorService.java:36)
	at org.junit.platform.engine.support.hierarchical.HierarchicalTestExecutor.execute(HierarchicalTestExecutor.java:52)
	at org.junit.platform.engine.support.hierarchical.HierarchicalTestEngine.execute(HierarchicalTestEngine.java:58)
	at org.junit.platform.launcher.core.EngineExecutionOrchestrator.executeEngine(EngineExecutionOrchestrator.java:246)
	at org.junit.platform.launcher.core.EngineExecutionOrchestrator.failOrExecuteEngine(EngineExecutionOrchestrator.java:218)
	at org.junit.platform.launcher.core.EngineExecutionOrchestrator.execute(EngineExecutionOrchestrator.java:179)
	at org.junit.platform.launcher.core.EngineExecutionOrchestrator.execute(EngineExecutionOrchestrator.java:108)
	at org.junit.platform.launcher.core.EngineExecutionOrchestrator.lambda$execute$0(EngineExecutionOrchestrator.java:66)
	at org.junit.platform.launcher.core.EngineExecutionOrchestrator.withInterceptedStreams(EngineExecutionOrchestrator.java:157)
	at org.junit.platform.launcher.core.EngineExecutionOrchestrator.execute(EngineExecutionOrchestrator.java:65)
	at org.junit.platform.launcher.core.DefaultLauncher.execute(DefaultLauncher.java:125)
	at org.junit.platform.launcher.core.DefaultLauncher.execute(DefaultLauncher.java:114)
	at org.junit.platform.launcher.core.DelegatingLauncher.execute(DelegatingLauncher.java:58)
	at org.junit.platform.launcher.core.InterceptingLauncher.lambda$execute$2(InterceptingLauncher.java:57)
	at org.junit.platform.launcher.core.ClasspathAlignmentCheckingLauncherInterceptor.intercept(ClasspathAlignmentCheckingLauncherInterceptor.java:25)
	at org.junit.platform.launcher.core.InterceptingLauncher.execute(InterceptingLauncher.java:56)
	at org.junit.platform.launcher.core.DelegatingLauncher.execute(DelegatingLauncher.java:58)
	at java.base/jdk.internal.reflect.DirectMethodHandleAccessor.invoke(DirectMethodHandleAccessor.java:103)
	at java.base/java.lang.reflect.Method.invoke(Method.java:580)
	at org.apache.maven.surefire.api.util.ReflectionUtils.invokeMethodWithArray(ReflectionUtils.java:125)
	at org.apache.maven.surefire.junitplatform.LauncherAdapter.executeWithCancellationToken(LauncherAdapter.java:68)
	at org.apache.maven.surefire.junitplatform.LauncherAdapter.execute(LauncherAdapter.java:54)
	at org.apache.maven.surefire.junitplatform.JUnitPlatformProvider.execute(JUnitPlatformProvider.java:203)
	at org.apache.maven.surefire.junitplatform.JUnitPlatformProvider.invokeAllTests(JUnitPlatformProvider.java:168)
	at org.apache.maven.surefire.junitplatform.JUnitPlatformProvider.invoke(JUnitPlatformProvider.java:136)
	at org.apache.maven.surefire.booter.ForkedBooter.runSuitesInProcess(ForkedBooter.java:385)
	at org.apache.maven.surefire.booter.ForkedBooter.execute(ForkedBooter.java:162)
	at org.apache.maven.surefire.booter.ForkedBooter.run(ForkedBooter.java:507)
	at org.apache.maven.surefire.booter.ForkedBooter.main(ForkedBooter.java:495)
2026-07-27 18:49:59.494 [background-preinit] INFO  [o.h.validator.internal.util.Version] HV000001: Hibernate Validator 9.0.1.Final
2026-07-27 18:49:59.578 [main] INFO  [c.e.e.g.c.JwtSecurityIntegrationTest] Starting JwtSecurityIntegrationTest using Java 21.0.12 with PID 55083 (started by aliothosa in /home/aliothosa/IdeaProjects/GYM-CRM/gym-crm-api)
2026-07-27 18:49:59.580 [main] INFO  [c.e.e.g.c.JwtSecurityIntegrationTest] The following 1 profile is active: "test"
2026-07-27 18:50:01.230 [main] INFO  [o.s.d.r.c.RepositoryConfigurationDelegate] Bootstrapping Spring Data JPA repositories in DEFAULT mode.
2026-07-27 18:50:01.312 [main] INFO  [o.s.d.r.c.RepositoryConfigurationDelegate] Finished Spring Data repository scanning in 67 ms. Found 5 JPA repository interfaces.
2026-07-27 18:50:02.185 [main] INFO  [org.hibernate.orm.jpa] HHH008540: Processing PersistenceUnitInfo [name: default]
2026-07-27 18:50:02.284 [main] INFO  [org.hibernate.orm.core] HHH000001: Hibernate ORM core version 7.2.12.Final
2026-07-27 18:50:02.749 [main] INFO  [o.s.o.j.p.SpringPersistenceUnitInfo] No LoadTimeWeaver setup: ignoring JPA class transformer
2026-07-27 18:50:02.800 [main] INFO  [com.zaxxer.hikari.HikariDataSource] HikariPool-1 - Starting...
2026-07-27 18:50:03.186 [main] INFO  [com.zaxxer.hikari.pool.HikariPool] HikariPool-1 - Added connection conn0: url=jdbc:h2:mem:gymcrm-test user=SA
2026-07-27 18:50:03.189 [main] INFO  [com.zaxxer.hikari.HikariDataSource] HikariPool-1 - Start completed.
2026-07-27 18:50:03.228 [main] WARN  [org.hibernate.orm.deprecation] HHH90000025: H2Dialect does not need to be specified explicitly using 'hibernate.dialect' (remove the property setting and it will be selected by default)
2026-07-27 18:50:03.271 [main] INFO  [o.hibernate.orm.connections.pooling] HHH10001005: Database info:
	Database JDBC URL [jdbc:h2:mem:gymcrm-test]
	Database driver: H2 JDBC Driver
	Database dialect: H2Dialect
	Database version: 2.4.240
	Default catalog/schema: GYMCRM-TEST/PUBLIC
	Autocommit mode: undefined/unknown
	Isolation level: READ_COMMITTED [default READ_COMMITTED]
	JDBC fetch size: 100
	Pool: DataSourceConnectionProvider
	Minimum pool size: undefined/unknown
	Maximum pool size: undefined/unknown
2026-07-27 18:50:04.534 [main] INFO  [org.hibernate.orm.core] HHH000489: No JTA platform available (set 'hibernate.transaction.jta.platform' to enable JTA platform integration)
2026-07-27 18:50:04.625 [main] INFO  [o.s.o.j.LocalContainerEntityManagerFactoryBean] Initialized JPA EntityManagerFactory for persistence unit 'default'
2026-07-27 18:50:04.768 [main] INFO  [o.s.d.j.r.q.QueryEnhancerFactories] Hibernate is in classpath; If applicable, HQL parser will be used.
2026-07-27 18:50:05.709 [main] INFO  [o.s.s.c.a.a.c.InitializeAuthenticationProviderBeanManagerConfigurer$InitializeAuthenticationProviderManagerConfigurer] Global AuthenticationManager configured with AuthenticationProvider bean with name daoAuthenticationProvider
2026-07-27 18:50:05.710 [main] WARN  [o.s.s.c.a.a.c.InitializeUserDetailsBeanManagerConfigurer$InitializeUserDetailsManagerConfigurer] Global AuthenticationManager configured with an AuthenticationProvider bean. UserDetailsService beans will not be used by Spring Security for automatically configuring username/password login. Consider removing the AuthenticationProvider bean. Alternatively, consider using the UserDetailsService in a manually instantiated DaoAuthenticationProvider. If the current configuration is intentional, to turn off this warning, increase the logging level of 'org.springframework.security.config.annotation.authentication.configuration.InitializeUserDetailsBeanManagerConfigurer' to ERROR
2026-07-27 18:50:06.963 [main] WARN  [o.s.b.j.a.JpaBaseConfiguration$JpaWebConfiguration] spring.jpa.open-in-view is enabled by default. Therefore, database queries may be performed during view rendering. Explicitly configure spring.jpa.open-in-view to disable this warning
2026-07-27 18:50:08.252 [main] INFO  [o.s.b.a.e.web.EndpointLinksResolver] Exposing 2 endpoints beneath base path '/actuator'
2026-07-27 18:50:08.335 [main] INFO  [c.e.e.g.c.JwtSecurityIntegrationTest] Started JwtSecurityIntegrationTest in 9.501 seconds (process running for 14.22)
2026-07-27 18:50:08.483 [main] INFO  [o.s.b.t.m.w.SpringBootMockServletContext] Initializing Spring TestDispatcherServlet ''
2026-07-27 18:50:08.483 [main] INFO  [o.s.t.w.s.TestDispatcherServlet] Initializing Servlet ''
2026-07-27 18:50:08.484 [main] INFO  [o.s.t.w.s.TestDispatcherServlet] Completed initialization in 1 ms
2026-07-27 18:50:09.213 [main] INFO  [o.s.api.AbstractOpenApiResource] Init duration for springdoc-openapi is: 646 ms
2026-07-27 18:50:09.291 [main] INFO  [o.s.b.t.m.w.SpringBootMockServletContext] Initializing Spring TestDispatcherServlet ''
2026-07-27 18:50:09.291 [main] INFO  [o.s.t.w.s.TestDispatcherServlet] Initializing Servlet ''
2026-07-27 18:50:09.292 [main] INFO  [o.s.t.w.s.TestDispatcherServlet] Completed initialization in 1 ms
2026-07-27 18:50:09.673 [main] INFO  [c.e.e.g.controller.TraineeController] addTrainee request: CreateTraineeRequest[firstName=null, lastName=null, birthDate=null, address=null]
2026-07-27 18:50:09.676 [main] INFO  [c.e.e.gymcrm.service.TraineeService] Creating trainee profile
2026-07-27 18:50:09.683 [main] INFO  [o.s.b.t.m.w.SpringBootMockServletContext] Initializing Spring TestDispatcherServlet ''
2026-07-27 18:50:09.683 [main] INFO  [o.s.t.w.s.TestDispatcherServlet] Initializing Servlet ''
2026-07-27 18:50:09.684 [main] INFO  [o.s.t.w.s.TestDispatcherServlet] Completed initialization in 1 ms
2026-07-27 18:50:09.744 [main] INFO  [c.e.e.gymcrm.service.TrainingService] Getting all training types
2026-07-27 18:50:09.800 [main] INFO  [o.s.t.c.s.AnnotationConfigContextLoaderUtils] Could not detect default configuration classes for test class [com.elioth.epam.gymcrm.config.SwaggerAccessTest]: SwaggerAccessTest does not declare any static, non-private, non-final, nested classes annotated with @Configuration.
2026-07-27 18:50:09.802 [main] INFO  [o.s.b.t.c.SpringBootTestContextBootstrapper] Found @SpringBootConfiguration com.elioth.epam.gymcrm.GymCrmApiApplication for test class com.elioth.epam.gymcrm.config.SwaggerAccessTest
2026-07-27 18:50:09.804 [main] INFO  [o.s.t.c.s.AnnotationConfigContextLoaderUtils] Could not detect default configuration classes for test class [com.elioth.epam.gymcrm.config.SwaggerAccessTest]: SwaggerAccessTest does not declare any static, non-private, non-final, nested classes annotated with @Configuration.
2026-07-27 18:50:09.806 [main] INFO  [o.s.b.t.c.SpringBootTestContextBootstrapper] Found @SpringBootConfiguration com.elioth.epam.gymcrm.GymCrmApiApplication for test class com.elioth.epam.gymcrm.config.SwaggerAccessTest
2026-07-27 18:50:09.813 [main] INFO  [o.s.b.t.m.w.SpringBootMockServletContext] Initializing Spring TestDispatcherServlet ''
2026-07-27 18:50:09.813 [main] INFO  [o.s.t.w.s.TestDispatcherServlet] Initializing Servlet ''
2026-07-27 18:50:09.815 [main] INFO  [o.s.t.w.s.TestDispatcherServlet] Completed initialization in 2 ms
2026-07-27 18:50:09.833 [main] INFO  [o.s.b.t.m.w.SpringBootMockServletContext] Initializing Spring TestDispatcherServlet ''
2026-07-27 18:50:09.833 [main] INFO  [o.s.t.w.s.TestDispatcherServlet] Initializing Servlet ''
2026-07-27 18:50:09.834 [main] INFO  [o.s.t.w.s.TestDispatcherServlet] Completed initialization in 1 ms
2026-07-27 18:50:09.860 [main] INFO  [o.s.t.c.s.AnnotationConfigContextLoaderUtils] Could not detect default configuration classes for test class [com.elioth.epam.gymcrm.GymCrmApiApplicationTests]: GymCrmApiApplicationTests does not declare any static, non-private, non-final, nested classes annotated with @Configuration.
2026-07-27 18:50:09.864 [main] INFO  [o.s.b.t.c.SpringBootTestContextBootstrapper] Found @SpringBootConfiguration com.elioth.epam.gymcrm.GymCrmApiApplication for test class com.elioth.epam.gymcrm.GymCrmApiApplicationTests
2026-07-27 18:50:09.865 [main] INFO  [o.s.t.c.s.AnnotationConfigContextLoaderUtils] Could not detect default configuration classes for test class [com.elioth.epam.gymcrm.GymCrmApiApplicationTests]: GymCrmApiApplicationTests does not declare any static, non-private, non-final, nested classes annotated with @Configuration.
2026-07-27 18:50:09.866 [main] INFO  [o.s.b.t.c.SpringBootTestContextBootstrapper] Found @SpringBootConfiguration com.elioth.epam.gymcrm.GymCrmApiApplication for test class com.elioth.epam.gymcrm.GymCrmApiApplicationTests
2026-07-27 18:50:09.895 [SpringApplicationShutdownHook] INFO  [o.s.o.j.LocalContainerEntityManagerFactoryBean] Closing JPA EntityManagerFactory for persistence unit 'default'
2026-07-27 18:50:10.048 [SpringApplicationShutdownHook] INFO  [com.zaxxer.hikari.HikariDataSource] HikariPool-1 - Shutdown initiated...
2026-07-27 18:50:10.051 [SpringApplicationShutdownHook] INFO  [com.zaxxer.hikari.HikariDataSource] HikariPool-1 - Shutdown completed.
2026-07-27 18:51:55.118 [background-preinit] INFO  [o.h.validator.internal.util.Version] HV000001: Hibernate Validator 9.0.1.Final
2026-07-27 18:51:55.215 [main] INFO  [c.e.e.g.c.JwtSecurityIntegrationTest] Starting JwtSecurityIntegrationTest using Java 21.0.12 with PID 56410 (started by aliothosa in /home/aliothosa/IdeaProjects/GYM-CRM/gym-crm-api)
2026-07-27 18:51:55.217 [main] INFO  [c.e.e.g.c.JwtSecurityIntegrationTest] The following 1 profile is active: "test"
2026-07-27 18:51:57.007 [main] INFO  [o.s.d.r.c.RepositoryConfigurationDelegate] Bootstrapping Spring Data JPA repositories in DEFAULT mode.
2026-07-27 18:51:57.091 [main] INFO  [o.s.d.r.c.RepositoryConfigurationDelegate] Finished Spring Data repository scanning in 67 ms. Found 5 JPA repository interfaces.
2026-07-27 18:51:57.889 [main] INFO  [org.hibernate.orm.jpa] HHH008540: Processing PersistenceUnitInfo [name: default]
2026-07-27 18:51:57.967 [main] INFO  [org.hibernate.orm.core] HHH000001: Hibernate ORM core version 7.2.12.Final
2026-07-27 18:51:58.390 [main] INFO  [o.s.o.j.p.SpringPersistenceUnitInfo] No LoadTimeWeaver setup: ignoring JPA class transformer
2026-07-27 18:51:58.441 [main] INFO  [com.zaxxer.hikari.HikariDataSource] HikariPool-1 - Starting...
2026-07-27 18:51:58.849 [main] INFO  [com.zaxxer.hikari.pool.HikariPool] HikariPool-1 - Added connection conn0: url=jdbc:h2:mem:gymcrm-test user=SA
2026-07-27 18:51:58.852 [main] INFO  [com.zaxxer.hikari.HikariDataSource] HikariPool-1 - Start completed.
2026-07-27 18:51:58.889 [main] WARN  [org.hibernate.orm.deprecation] HHH90000025: H2Dialect does not need to be specified explicitly using 'hibernate.dialect' (remove the property setting and it will be selected by default)
2026-07-27 18:51:58.919 [main] INFO  [o.hibernate.orm.connections.pooling] HHH10001005: Database info:
	Database JDBC URL [jdbc:h2:mem:gymcrm-test]
	Database driver: H2 JDBC Driver
	Database dialect: H2Dialect
	Database version: 2.4.240
	Default catalog/schema: GYMCRM-TEST/PUBLIC
	Autocommit mode: undefined/unknown
	Isolation level: READ_COMMITTED [default READ_COMMITTED]
	JDBC fetch size: 100
	Pool: DataSourceConnectionProvider
	Minimum pool size: undefined/unknown
	Maximum pool size: undefined/unknown
2026-07-27 18:52:00.062 [main] INFO  [org.hibernate.orm.core] HHH000489: No JTA platform available (set 'hibernate.transaction.jta.platform' to enable JTA platform integration)
2026-07-27 18:52:00.157 [main] INFO  [o.s.o.j.LocalContainerEntityManagerFactoryBean] Initialized JPA EntityManagerFactory for persistence unit 'default'
2026-07-27 18:52:00.288 [main] INFO  [o.s.d.j.r.q.QueryEnhancerFactories] Hibernate is in classpath; If applicable, HQL parser will be used.
2026-07-27 18:52:01.258 [main] INFO  [o.s.s.c.a.a.c.InitializeAuthenticationProviderBeanManagerConfigurer$InitializeAuthenticationProviderManagerConfigurer] Global AuthenticationManager configured with AuthenticationProvider bean with name daoAuthenticationProvider
2026-07-27 18:52:01.258 [main] WARN  [o.s.s.c.a.a.c.InitializeUserDetailsBeanManagerConfigurer$InitializeUserDetailsManagerConfigurer] Global AuthenticationManager configured with an AuthenticationProvider bean. UserDetailsService beans will not be used by Spring Security for automatically configuring username/password login. Consider removing the AuthenticationProvider bean. Alternatively, consider using the UserDetailsService in a manually instantiated DaoAuthenticationProvider. If the current configuration is intentional, to turn off this warning, increase the logging level of 'org.springframework.security.config.annotation.authentication.configuration.InitializeUserDetailsBeanManagerConfigurer' to ERROR
2026-07-27 18:52:02.331 [main] WARN  [o.s.b.j.a.JpaBaseConfiguration$JpaWebConfiguration] spring.jpa.open-in-view is enabled by default. Therefore, database queries may be performed during view rendering. Explicitly configure spring.jpa.open-in-view to disable this warning
2026-07-27 18:52:03.504 [main] INFO  [o.s.b.a.e.web.EndpointLinksResolver] Exposing 2 endpoints beneath base path '/actuator'
2026-07-27 18:52:03.573 [main] INFO  [c.e.e.g.c.JwtSecurityIntegrationTest] Started JwtSecurityIntegrationTest in 9.156 seconds (process running for 14.208)
2026-07-27 18:52:03.692 [main] INFO  [o.s.b.t.m.w.SpringBootMockServletContext] Initializing Spring TestDispatcherServlet ''
2026-07-27 18:52:03.692 [main] INFO  [o.s.t.w.s.TestDispatcherServlet] Initializing Servlet ''
2026-07-27 18:52:03.693 [main] INFO  [o.s.t.w.s.TestDispatcherServlet] Completed initialization in 1 ms
2026-07-27 18:52:04.407 [main] INFO  [o.s.api.AbstractOpenApiResource] Init duration for springdoc-openapi is: 625 ms
2026-07-27 18:52:04.472 [main] INFO  [o.s.b.t.m.w.SpringBootMockServletContext] Initializing Spring TestDispatcherServlet ''
2026-07-27 18:52:04.472 [main] INFO  [o.s.t.w.s.TestDispatcherServlet] Initializing Servlet ''
2026-07-27 18:52:04.473 [main] INFO  [o.s.t.w.s.TestDispatcherServlet] Completed initialization in 1 ms
2026-07-27 18:52:04.859 [main] INFO  [c.e.e.g.controller.TraineeController] addTrainee request: CreateTraineeRequest[firstName=null, lastName=null, birthDate=null, address=null]
2026-07-27 18:52:04.862 [main] INFO  [c.e.e.gymcrm.service.TraineeService] Creating trainee profile
2026-07-27 18:52:04.869 [main] INFO  [o.s.b.t.m.w.SpringBootMockServletContext] Initializing Spring TestDispatcherServlet ''
2026-07-27 18:52:04.869 [main] INFO  [o.s.t.w.s.TestDispatcherServlet] Initializing Servlet ''
2026-07-27 18:52:04.870 [main] INFO  [o.s.t.w.s.TestDispatcherServlet] Completed initialization in 1 ms
2026-07-27 18:52:04.940 [main] INFO  [c.e.e.gymcrm.service.TrainingService] Getting all training types
2026-07-27 18:52:04.987 [main] INFO  [o.s.t.c.s.AnnotationConfigContextLoaderUtils] Could not detect default configuration classes for test class [com.elioth.epam.gymcrm.config.SwaggerAccessTest]: SwaggerAccessTest does not declare any static, non-private, non-final, nested classes annotated with @Configuration.
2026-07-27 18:52:04.988 [main] INFO  [o.s.b.t.c.SpringBootTestContextBootstrapper] Found @SpringBootConfiguration com.elioth.epam.gymcrm.GymCrmApiApplication for test class com.elioth.epam.gymcrm.config.SwaggerAccessTest
2026-07-27 18:52:04.989 [main] INFO  [o.s.t.c.s.AnnotationConfigContextLoaderUtils] Could not detect default configuration classes for test class [com.elioth.epam.gymcrm.config.SwaggerAccessTest]: SwaggerAccessTest does not declare any static, non-private, non-final, nested classes annotated with @Configuration.
2026-07-27 18:52:04.990 [main] INFO  [o.s.b.t.c.SpringBootTestContextBootstrapper] Found @SpringBootConfiguration com.elioth.epam.gymcrm.GymCrmApiApplication for test class com.elioth.epam.gymcrm.config.SwaggerAccessTest
2026-07-27 18:52:04.995 [main] INFO  [o.s.b.t.m.w.SpringBootMockServletContext] Initializing Spring TestDispatcherServlet ''
2026-07-27 18:52:04.995 [main] INFO  [o.s.t.w.s.TestDispatcherServlet] Initializing Servlet ''
2026-07-27 18:52:04.997 [main] INFO  [o.s.t.w.s.TestDispatcherServlet] Completed initialization in 2 ms
2026-07-27 18:52:05.012 [main] INFO  [o.s.b.t.m.w.SpringBootMockServletContext] Initializing Spring TestDispatcherServlet ''
2026-07-27 18:52:05.012 [main] INFO  [o.s.t.w.s.TestDispatcherServlet] Initializing Servlet ''
2026-07-27 18:52:05.013 [main] INFO  [o.s.t.w.s.TestDispatcherServlet] Completed initialization in 1 ms
2026-07-27 18:52:05.046 [main] INFO  [o.s.t.c.s.AnnotationConfigContextLoaderUtils] Could not detect default configuration classes for test class [com.elioth.epam.gymcrm.GymCrmApiApplicationTests]: GymCrmApiApplicationTests does not declare any static, non-private, non-final, nested classes annotated with @Configuration.
2026-07-27 18:52:05.050 [main] INFO  [o.s.b.t.c.SpringBootTestContextBootstrapper] Found @SpringBootConfiguration com.elioth.epam.gymcrm.GymCrmApiApplication for test class com.elioth.epam.gymcrm.GymCrmApiApplicationTests
2026-07-27 18:52:05.051 [main] INFO  [o.s.t.c.s.AnnotationConfigContextLoaderUtils] Could not detect default configuration classes for test class [com.elioth.epam.gymcrm.GymCrmApiApplicationTests]: GymCrmApiApplicationTests does not declare any static, non-private, non-final, nested classes annotated with @Configuration.
2026-07-27 18:52:05.052 [main] INFO  [o.s.b.t.c.SpringBootTestContextBootstrapper] Found @SpringBootConfiguration com.elioth.epam.gymcrm.GymCrmApiApplication for test class com.elioth.epam.gymcrm.GymCrmApiApplicationTests
2026-07-27 18:52:05.083 [SpringApplicationShutdownHook] INFO  [o.s.o.j.LocalContainerEntityManagerFactoryBean] Closing JPA EntityManagerFactory for persistence unit 'default'
2026-07-27 18:52:05.234 [SpringApplicationShutdownHook] INFO  [com.zaxxer.hikari.HikariDataSource] HikariPool-1 - Shutdown initiated...
2026-07-27 18:52:05.236 [SpringApplicationShutdownHook] INFO  [com.zaxxer.hikari.HikariDataSource] HikariPool-1 - Shutdown completed.
2026-07-27 18:52:21.990 [background-preinit] INFO  [o.h.validator.internal.util.Version] HV000001: Hibernate Validator 9.0.1.Final
2026-07-27 18:52:22.051 [main] INFO  [c.e.e.g.c.JwtSecurityIntegrationTest] Starting JwtSecurityIntegrationTest using Java 21.0.12 with PID 57741 (started by aliothosa in /home/aliothosa/IdeaProjects/GYM-CRM/gym-crm-api)
2026-07-27 18:52:22.052 [main] INFO  [c.e.e.g.c.JwtSecurityIntegrationTest] The following 1 profile is active: "test"
2026-07-27 18:52:23.603 [main] INFO  [o.s.d.r.c.RepositoryConfigurationDelegate] Bootstrapping Spring Data JPA repositories in DEFAULT mode.
2026-07-27 18:52:23.690 [main] INFO  [o.s.d.r.c.RepositoryConfigurationDelegate] Finished Spring Data repository scanning in 71 ms. Found 5 JPA repository interfaces.
2026-07-27 18:52:24.509 [main] INFO  [org.hibernate.orm.jpa] HHH008540: Processing PersistenceUnitInfo [name: default]
2026-07-27 18:52:24.596 [main] INFO  [org.hibernate.orm.core] HHH000001: Hibernate ORM core version 7.2.12.Final
2026-07-27 18:52:25.199 [main] INFO  [o.s.o.j.p.SpringPersistenceUnitInfo] No LoadTimeWeaver setup: ignoring JPA class transformer
2026-07-27 18:52:25.248 [main] INFO  [com.zaxxer.hikari.HikariDataSource] HikariPool-1 - Starting...
2026-07-27 18:52:25.646 [main] INFO  [com.zaxxer.hikari.pool.HikariPool] HikariPool-1 - Added connection conn0: url=jdbc:h2:mem:gymcrm-test user=SA
2026-07-27 18:52:25.648 [main] INFO  [com.zaxxer.hikari.HikariDataSource] HikariPool-1 - Start completed.
2026-07-27 18:52:25.686 [main] WARN  [org.hibernate.orm.deprecation] HHH90000025: H2Dialect does not need to be specified explicitly using 'hibernate.dialect' (remove the property setting and it will be selected by default)
2026-07-27 18:52:25.724 [main] INFO  [o.hibernate.orm.connections.pooling] HHH10001005: Database info:
	Database JDBC URL [jdbc:h2:mem:gymcrm-test]
	Database driver: H2 JDBC Driver
	Database dialect: H2Dialect
	Database version: 2.4.240
	Default catalog/schema: GYMCRM-TEST/PUBLIC
	Autocommit mode: undefined/unknown
	Isolation level: READ_COMMITTED [default READ_COMMITTED]
	JDBC fetch size: 100
	Pool: DataSourceConnectionProvider
	Minimum pool size: undefined/unknown
	Maximum pool size: undefined/unknown
2026-07-27 18:52:27.190 [main] INFO  [org.hibernate.orm.core] HHH000489: No JTA platform available (set 'hibernate.transaction.jta.platform' to enable JTA platform integration)
2026-07-27 18:52:27.300 [main] INFO  [o.s.o.j.LocalContainerEntityManagerFactoryBean] Initialized JPA EntityManagerFactory for persistence unit 'default'
2026-07-27 18:52:27.445 [main] INFO  [o.s.d.j.r.q.QueryEnhancerFactories] Hibernate is in classpath; If applicable, HQL parser will be used.
2026-07-27 18:52:28.713 [main] INFO  [o.s.s.c.a.a.c.InitializeAuthenticationProviderBeanManagerConfigurer$InitializeAuthenticationProviderManagerConfigurer] Global AuthenticationManager configured with AuthenticationProvider bean with name daoAuthenticationProvider
2026-07-27 18:52:28.715 [main] WARN  [o.s.s.c.a.a.c.InitializeUserDetailsBeanManagerConfigurer$InitializeUserDetailsManagerConfigurer] Global AuthenticationManager configured with an AuthenticationProvider bean. UserDetailsService beans will not be used by Spring Security for automatically configuring username/password login. Consider removing the AuthenticationProvider bean. Alternatively, consider using the UserDetailsService in a manually instantiated DaoAuthenticationProvider. If the current configuration is intentional, to turn off this warning, increase the logging level of 'org.springframework.security.config.annotation.authentication.configuration.InitializeUserDetailsBeanManagerConfigurer' to ERROR
2026-07-27 18:52:29.993 [main] WARN  [o.s.b.j.a.JpaBaseConfiguration$JpaWebConfiguration] spring.jpa.open-in-view is enabled by default. Therefore, database queries may be performed during view rendering. Explicitly configure spring.jpa.open-in-view to disable this warning
2026-07-27 18:52:31.144 [main] INFO  [o.s.b.a.e.web.EndpointLinksResolver] Exposing 2 endpoints beneath base path '/actuator'
2026-07-27 18:52:31.214 [main] INFO  [c.e.e.g.c.JwtSecurityIntegrationTest] Started JwtSecurityIntegrationTest in 9.772 seconds (process running for 12.314)
2026-07-27 18:52:31.740 [main] INFO  [o.s.b.t.m.w.SpringBootMockServletContext] Initializing Spring TestDispatcherServlet ''
2026-07-27 18:52:31.741 [main] INFO  [o.s.t.w.s.TestDispatcherServlet] Initializing Servlet ''
2026-07-27 18:52:31.743 [main] INFO  [o.s.t.w.s.TestDispatcherServlet] Completed initialization in 2 ms
2026-07-27 18:52:32.557 [main] INFO  [o.s.api.AbstractOpenApiResource] Init duration for springdoc-openapi is: 712 ms
2026-07-27 18:52:32.651 [main] INFO  [o.s.b.t.m.w.SpringBootMockServletContext] Initializing Spring TestDispatcherServlet ''
2026-07-27 18:52:32.651 [main] INFO  [o.s.t.w.s.TestDispatcherServlet] Initializing Servlet ''
2026-07-27 18:52:32.654 [main] INFO  [o.s.t.w.s.TestDispatcherServlet] Completed initialization in 3 ms
2026-07-27 18:52:33.048 [main] INFO  [c.e.e.g.controller.TraineeController] addTrainee request: CreateTraineeRequest[firstName=null, lastName=null, birthDate=null, address=null]
2026-07-27 18:52:33.050 [main] INFO  [c.e.e.gymcrm.service.TraineeService] Creating trainee profile
2026-07-27 18:52:33.059 [main] INFO  [o.s.b.t.m.w.SpringBootMockServletContext] Initializing Spring TestDispatcherServlet ''
2026-07-27 18:52:33.059 [main] INFO  [o.s.t.w.s.TestDispatcherServlet] Initializing Servlet ''
2026-07-27 18:52:33.060 [main] INFO  [o.s.t.w.s.TestDispatcherServlet] Completed initialization in 1 ms
2026-07-27 18:52:33.110 [main] INFO  [c.e.e.gymcrm.service.TrainingService] Getting all training types
2026-07-27 18:52:33.223 [SpringApplicationShutdownHook] INFO  [o.s.o.j.LocalContainerEntityManagerFactoryBean] Closing JPA EntityManagerFactory for persistence unit 'default'
2026-07-27 18:52:33.380 [SpringApplicationShutdownHook] INFO  [com.zaxxer.hikari.HikariDataSource] HikariPool-1 - Shutdown initiated...
2026-07-27 18:52:33.382 [SpringApplicationShutdownHook] INFO  [com.zaxxer.hikari.HikariDataSource] HikariPool-1 - Shutdown completed.
2026-07-27 22:06:51.378 [background-preinit] INFO  [o.h.validator.internal.util.Version] HV000001: Hibernate Validator 9.0.1.Final
2026-07-27 22:06:51.430 [main] INFO  [c.e.e.g.c.JwtSecurityIntegrationTest] Starting JwtSecurityIntegrationTest using Java 21.0.12 with PID 65426 (started by aliothosa in /home/aliothosa/IdeaProjects/GYM-CRM/gym-crm-api)
2026-07-27 22:06:51.430 [main] INFO  [c.e.e.g.c.JwtSecurityIntegrationTest] The following 1 profile is active: "test"
2026-07-27 22:06:52.986 [main] INFO  [o.s.d.r.c.RepositoryConfigurationDelegate] Bootstrapping Spring Data JPA repositories in DEFAULT mode.
2026-07-27 22:06:53.070 [main] INFO  [o.s.d.r.c.RepositoryConfigurationDelegate] Finished Spring Data repository scanning in 70 ms. Found 5 JPA repository interfaces.
2026-07-27 22:06:53.882 [main] INFO  [org.hibernate.orm.jpa] HHH008540: Processing PersistenceUnitInfo [name: default]
2026-07-27 22:06:53.957 [main] INFO  [org.hibernate.orm.core] HHH000001: Hibernate ORM core version 7.2.12.Final
2026-07-27 22:06:54.605 [main] INFO  [o.s.o.j.p.SpringPersistenceUnitInfo] No LoadTimeWeaver setup: ignoring JPA class transformer
2026-07-27 22:06:54.649 [main] INFO  [com.zaxxer.hikari.HikariDataSource] HikariPool-1 - Starting...
2026-07-27 22:06:54.979 [main] INFO  [com.zaxxer.hikari.pool.HikariPool] HikariPool-1 - Added connection conn0: url=jdbc:h2:mem:gymcrm-test user=SA
2026-07-27 22:06:54.981 [main] INFO  [com.zaxxer.hikari.HikariDataSource] HikariPool-1 - Start completed.
2026-07-27 22:06:55.023 [main] WARN  [org.hibernate.orm.deprecation] HHH90000025: H2Dialect does not need to be specified explicitly using 'hibernate.dialect' (remove the property setting and it will be selected by default)
2026-07-27 22:06:55.061 [main] INFO  [o.hibernate.orm.connections.pooling] HHH10001005: Database info:
	Database JDBC URL [jdbc:h2:mem:gymcrm-test]
	Database driver: H2 JDBC Driver
	Database dialect: H2Dialect
	Database version: 2.4.240
	Default catalog/schema: GYMCRM-TEST/PUBLIC
	Autocommit mode: undefined/unknown
	Isolation level: READ_COMMITTED [default READ_COMMITTED]
	JDBC fetch size: 100
	Pool: DataSourceConnectionProvider
	Minimum pool size: undefined/unknown
	Maximum pool size: undefined/unknown
2026-07-27 22:06:56.447 [main] INFO  [org.hibernate.orm.core] HHH000489: No JTA platform available (set 'hibernate.transaction.jta.platform' to enable JTA platform integration)
2026-07-27 22:06:56.539 [main] INFO  [o.s.o.j.LocalContainerEntityManagerFactoryBean] Initialized JPA EntityManagerFactory for persistence unit 'default'
2026-07-27 22:06:56.654 [main] INFO  [o.s.d.j.r.q.QueryEnhancerFactories] Hibernate is in classpath; If applicable, HQL parser will be used.
2026-07-27 22:06:57.573 [main] INFO  [o.s.s.c.a.a.c.InitializeAuthenticationProviderBeanManagerConfigurer$InitializeAuthenticationProviderManagerConfigurer] Global AuthenticationManager configured with AuthenticationProvider bean with name daoAuthenticationProvider
2026-07-27 22:06:57.573 [main] WARN  [o.s.s.c.a.a.c.InitializeUserDetailsBeanManagerConfigurer$InitializeUserDetailsManagerConfigurer] Global AuthenticationManager configured with an AuthenticationProvider bean. UserDetailsService beans will not be used by Spring Security for automatically configuring username/password login. Consider removing the AuthenticationProvider bean. Alternatively, consider using the UserDetailsService in a manually instantiated DaoAuthenticationProvider. If the current configuration is intentional, to turn off this warning, increase the logging level of 'org.springframework.security.config.annotation.authentication.configuration.InitializeUserDetailsBeanManagerConfigurer' to ERROR
2026-07-27 22:06:58.677 [main] WARN  [o.s.b.j.a.JpaBaseConfiguration$JpaWebConfiguration] spring.jpa.open-in-view is enabled by default. Therefore, database queries may be performed during view rendering. Explicitly configure spring.jpa.open-in-view to disable this warning
2026-07-27 22:06:59.809 [main] INFO  [o.s.b.a.e.web.EndpointLinksResolver] Exposing 2 endpoints beneath base path '/actuator'
2026-07-27 22:06:59.889 [main] INFO  [c.e.e.g.c.JwtSecurityIntegrationTest] Started JwtSecurityIntegrationTest in 9.028 seconds (process running for 11.275)
2026-07-27 22:07:00.382 [main] INFO  [o.s.b.t.m.w.SpringBootMockServletContext] Initializing Spring TestDispatcherServlet ''
2026-07-27 22:07:00.382 [main] INFO  [o.s.t.w.s.TestDispatcherServlet] Initializing Servlet ''
2026-07-27 22:07:00.384 [main] INFO  [o.s.t.w.s.TestDispatcherServlet] Completed initialization in 2 ms
2026-07-27 22:07:01.095 [main] INFO  [o.s.api.AbstractOpenApiResource] Init duration for springdoc-openapi is: 619 ms
2026-07-27 22:07:01.169 [main] INFO  [o.s.b.t.m.w.SpringBootMockServletContext] Initializing Spring TestDispatcherServlet ''
2026-07-27 22:07:01.169 [main] INFO  [o.s.t.w.s.TestDispatcherServlet] Initializing Servlet ''
2026-07-27 22:07:01.170 [main] INFO  [o.s.t.w.s.TestDispatcherServlet] Completed initialization in 1 ms
2026-07-27 22:07:01.572 [main] INFO  [c.e.e.g.controller.TraineeController] addTrainee request: CreateTraineeRequest[firstName=null, lastName=null, birthDate=null, address=null]
2026-07-27 22:07:01.574 [main] INFO  [c.e.e.gymcrm.service.TraineeService] Creating trainee profile
2026-07-27 22:07:01.581 [main] INFO  [o.s.b.t.m.w.SpringBootMockServletContext] Initializing Spring TestDispatcherServlet ''
2026-07-27 22:07:01.581 [main] INFO  [o.s.t.w.s.TestDispatcherServlet] Initializing Servlet ''
2026-07-27 22:07:01.582 [main] INFO  [o.s.t.w.s.TestDispatcherServlet] Completed initialization in 1 ms
2026-07-27 22:07:01.632 [main] INFO  [c.e.e.gymcrm.service.TrainingService] Getting all training types
2026-07-27 22:07:01.675 [main] INFO  [o.s.b.t.m.w.SpringBootMockServletContext] Initializing Spring TestDispatcherServlet ''
2026-07-27 22:07:01.675 [main] INFO  [o.s.t.w.s.TestDispatcherServlet] Initializing Servlet ''
2026-07-27 22:07:01.676 [main] INFO  [o.s.t.w.s.TestDispatcherServlet] Completed initialization in 1 ms
2026-07-27 22:07:01.690 [main] INFO  [c.e.e.gymcrm.service.TrainingService] Getting all training types
2026-07-27 22:07:01.733 [SpringApplicationShutdownHook] INFO  [o.s.o.j.LocalContainerEntityManagerFactoryBean] Closing JPA EntityManagerFactory for persistence unit 'default'
2026-07-27 22:07:01.879 [SpringApplicationShutdownHook] INFO  [com.zaxxer.hikari.HikariDataSource] HikariPool-1 - Shutdown initiated...
2026-07-27 22:07:01.882 [SpringApplicationShutdownHook] INFO  [com.zaxxer.hikari.HikariDataSource] HikariPool-1 - Shutdown completed.
2026-07-27 22:07:41.014 [background-preinit] INFO  [o.h.validator.internal.util.Version] HV000001: Hibernate Validator 9.0.1.Final
2026-07-27 22:07:41.097 [main] INFO  [c.e.e.g.c.JwtSecurityIntegrationTest] Starting JwtSecurityIntegrationTest using Java 21.0.12 with PID 65849 (started by aliothosa in /home/aliothosa/IdeaProjects/GYM-CRM/gym-crm-api)
2026-07-27 22:07:41.098 [main] INFO  [c.e.e.g.c.JwtSecurityIntegrationTest] The following 1 profile is active: "test"
2026-07-27 22:07:42.657 [main] INFO  [o.s.d.r.c.RepositoryConfigurationDelegate] Bootstrapping Spring Data JPA repositories in DEFAULT mode.
2026-07-27 22:07:42.720 [main] INFO  [o.s.d.r.c.RepositoryConfigurationDelegate] Finished Spring Data repository scanning in 50 ms. Found 5 JPA repository interfaces.
2026-07-27 22:07:43.537 [main] INFO  [org.hibernate.orm.jpa] HHH008540: Processing PersistenceUnitInfo [name: default]
2026-07-27 22:07:43.612 [main] INFO  [org.hibernate.orm.core] HHH000001: Hibernate ORM core version 7.2.12.Final
2026-07-27 22:07:43.976 [main] INFO  [o.s.o.j.p.SpringPersistenceUnitInfo] No LoadTimeWeaver setup: ignoring JPA class transformer
2026-07-27 22:07:44.018 [main] INFO  [com.zaxxer.hikari.HikariDataSource] HikariPool-1 - Starting...
2026-07-27 22:07:44.391 [main] INFO  [com.zaxxer.hikari.pool.HikariPool] HikariPool-1 - Added connection conn0: url=jdbc:h2:mem:gymcrm-test user=SA
2026-07-27 22:07:44.394 [main] INFO  [com.zaxxer.hikari.HikariDataSource] HikariPool-1 - Start completed.
2026-07-27 22:07:44.429 [main] WARN  [org.hibernate.orm.deprecation] HHH90000025: H2Dialect does not need to be specified explicitly using 'hibernate.dialect' (remove the property setting and it will be selected by default)
2026-07-27 22:07:44.465 [main] INFO  [o.hibernate.orm.connections.pooling] HHH10001005: Database info:
	Database JDBC URL [jdbc:h2:mem:gymcrm-test]
	Database driver: H2 JDBC Driver
	Database dialect: H2Dialect
	Database version: 2.4.240
	Default catalog/schema: GYMCRM-TEST/PUBLIC
	Autocommit mode: undefined/unknown
	Isolation level: READ_COMMITTED [default READ_COMMITTED]
	JDBC fetch size: 100
	Pool: DataSourceConnectionProvider
	Minimum pool size: undefined/unknown
	Maximum pool size: undefined/unknown
2026-07-27 22:07:45.713 [main] INFO  [org.hibernate.orm.core] HHH000489: No JTA platform available (set 'hibernate.transaction.jta.platform' to enable JTA platform integration)
2026-07-27 22:07:45.814 [main] INFO  [o.s.o.j.LocalContainerEntityManagerFactoryBean] Initialized JPA EntityManagerFactory for persistence unit 'default'
2026-07-27 22:07:45.958 [main] INFO  [o.s.d.j.r.q.QueryEnhancerFactories] Hibernate is in classpath; If applicable, HQL parser will be used.
2026-07-27 22:07:47.020 [main] INFO  [o.s.s.c.a.a.c.InitializeAuthenticationProviderBeanManagerConfigurer$InitializeAuthenticationProviderManagerConfigurer] Global AuthenticationManager configured with AuthenticationProvider bean with name daoAuthenticationProvider
2026-07-27 22:07:47.021 [main] WARN  [o.s.s.c.a.a.c.InitializeUserDetailsBeanManagerConfigurer$InitializeUserDetailsManagerConfigurer] Global AuthenticationManager configured with an AuthenticationProvider bean. UserDetailsService beans will not be used by Spring Security for automatically configuring username/password login. Consider removing the AuthenticationProvider bean. Alternatively, consider using the UserDetailsService in a manually instantiated DaoAuthenticationProvider. If the current configuration is intentional, to turn off this warning, increase the logging level of 'org.springframework.security.config.annotation.authentication.configuration.InitializeUserDetailsBeanManagerConfigurer' to ERROR
2026-07-27 22:07:48.151 [main] WARN  [o.s.b.j.a.JpaBaseConfiguration$JpaWebConfiguration] spring.jpa.open-in-view is enabled by default. Therefore, database queries may be performed during view rendering. Explicitly configure spring.jpa.open-in-view to disable this warning
2026-07-27 22:07:49.310 [main] INFO  [o.s.b.a.e.web.EndpointLinksResolver] Exposing 2 endpoints beneath base path '/actuator'
2026-07-27 22:07:49.383 [main] INFO  [c.e.e.g.c.JwtSecurityIntegrationTest] Started JwtSecurityIntegrationTest in 9.021 seconds (process running for 13.951)
2026-07-27 22:07:49.509 [main] INFO  [o.s.b.t.m.w.SpringBootMockServletContext] Initializing Spring TestDispatcherServlet ''
2026-07-27 22:07:49.509 [main] INFO  [o.s.t.w.s.TestDispatcherServlet] Initializing Servlet ''
2026-07-27 22:07:49.510 [main] INFO  [o.s.t.w.s.TestDispatcherServlet] Completed initialization in 1 ms
2026-07-27 22:07:50.234 [main] INFO  [o.s.api.AbstractOpenApiResource] Init duration for springdoc-openapi is: 640 ms
2026-07-27 22:07:50.312 [main] INFO  [o.s.b.t.m.w.SpringBootMockServletContext] Initializing Spring TestDispatcherServlet ''
2026-07-27 22:07:50.312 [main] INFO  [o.s.t.w.s.TestDispatcherServlet] Initializing Servlet ''
2026-07-27 22:07:50.313 [main] INFO  [o.s.t.w.s.TestDispatcherServlet] Completed initialization in 1 ms
2026-07-27 22:07:50.708 [main] INFO  [c.e.e.g.controller.TraineeController] addTrainee request: CreateTraineeRequest[firstName=null, lastName=null, birthDate=null, address=null]
2026-07-27 22:07:50.711 [main] INFO  [c.e.e.gymcrm.service.TraineeService] Creating trainee profile
2026-07-27 22:07:50.719 [main] INFO  [o.s.b.t.m.w.SpringBootMockServletContext] Initializing Spring TestDispatcherServlet ''
2026-07-27 22:07:50.719 [main] INFO  [o.s.t.w.s.TestDispatcherServlet] Initializing Servlet ''
2026-07-27 22:07:50.720 [main] INFO  [o.s.t.w.s.TestDispatcherServlet] Completed initialization in 1 ms
2026-07-27 22:07:50.774 [main] INFO  [c.e.e.gymcrm.service.TrainingService] Getting all training types
2026-07-27 22:07:50.823 [main] INFO  [o.s.b.t.m.w.SpringBootMockServletContext] Initializing Spring TestDispatcherServlet ''
2026-07-27 22:07:50.824 [main] INFO  [o.s.t.w.s.TestDispatcherServlet] Initializing Servlet ''
2026-07-27 22:07:50.825 [main] INFO  [o.s.t.w.s.TestDispatcherServlet] Completed initialization in 1 ms
2026-07-27 22:07:50.841 [main] INFO  [c.e.e.gymcrm.service.TrainingService] Getting all training types
2026-07-27 22:07:50.853 [main] INFO  [o.s.t.c.s.AnnotationConfigContextLoaderUtils] Could not detect default configuration classes for test class [com.elioth.epam.gymcrm.config.SwaggerAccessTest]: SwaggerAccessTest does not declare any static, non-private, non-final, nested classes annotated with @Configuration.
2026-07-27 22:07:50.855 [main] INFO  [o.s.b.t.c.SpringBootTestContextBootstrapper] Found @SpringBootConfiguration com.elioth.epam.gymcrm.GymCrmApiApplication for test class com.elioth.epam.gymcrm.config.SwaggerAccessTest
2026-07-27 22:07:50.856 [main] INFO  [o.s.t.c.s.AnnotationConfigContextLoaderUtils] Could not detect default configuration classes for test class [com.elioth.epam.gymcrm.config.SwaggerAccessTest]: SwaggerAccessTest does not declare any static, non-private, non-final, nested classes annotated with @Configuration.
2026-07-27 22:07:50.858 [main] INFO  [o.s.b.t.c.SpringBootTestContextBootstrapper] Found @SpringBootConfiguration com.elioth.epam.gymcrm.GymCrmApiApplication for test class com.elioth.epam.gymcrm.config.SwaggerAccessTest
2026-07-27 22:07:50.864 [main] INFO  [o.s.b.t.m.w.SpringBootMockServletContext] Initializing Spring TestDispatcherServlet ''
2026-07-27 22:07:50.864 [main] INFO  [o.s.t.w.s.TestDispatcherServlet] Initializing Servlet ''
2026-07-27 22:07:50.865 [main] INFO  [o.s.t.w.s.TestDispatcherServlet] Completed initialization in 1 ms
2026-07-27 22:07:50.881 [main] INFO  [o.s.b.t.m.w.SpringBootMockServletContext] Initializing Spring TestDispatcherServlet ''
2026-07-27 22:07:50.881 [main] INFO  [o.s.t.w.s.TestDispatcherServlet] Initializing Servlet ''
2026-07-27 22:07:50.882 [main] INFO  [o.s.t.w.s.TestDispatcherServlet] Completed initialization in 1 ms
2026-07-27 22:07:50.905 [main] INFO  [o.s.t.c.s.AnnotationConfigContextLoaderUtils] Could not detect default configuration classes for test class [com.elioth.epam.gymcrm.GymCrmApiApplicationTests]: GymCrmApiApplicationTests does not declare any static, non-private, non-final, nested classes annotated with @Configuration.
2026-07-27 22:07:50.910 [main] INFO  [o.s.b.t.c.SpringBootTestContextBootstrapper] Found @SpringBootConfiguration com.elioth.epam.gymcrm.GymCrmApiApplication for test class com.elioth.epam.gymcrm.GymCrmApiApplicationTests
2026-07-27 22:07:50.912 [main] INFO  [o.s.t.c.s.AnnotationConfigContextLoaderUtils] Could not detect default configuration classes for test class [com.elioth.epam.gymcrm.GymCrmApiApplicationTests]: GymCrmApiApplicationTests does not declare any static, non-private, non-final, nested classes annotated with @Configuration.
2026-07-27 22:07:50.913 [main] INFO  [o.s.b.t.c.SpringBootTestContextBootstrapper] Found @SpringBootConfiguration com.elioth.epam.gymcrm.GymCrmApiApplication for test class com.elioth.epam.gymcrm.GymCrmApiApplicationTests
2026-07-27 22:07:50.937 [SpringApplicationShutdownHook] INFO  [o.s.o.j.LocalContainerEntityManagerFactoryBean] Closing JPA EntityManagerFactory for persistence unit 'default'
2026-07-27 22:07:51.100 [SpringApplicationShutdownHook] INFO  [com.zaxxer.hikari.HikariDataSource] HikariPool-1 - Shutdown initiated...
2026-07-27 22:07:51.103 [SpringApplicationShutdownHook] INFO  [com.zaxxer.hikari.HikariDataSource] HikariPool-1 - Shutdown completed.
2026-07-27 22:11:03.881 [background-preinit] INFO  [o.h.validator.internal.util.Version] HV000001: Hibernate Validator 9.0.1.Final
2026-07-27 22:11:03.960 [main] INFO  [c.e.e.g.c.JwtSecurityIntegrationTest] Starting JwtSecurityIntegrationTest using Java 21.0.12 with PID 67340 (started by aliothosa in /home/aliothosa/IdeaProjects/GYM-CRM/gym-crm-api)
2026-07-27 22:11:03.962 [main] INFO  [c.e.e.g.c.JwtSecurityIntegrationTest] The following 1 profile is active: "test"
2026-07-27 22:11:05.644 [main] INFO  [o.s.d.r.c.RepositoryConfigurationDelegate] Bootstrapping Spring Data JPA repositories in DEFAULT mode.
2026-07-27 22:11:05.720 [main] INFO  [o.s.d.r.c.RepositoryConfigurationDelegate] Finished Spring Data repository scanning in 57 ms. Found 5 JPA repository interfaces.
2026-07-27 22:11:06.518 [main] INFO  [org.hibernate.orm.jpa] HHH008540: Processing PersistenceUnitInfo [name: default]
2026-07-27 22:11:06.588 [main] INFO  [org.hibernate.orm.core] HHH000001: Hibernate ORM core version 7.2.12.Final
2026-07-27 22:11:06.983 [main] INFO  [o.s.o.j.p.SpringPersistenceUnitInfo] No LoadTimeWeaver setup: ignoring JPA class transformer
2026-07-27 22:11:07.032 [main] INFO  [com.zaxxer.hikari.HikariDataSource] HikariPool-1 - Starting...
2026-07-27 22:11:07.396 [main] INFO  [com.zaxxer.hikari.pool.HikariPool] HikariPool-1 - Added connection conn0: url=jdbc:h2:mem:gymcrm-test user=SA
2026-07-27 22:11:07.400 [main] INFO  [com.zaxxer.hikari.HikariDataSource] HikariPool-1 - Start completed.
2026-07-27 22:11:07.452 [main] WARN  [org.hibernate.orm.deprecation] HHH90000025: H2Dialect does not need to be specified explicitly using 'hibernate.dialect' (remove the property setting and it will be selected by default)
2026-07-27 22:11:07.493 [main] INFO  [o.hibernate.orm.connections.pooling] HHH10001005: Database info:
	Database JDBC URL [jdbc:h2:mem:gymcrm-test]
	Database driver: H2 JDBC Driver
	Database dialect: H2Dialect
	Database version: 2.4.240
	Default catalog/schema: GYMCRM-TEST/PUBLIC
	Autocommit mode: undefined/unknown
	Isolation level: READ_COMMITTED [default READ_COMMITTED]
	JDBC fetch size: 100
	Pool: DataSourceConnectionProvider
	Minimum pool size: undefined/unknown
	Maximum pool size: undefined/unknown
2026-07-27 22:11:08.813 [main] INFO  [org.hibernate.orm.core] HHH000489: No JTA platform available (set 'hibernate.transaction.jta.platform' to enable JTA platform integration)
2026-07-27 22:11:08.910 [main] INFO  [o.s.o.j.LocalContainerEntityManagerFactoryBean] Initialized JPA EntityManagerFactory for persistence unit 'default'
2026-07-27 22:11:09.068 [main] INFO  [o.s.d.j.r.q.QueryEnhancerFactories] Hibernate is in classpath; If applicable, HQL parser will be used.
2026-07-27 22:11:10.134 [main] INFO  [o.s.s.c.a.a.c.InitializeAuthenticationProviderBeanManagerConfigurer$InitializeAuthenticationProviderManagerConfigurer] Global AuthenticationManager configured with AuthenticationProvider bean with name daoAuthenticationProvider
2026-07-27 22:11:10.135 [main] WARN  [o.s.s.c.a.a.c.InitializeUserDetailsBeanManagerConfigurer$InitializeUserDetailsManagerConfigurer] Global AuthenticationManager configured with an AuthenticationProvider bean. UserDetailsService beans will not be used by Spring Security for automatically configuring username/password login. Consider removing the AuthenticationProvider bean. Alternatively, consider using the UserDetailsService in a manually instantiated DaoAuthenticationProvider. If the current configuration is intentional, to turn off this warning, increase the logging level of 'org.springframework.security.config.annotation.authentication.configuration.InitializeUserDetailsBeanManagerConfigurer' to ERROR
2026-07-27 22:11:11.250 [main] WARN  [o.s.b.j.a.JpaBaseConfiguration$JpaWebConfiguration] spring.jpa.open-in-view is enabled by default. Therefore, database queries may be performed during view rendering. Explicitly configure spring.jpa.open-in-view to disable this warning
2026-07-27 22:11:12.406 [main] INFO  [o.s.b.a.e.web.EndpointLinksResolver] Exposing 2 endpoints beneath base path '/actuator'
2026-07-27 22:11:12.477 [main] INFO  [c.e.e.g.c.JwtSecurityIntegrationTest] Started JwtSecurityIntegrationTest in 9.283 seconds (process running for 14.211)
2026-07-27 22:11:12.587 [main] INFO  [o.s.b.t.m.w.SpringBootMockServletContext] Initializing Spring TestDispatcherServlet ''
2026-07-27 22:11:12.587 [main] INFO  [o.s.t.w.s.TestDispatcherServlet] Initializing Servlet ''
2026-07-27 22:11:12.588 [main] INFO  [o.s.t.w.s.TestDispatcherServlet] Completed initialization in 1 ms
2026-07-27 22:11:13.278 [main] INFO  [o.s.api.AbstractOpenApiResource] Init duration for springdoc-openapi is: 602 ms
2026-07-27 22:11:13.346 [main] INFO  [o.s.b.t.m.w.SpringBootMockServletContext] Initializing Spring TestDispatcherServlet ''
2026-07-27 22:11:13.346 [main] INFO  [o.s.t.w.s.TestDispatcherServlet] Initializing Servlet ''
2026-07-27 22:11:13.357 [main] INFO  [o.s.t.w.s.TestDispatcherServlet] Completed initialization in 11 ms
2026-07-27 22:11:13.370 [main] INFO  [o.s.b.t.m.w.SpringBootMockServletContext] Initializing Spring TestDispatcherServlet ''
2026-07-27 22:11:13.370 [main] INFO  [o.s.t.w.s.TestDispatcherServlet] Initializing Servlet ''
2026-07-27 22:11:13.371 [main] INFO  [o.s.t.w.s.TestDispatcherServlet] Completed initialization in 1 ms
2026-07-27 22:11:13.746 [main] INFO  [c.e.e.g.controller.TraineeController] addTrainee request: CreateTraineeRequest[firstName=null, lastName=null, birthDate=null, address=null]
2026-07-27 22:11:13.748 [main] INFO  [c.e.e.gymcrm.service.TraineeService] Creating trainee profile
2026-07-27 22:11:13.755 [main] INFO  [o.s.b.t.m.w.SpringBootMockServletContext] Initializing Spring TestDispatcherServlet ''
2026-07-27 22:11:13.755 [main] INFO  [o.s.t.w.s.TestDispatcherServlet] Initializing Servlet ''
2026-07-27 22:11:13.756 [main] INFO  [o.s.t.w.s.TestDispatcherServlet] Completed initialization in 1 ms
2026-07-27 22:11:13.802 [main] INFO  [c.e.e.gymcrm.service.TrainingService] Getting all training types
2026-07-27 22:11:13.845 [main] INFO  [o.s.b.t.m.w.SpringBootMockServletContext] Initializing Spring TestDispatcherServlet ''
2026-07-27 22:11:13.845 [main] INFO  [o.s.t.w.s.TestDispatcherServlet] Initializing Servlet ''
2026-07-27 22:11:13.846 [main] INFO  [o.s.t.w.s.TestDispatcherServlet] Completed initialization in 1 ms
2026-07-27 22:11:13.862 [main] INFO  [c.e.e.gymcrm.service.TrainingService] Getting all training types
2026-07-27 22:11:13.872 [main] INFO  [o.s.t.c.s.AnnotationConfigContextLoaderUtils] Could not detect default configuration classes for test class [com.elioth.epam.gymcrm.config.SwaggerAccessTest]: SwaggerAccessTest does not declare any static, non-private, non-final, nested classes annotated with @Configuration.
2026-07-27 22:11:13.873 [main] INFO  [o.s.b.t.c.SpringBootTestContextBootstrapper] Found @SpringBootConfiguration com.elioth.epam.gymcrm.GymCrmApiApplication for test class com.elioth.epam.gymcrm.config.SwaggerAccessTest
2026-07-27 22:11:13.874 [main] INFO  [o.s.t.c.s.AnnotationConfigContextLoaderUtils] Could not detect default configuration classes for test class [com.elioth.epam.gymcrm.config.SwaggerAccessTest]: SwaggerAccessTest does not declare any static, non-private, non-final, nested classes annotated with @Configuration.
2026-07-27 22:11:13.875 [main] INFO  [o.s.b.t.c.SpringBootTestContextBootstrapper] Found @SpringBootConfiguration com.elioth.epam.gymcrm.GymCrmApiApplication for test class com.elioth.epam.gymcrm.config.SwaggerAccessTest
2026-07-27 22:11:13.880 [main] INFO  [o.s.b.t.m.w.SpringBootMockServletContext] Initializing Spring TestDispatcherServlet ''
2026-07-27 22:11:13.880 [main] INFO  [o.s.t.w.s.TestDispatcherServlet] Initializing Servlet ''
2026-07-27 22:11:13.881 [main] INFO  [o.s.t.w.s.TestDispatcherServlet] Completed initialization in 1 ms
2026-07-27 22:11:13.894 [main] INFO  [o.s.b.t.m.w.SpringBootMockServletContext] Initializing Spring TestDispatcherServlet ''
2026-07-27 22:11:13.895 [main] INFO  [o.s.t.w.s.TestDispatcherServlet] Initializing Servlet ''
2026-07-27 22:11:13.896 [main] INFO  [o.s.t.w.s.TestDispatcherServlet] Completed initialization in 1 ms
2026-07-27 22:11:13.916 [main] INFO  [o.s.t.c.s.AnnotationConfigContextLoaderUtils] Could not detect default configuration classes for test class [com.elioth.epam.gymcrm.GymCrmApiApplicationTests]: GymCrmApiApplicationTests does not declare any static, non-private, non-final, nested classes annotated with @Configuration.
2026-07-27 22:11:13.919 [main] INFO  [o.s.b.t.c.SpringBootTestContextBootstrapper] Found @SpringBootConfiguration com.elioth.epam.gymcrm.GymCrmApiApplication for test class com.elioth.epam.gymcrm.GymCrmApiApplicationTests
2026-07-27 22:11:13.920 [main] INFO  [o.s.t.c.s.AnnotationConfigContextLoaderUtils] Could not detect default configuration classes for test class [com.elioth.epam.gymcrm.GymCrmApiApplicationTests]: GymCrmApiApplicationTests does not declare any static, non-private, non-final, nested classes annotated with @Configuration.
2026-07-27 22:11:13.921 [main] INFO  [o.s.b.t.c.SpringBootTestContextBootstrapper] Found @SpringBootConfiguration com.elioth.epam.gymcrm.GymCrmApiApplication for test class com.elioth.epam.gymcrm.GymCrmApiApplicationTests
2026-07-27 22:11:13.952 [SpringApplicationShutdownHook] INFO  [o.s.o.j.LocalContainerEntityManagerFactoryBean] Closing JPA EntityManagerFactory for persistence unit 'default'
2026-07-27 22:11:14.110 [SpringApplicationShutdownHook] INFO  [com.zaxxer.hikari.HikariDataSource] HikariPool-1 - Shutdown initiated...
2026-07-27 22:11:14.113 [SpringApplicationShutdownHook] INFO  [com.zaxxer.hikari.HikariDataSource] HikariPool-1 - Shutdown completed.
2026-07-27 22:15:57.802 [background-preinit] INFO  [o.h.validator.internal.util.Version] HV000001: Hibernate Validator 9.0.1.Final
2026-07-27 22:15:57.855 [main] INFO  [c.e.e.g.c.JwtSecurityIntegrationTest] Starting JwtSecurityIntegrationTest using Java 21.0.12 with PID 68854 (started by aliothosa in /home/aliothosa/IdeaProjects/GYM-CRM/gym-crm-api)
2026-07-27 22:15:57.857 [main] INFO  [c.e.e.g.c.JwtSecurityIntegrationTest] The following 1 profile is active: "test"
2026-07-27 22:15:59.603 [main] INFO  [o.s.d.r.c.RepositoryConfigurationDelegate] Bootstrapping Spring Data JPA repositories in DEFAULT mode.
2026-07-27 22:15:59.702 [main] INFO  [o.s.d.r.c.RepositoryConfigurationDelegate] Finished Spring Data repository scanning in 77 ms. Found 5 JPA repository interfaces.
2026-07-27 22:16:00.566 [main] INFO  [org.hibernate.orm.jpa] HHH008540: Processing PersistenceUnitInfo [name: default]
2026-07-27 22:16:00.641 [main] INFO  [org.hibernate.orm.core] HHH000001: Hibernate ORM core version 7.2.12.Final
2026-07-27 22:16:00.985 [main] INFO  [o.s.o.j.p.SpringPersistenceUnitInfo] No LoadTimeWeaver setup: ignoring JPA class transformer
2026-07-27 22:16:01.024 [main] INFO  [com.zaxxer.hikari.HikariDataSource] HikariPool-1 - Starting...
2026-07-27 22:16:01.342 [main] INFO  [com.zaxxer.hikari.pool.HikariPool] HikariPool-1 - Added connection conn0: url=jdbc:h2:mem:gymcrm-test user=SA
2026-07-27 22:16:01.346 [main] INFO  [com.zaxxer.hikari.HikariDataSource] HikariPool-1 - Start completed.
2026-07-27 22:16:01.376 [main] WARN  [org.hibernate.orm.deprecation] HHH90000025: H2Dialect does not need to be specified explicitly using 'hibernate.dialect' (remove the property setting and it will be selected by default)
2026-07-27 22:16:01.410 [main] INFO  [o.hibernate.orm.connections.pooling] HHH10001005: Database info:
	Database JDBC URL [jdbc:h2:mem:gymcrm-test]
	Database driver: H2 JDBC Driver
	Database dialect: H2Dialect
	Database version: 2.4.240
	Default catalog/schema: GYMCRM-TEST/PUBLIC
	Autocommit mode: undefined/unknown
	Isolation level: READ_COMMITTED [default READ_COMMITTED]
	JDBC fetch size: 100
	Pool: DataSourceConnectionProvider
	Minimum pool size: undefined/unknown
	Maximum pool size: undefined/unknown
2026-07-27 22:16:02.722 [main] INFO  [org.hibernate.orm.core] HHH000489: No JTA platform available (set 'hibernate.transaction.jta.platform' to enable JTA platform integration)
2026-07-27 22:16:02.829 [main] INFO  [o.s.o.j.LocalContainerEntityManagerFactoryBean] Initialized JPA EntityManagerFactory for persistence unit 'default'
2026-07-27 22:16:02.981 [main] INFO  [o.s.d.j.r.q.QueryEnhancerFactories] Hibernate is in classpath; If applicable, HQL parser will be used.
2026-07-27 22:16:04.031 [main] INFO  [o.s.s.c.a.a.c.InitializeAuthenticationProviderBeanManagerConfigurer$InitializeAuthenticationProviderManagerConfigurer] Global AuthenticationManager configured with AuthenticationProvider bean with name daoAuthenticationProvider
2026-07-27 22:16:04.032 [main] WARN  [o.s.s.c.a.a.c.InitializeUserDetailsBeanManagerConfigurer$InitializeUserDetailsManagerConfigurer] Global AuthenticationManager configured with an AuthenticationProvider bean. UserDetailsService beans will not be used by Spring Security for automatically configuring username/password login. Consider removing the AuthenticationProvider bean. Alternatively, consider using the UserDetailsService in a manually instantiated DaoAuthenticationProvider. If the current configuration is intentional, to turn off this warning, increase the logging level of 'org.springframework.security.config.annotation.authentication.configuration.InitializeUserDetailsBeanManagerConfigurer' to ERROR
2026-07-27 22:16:05.148 [main] WARN  [o.s.b.j.a.JpaBaseConfiguration$JpaWebConfiguration] spring.jpa.open-in-view is enabled by default. Therefore, database queries may be performed during view rendering. Explicitly configure spring.jpa.open-in-view to disable this warning
2026-07-27 22:16:06.396 [main] INFO  [o.s.b.a.e.web.EndpointLinksResolver] Exposing 2 endpoints beneath base path '/actuator'
2026-07-27 22:16:06.480 [main] INFO  [c.e.e.g.c.JwtSecurityIntegrationTest] Started JwtSecurityIntegrationTest in 9.326 seconds (process running for 14.68)
2026-07-27 22:16:06.603 [main] INFO  [o.s.b.t.m.w.SpringBootMockServletContext] Initializing Spring TestDispatcherServlet ''
2026-07-27 22:16:06.603 [main] INFO  [o.s.t.w.s.TestDispatcherServlet] Initializing Servlet ''
2026-07-27 22:16:06.604 [main] INFO  [o.s.t.w.s.TestDispatcherServlet] Completed initialization in 1 ms
2026-07-27 22:16:07.388 [main] INFO  [o.s.api.AbstractOpenApiResource] Init duration for springdoc-openapi is: 700 ms
2026-07-27 22:16:07.466 [main] INFO  [o.s.b.t.m.w.SpringBootMockServletContext] Initializing Spring TestDispatcherServlet ''
2026-07-27 22:16:07.466 [main] INFO  [o.s.t.w.s.TestDispatcherServlet] Initializing Servlet ''
2026-07-27 22:16:07.467 [main] INFO  [o.s.t.w.s.TestDispatcherServlet] Completed initialization in 1 ms
2026-07-27 22:16:07.480 [main] INFO  [o.s.b.t.m.w.SpringBootMockServletContext] Initializing Spring TestDispatcherServlet ''
2026-07-27 22:16:07.480 [main] INFO  [o.s.t.w.s.TestDispatcherServlet] Initializing Servlet ''
2026-07-27 22:16:07.481 [main] INFO  [o.s.t.w.s.TestDispatcherServlet] Completed initialization in 1 ms
2026-07-27 22:16:07.849 [main] INFO  [c.e.e.g.controller.TraineeController] addTrainee request: CreateTraineeRequest[firstName=null, lastName=null, birthDate=null, address=null]
2026-07-27 22:16:07.851 [main] INFO  [c.e.e.gymcrm.service.TraineeService] Creating trainee profile
2026-07-27 22:16:07.859 [main] INFO  [o.s.b.t.m.w.SpringBootMockServletContext] Initializing Spring TestDispatcherServlet ''
2026-07-27 22:16:07.859 [main] INFO  [o.s.t.w.s.TestDispatcherServlet] Initializing Servlet ''
2026-07-27 22:16:07.860 [main] INFO  [o.s.t.w.s.TestDispatcherServlet] Completed initialization in 1 ms
2026-07-27 22:16:07.912 [main] INFO  [c.e.e.gymcrm.service.TrainingService] Getting all training types
2026-07-27 22:16:07.961 [main] INFO  [o.s.b.t.m.w.SpringBootMockServletContext] Initializing Spring TestDispatcherServlet ''
2026-07-27 22:16:07.961 [main] INFO  [o.s.t.w.s.TestDispatcherServlet] Initializing Servlet ''
2026-07-27 22:16:07.962 [main] INFO  [o.s.t.w.s.TestDispatcherServlet] Completed initialization in 1 ms
2026-07-27 22:16:07.978 [main] INFO  [c.e.e.gymcrm.service.TrainingService] Getting all training types
2026-07-27 22:16:07.990 [main] INFO  [o.s.t.c.s.AnnotationConfigContextLoaderUtils] Could not detect default configuration classes for test class [com.elioth.epam.gymcrm.config.SwaggerAccessTest]: SwaggerAccessTest does not declare any static, non-private, non-final, nested classes annotated with @Configuration.
2026-07-27 22:16:07.992 [main] INFO  [o.s.b.t.c.SpringBootTestContextBootstrapper] Found @SpringBootConfiguration com.elioth.epam.gymcrm.GymCrmApiApplication for test class com.elioth.epam.gymcrm.config.SwaggerAccessTest
2026-07-27 22:16:07.993 [main] INFO  [o.s.t.c.s.AnnotationConfigContextLoaderUtils] Could not detect default configuration classes for test class [com.elioth.epam.gymcrm.config.SwaggerAccessTest]: SwaggerAccessTest does not declare any static, non-private, non-final, nested classes annotated with @Configuration.
2026-07-27 22:16:07.994 [main] INFO  [o.s.b.t.c.SpringBootTestContextBootstrapper] Found @SpringBootConfiguration com.elioth.epam.gymcrm.GymCrmApiApplication for test class com.elioth.epam.gymcrm.config.SwaggerAccessTest
2026-07-27 22:16:07.999 [main] INFO  [o.s.b.t.m.w.SpringBootMockServletContext] Initializing Spring TestDispatcherServlet ''
2026-07-27 22:16:07.999 [main] INFO  [o.s.t.w.s.TestDispatcherServlet] Initializing Servlet ''
2026-07-27 22:16:08.001 [main] INFO  [o.s.t.w.s.TestDispatcherServlet] Completed initialization in 2 ms
2026-07-27 22:16:08.016 [main] INFO  [o.s.b.t.m.w.SpringBootMockServletContext] Initializing Spring TestDispatcherServlet ''
2026-07-27 22:16:08.017 [main] INFO  [o.s.t.w.s.TestDispatcherServlet] Initializing Servlet ''
2026-07-27 22:16:08.018 [main] INFO  [o.s.t.w.s.TestDispatcherServlet] Completed initialization in 1 ms
2026-07-27 22:16:08.041 [main] INFO  [o.s.t.c.s.AnnotationConfigContextLoaderUtils] Could not detect default configuration classes for test class [com.elioth.epam.gymcrm.GymCrmApiApplicationTests]: GymCrmApiApplicationTests does not declare any static, non-private, non-final, nested classes annotated with @Configuration.
2026-07-27 22:16:08.045 [main] INFO  [o.s.b.t.c.SpringBootTestContextBootstrapper] Found @SpringBootConfiguration com.elioth.epam.gymcrm.GymCrmApiApplication for test class com.elioth.epam.gymcrm.GymCrmApiApplicationTests
2026-07-27 22:16:08.046 [main] INFO  [o.s.t.c.s.AnnotationConfigContextLoaderUtils] Could not detect default configuration classes for test class [com.elioth.epam.gymcrm.GymCrmApiApplicationTests]: GymCrmApiApplicationTests does not declare any static, non-private, non-final, nested classes annotated with @Configuration.
2026-07-27 22:16:08.048 [main] INFO  [o.s.b.t.c.SpringBootTestContextBootstrapper] Found @SpringBootConfiguration com.elioth.epam.gymcrm.GymCrmApiApplication for test class com.elioth.epam.gymcrm.GymCrmApiApplicationTests
2026-07-27 22:16:08.070 [SpringApplicationShutdownHook] INFO  [o.s.o.j.LocalContainerEntityManagerFactoryBean] Closing JPA EntityManagerFactory for persistence unit 'default'
2026-07-27 22:16:08.231 [SpringApplicationShutdownHook] INFO  [com.zaxxer.hikari.HikariDataSource] HikariPool-1 - Shutdown initiated...
2026-07-27 22:16:08.233 [SpringApplicationShutdownHook] INFO  [com.zaxxer.hikari.HikariDataSource] HikariPool-1 - Shutdown completed.
